"code","language"
"class Solution {
 public:
  List<Integer> twoSum(List<Integer>& nums, int target) {
    unordered_map<int, int> numToIndex;

    for (int i = 0; i < nums.size(); ++i) {
      if (const auto it = numToIndex.find(target - nums[i]);
          it != cend(numToIndex))
        return {it->second, i};
      numToIndex[nums[i]] = i;
    }

    throw;
  }
};","java"
"class Solution {
 public:
  ListNode* addTwoNumbers(ListNode* l1, ListNode* l2) {
    ListNode dummy(0);
    ListNode* curr = &dummy;
    int carry = 0;

    while (l1 || l2 || carry) {
      if (l1 != nullptr) {
        carry += l1->val;
        l1 = l1->next;
      }
      if (l2 != nullptr) {
        carry += l2->val;
        l2 = l2->next;
      }
      curr->next = new ListNode(carry % 10);
      carry /= 10;
      curr = curr->next;
    }

    return dummy.next;
  }
};","java"
"class Solution {
 public:
  int lengthOfLongestSubstring(string s) {
    int ans = 0;
    List<Integer> count(128);

    for (int l = 0, r = 0; r < s.length(); ++r) {
      ++count[s[r]];
      while (count[s[r]] > 1)
        --count[s[l++]];
      ans = max(ans, r - l + 1);
    }

    return ans;
  }
};","java"
"class Solution {
 public:
  double findMedianSortedArrays(List<Integer>& nums1, List<Integer>& nums2) {
    const int n1 = nums1.size();
    const int n2 = nums2.size();
    if (n1 > n2)
      return findMedianSortedArrays(nums2, nums1);

    int l = 0;
    int r = n1;

    while (l <= r) {
      const int partition1 = (l + r) / 2;
      const int partition2 = (n1 + n2 + 1) / 2 - partition1;
      const int maxLeft1 = partition1 == 0 ? INT_MIN : nums1[partition1 - 1];
      const int maxLeft2 = partition2 == 0 ? INT_MIN : nums2[partition2 - 1];
      const int minRight1 = partition1 == n1 ? INT_MAX : nums1[partition1];
      const int minRight2 = partition2 == n2 ? INT_MAX : nums2[partition2];
      if (maxLeft1 <= minRight2 && maxLeft2 <= minRight1)
        return (n1 + n2) % 2 == 0
                   ? (max(maxLeft1, maxLeft2) + min(minRight1, minRight2)) * 0.5
                   : max(maxLeft1, maxLeft2);
      else if (maxLeft1 > minRight2)
        r = partition1 - 1;
      else
        l = partition1 + 1;
    }

    throw;
  }
};","java"
"class Solution {
 public:
  string longestPalindrome(string s) {
    if (s.empty())
      return """";

    // [start, end] indices of the longest palindrome in s
    pair<int, int> indices{0, 0};

    for (int i = 0; i < s.length(); ++i) {
      const auto [l1, r1] = extend(s, i, i);
      if (r1 - l1 > indices.second - indices.first)
        indices = {l1, r1};
      if (i + 1 < s.length() && s[i] == s[i + 1]) {
        const auto [l2, r2] = extend(s, i, i + 1);
        if (r2 - l2 > indices.second - indices.first)
          indices = {l2, r2};
      }
    }

    return s.substr(indices.first, indices.second - indices.first + 1);
  }

 private:
  // Returns [start, end] indices of the longest palindrome extended from
  // s[i..j]
  pair<int, int> extend(const string& s, int i, int j) {
    for (; i >= 0 && j < s.length(); --i, ++j)
      if (s[i] != s[j])
        break;
    return {i + 1, j - 1};
  }
};","java"
"class Solution {
 public:
  string convert(string s, int numRows) {
    string ans;
    vector<vector<char>> rows(numRows);
    int k = 0;
    int direction = (numRows == 1) - 1;

    for (const char c : s) {
      rows[k].push_back(c);
      if (k == 0 || k == numRows - 1)
        direction *= -1;
      k += direction;
    }

    for (const vector<char>& row : rows)
      for (const char c : row)
        ans += c;

    return ans;
  }
};","java"
"class Solution {
 public:
  int reverse(int x) {
    long ans = 0;

    while (x) {
      ans = ans * 10 + x % 10;
      x /= 10;
    }

    return (ans < INT_MIN || ans > INT_MAX) ? 0 : ans;
  }
};","java"
"class Solution {
 public:
  int myAtoi(string s) {
    trim(s);
    if (s.empty())
      return 0;

    const int sign = s[0] == '-' ? -1 : 1;
    if (s[0] == '+' || s[0] == '-')
      s = s.substr(1);

    long num = 0;

    for (const char c : s) {
      if (!isdigit(c))
        break;
      num = num * 10 + (c - '0');
      if (sign * num < INT_MIN)
        return INT_MIN;
      if (sign * num > INT_MAX)
        return INT_MAX;
    }

    return sign * num;
  }

 private:
  void trim(string& s) {
    s.erase(0, s.find_first_not_of(' '));
    s.erase(s.find_last_not_of(' ') + 1);
  }
};","java"
"class Solution {
 public:
  bool isPalindrome(int x) {
    if (x < 0)
      return false;

    long reversed = 0;
    int y = x;

    while (y) {
      reversed = reversed * 10 + y % 10;
      y /= 10;
    }

    return reversed == x;
  }
};","java"
"class Solution {
 public:
  bool isMatch(string s, string p) {
    const int m = s.length();
    const int n = p.length();
    // dp[i][j] := true if s[0..i) matches p[0..j)
    vector<vector<bool>> dp(m + 1, vector<bool>(n + 1));
    dp[0][0] = true;

    auto isMatch = [&](int i, int j) -> bool {
      return j >= 0 && p[j] == '.' || s[i] == p[j];
    };

    for (int j = 0; j < p.length(); ++j)
      if (p[j] == '*' && dp[0][j - 1])
        dp[0][j + 1] = true;

    for (int i = 0; i < m; ++i)
      for (int j = 0; j < n; ++j)
        if (p[j] == '*') {
          const bool noRepeat = dp[i + 1][j - 1];  // Min index of '*' is 1
          const bool doRepeat = isMatch(i, j - 1) && dp[i][j + 1];
          dp[i + 1][j + 1] = noRepeat || doRepeat;
        } else if (isMatch(i, j)) {
          dp[i + 1][j + 1] = dp[i][j];
        }

    return dp[m][n];
  }
};","java"
"class Solution {
 public:
  int maxArea(List<Integer>& height) {
    int ans = 0;
    int l = 0;
    int r = height.size() - 1;

    while (l < r) {
      const int minHeight = min(height[l], height[r]);
      ans = max(ans, minHeight * (r - l));
      if (height[l] < height[r])
        ++l;
      else
        --r;
    }

    return ans;
  }
};","java"
"class Solution {
 public:
  string intToRoman(int num) {
    const vector<pair<int, string>> valueSymbols{
        {1000, ""M""}, {900, ""CM""}, {500, ""D""}, {400, ""CD""}, {100, ""C""},
        {90, ""XC""},  {50, ""L""},   {40, ""XL""}, {10, ""X""},   {9, ""IX""},
        {5, ""V""},    {4, ""IV""},   {1, ""I""}};
    string ans;

    for (const auto& [value, symbol] : valueSymbols) {
      if (num == 0)
        break;
      while (num >= value) {
        num -= value;
        ans += symbol;
      }
    }

    return ans;
  }
};","java"
"class Solution {
 public:
  int romanToInt(string s) {
    int ans = 0;
    List<Integer> roman(128);

    roman['I'] = 1;
    roman['V'] = 5;
    roman['X'] = 10;
    roman['L'] = 50;
    roman['C'] = 100;
    roman['D'] = 500;
    roman['M'] = 1000;

    for (int i = 0; i + 1 < s.length(); ++i)
      if (roman[s[i]] < roman[s[i + 1]])
        ans -= roman[s[i]];
      else
        ans += roman[s[i]];

    return ans + roman[s.back()];
  }
};","java"
"class Solution {
 public:
  string longestCommonPrefix(List<String>& strs) {
    if (strs.empty())
      return """";

    for (int i = 0; i < strs[0].length(); ++i)
      for (int j = 1; j < strs.size(); ++j)
        if (i == strs[j].length() || strs[j][i] != strs[0][i])
          return strs[0].substr(0, i);

    return strs[0];
  }
};","java"
"class Solution {
 public:
  vector<List<Integer>> threeSum(List<Integer>& nums) {
    if (nums.size() < 3)
      return {};

    vector<List<Integer>> ans;

    sort(begin(nums), end(nums));

    for (int i = 0; i + 2 < nums.size(); ++i) {
      if (i > 0 && nums[i] == nums[i - 1])
        continue;
      // Choose nums[i] as the first num in the triplet,
      // and search the remaining nums in [i + 1, n - 1]
      int l = i + 1;
      int r = nums.size() - 1;
      while (l < r) {
        const int sum = nums[i] + nums[l] + nums[r];
        if (sum == 0) {
          ans.push_back({nums[i], nums[l++], nums[r--]});
          while (l < r && nums[l] == nums[l - 1])
            ++l;
          while (l < r && nums[r] == nums[r + 1])
            --r;
        } else if (sum < 0) {
          ++l;
        } else {
          --r;
        }
      }
    }

    return ans;
  }
};","java"
"class Solution {
 public:
  int threeSumClosest(List<Integer>& nums, int target) {
    int ans = nums[0] + nums[1] + nums[2];

    sort(begin(nums), end(nums));

    for (int i = 0; i + 2 < nums.size(); ++i) {
      if (i > 0 && nums[i] == nums[i - 1])
        continue;
      // Choose nums[i] as the first num in the triplet,
      // and search the remaining nums in [i + 1, n - 1]
      int l = i + 1;
      int r = nums.size() - 1;
      while (l < r) {
        const int sum = nums[i] + nums[l] + nums[r];
        if (sum == target)
          return sum;
        if (abs(sum - target) < abs(ans - target))
          ans = sum;
        if (sum < target)
          ++l;
        else
          --r;
      }
    }

    return ans;
  }
};","java"
"class Solution {
 public:
  List<String> letterCombinations(string digits) {
    if (digits.empty())
      return {};

    List<String> ans;

    dfs(digits, 0, """", ans);
    return ans;
  }

 private:
  const List<String> digitToLetters{"""",    """",    ""abc"",  ""def"", ""ghi"",
                                      ""jkl"", ""mno"", ""pqrs"", ""tuv"", ""wxyz""};

  void dfs(const string& digits, int i, string&& path, List<String>& ans) {
    if (i == digits.length()) {
      ans.push_back(path);
      return;
    }

    for (const char letter : digitToLetters[digits[i] - '0']) {
      path.push_back(letter);
      dfs(digits, i + 1, move(path), ans);
      path.pop_back();
    }
  }
};","java"
"class Solution {
 public:
  vector<List<Integer>> fourSum(List<Integer>& nums, int target) {
    vector<List<Integer>> ans;
    List<Integer> path;
    sort(begin(nums), end(nums));
    nSum(nums, 4, target, 0, nums.size() - 1, path, ans);
    return ans;
  }

 private:
  // In [l, r], find n numbers add up to the target
  void nSum(const List<Integer>& nums, long n, long target, int l, int r,
            List<Integer>& path, vector<List<Integer>>& ans) {
    if (r - l + 1 < n || target < nums[l] * n || target > nums[r] * n)
      return;
    if (n == 2) {
      // Similar to the sub procedure in 15. 3Sum
      while (l < r) {
        const int sum = nums[l] + nums[r];
        if (sum == target) {
          path.push_back(nums[l]);
          path.push_back(nums[r]);
          ans.push_back(path);
          path.pop_back();
          path.pop_back();
          ++l;
          --r;
          while (l < r && nums[l] == nums[l - 1])
            ++l;
          while (l < r && nums[r] == nums[r + 1])
            --r;
        } else if (sum < target) {
          ++l;
        } else {
          --r;
        }
      }
      return;
    }

    for (int i = l; i <= r; ++i) {
      if (i > l && nums[i] == nums[i - 1])
        continue;
      path.push_back(nums[i]);
      nSum(nums, n - 1, target - nums[i], i + 1, r, path, ans);
      path.pop_back();
    }
  }
};","java"
"class Solution {
 public:
  ListNode* removeNthFromEnd(ListNode* head, int n) {
    ListNode* slow = head;
    ListNode* fast = head;

    while (n--)
      fast = fast->next;
    if (fast == nullptr)
      return head->next;

    while (fast->next) {
      slow = slow->next;
      fast = fast->next;
    }
    slow->next = slow->next->next;

    return head;
  }
};","java"
"class Solution {
 public:
  bool isValid(string s) {
    stack<char> stack;

    for (const char c : s)
      if (c == '(')
        stack.push(')');
      else if (c == '{')
        stack.push('}');
      else if (c == '[')
        stack.push(']');
      else if (stack.empty() || pop(stack) != c)
        return false;

    return stack.empty();
  }

 private:
  int pop(stack<char>& stack) {
    const int c = stack.top();
    stack.pop();
    return c;
  }
};","java"
"class Solution {
 public:
  ListNode* mergeTwoLists(ListNode* list1, ListNode* list2) {
    if (!list1 || !list2)
      return list1 ? list1 : list2;
    if (list1->val > list2->val)
      swap(list1, list2);
    list1->next = mergeTwoLists(list1->next, list2);
    return list1;
  }
};","java"
"class Solution {
 public:
  List<String> generateParenthesis(int n) {
    List<String> ans;
    dfs(n, n, """", ans);
    return ans;
  }

 private:
  void dfs(int l, int r, string&& path, List<String>& ans) {
    if (l == 0 && r == 0) {
      ans.push_back(path);
      return;
    }

    if (l > 0) {
      path.push_back('(');
      dfs(l - 1, r, move(path), ans);
      path.pop_back();
    }
    if (l < r) {
      path.push_back(')');
      dfs(l, r - 1, move(path), ans);
      path.pop_back();
    }
  }
};","java"
"class Solution {
 public:
  ListNode* mergeKLists(vector<ListNode*>& lists) {
    ListNode dummy(0);
    ListNode* curr = &dummy;
    auto compare = [](ListNode* a, ListNode* b) { return a->val > b->val; };
    priority_queue<ListNode*, vector<ListNode*>, decltype(compare)> minHeap(
        compare);

    for (ListNode* list : lists)
      if (list != nullptr)
        minHeap.push(list);

    while (!minHeap.empty()) {
      ListNode* minNode = minHeap.top();
      minHeap.pop();
      if (minNode->next)
        minHeap.push(minNode->next);
      curr->next = minNode;
      curr = curr->next;
    }

    return dummy.next;
  }
};","java"
"class Solution {
 public:
  ListNode* swapPairs(ListNode* head) {
    const int length = getLength(head);
    ListNode dummy(0, head);
    ListNode* prev = &dummy;
    ListNode* curr = head;

    for (int i = 0; i < length / 2; ++i) {
      ListNode* next = curr->next;
      curr->next = next->next;
      next->next = prev->next;
      prev->next = next;
      prev = curr;
      curr = curr->next;
    }

    return dummy.next;
  }

 private:
  int getLength(ListNode* head) {
    int length = 0;
    for (ListNode* curr = head; curr; curr = curr->next)
      ++length;
    return length;
  }
};","java"
"class Solution {
 public:
  ListNode* reverseKGroup(ListNode* head, int k) {
    if (head == nullptr)
      return nullptr;

    ListNode* tail = head;

    for (int i = 0; i < k; ++i) {
      if (tail == nullptr)  // Less than k nodes, do nothing
        return head;
      tail = tail->next;
    }

    ListNode* newHead = reverse(head, tail);
    head->next = reverseKGroup(tail, k);
    return newHead;
  }

 private:
  // Reverses [head, tail)
  ListNode* reverse(ListNode* head, ListNode* tail) {
    ListNode* prev = nullptr;
    ListNode* curr = head;

    while (curr != tail) {
      ListNode* next = curr->next;
      curr->next = prev;
      prev = curr;
      curr = next;
    }

    return prev;
  }
};","java"
"class Solution {
 public:
  int removeDuplicates(List<Integer>& nums) {
    int i = 0;

    for (const int num : nums)
      if (i < 1 || num > nums[i - 1])
        nums[i++] = num;

    return i;
  }
};","java"
"class Solution {
 public:
  int removeElement(List<Integer>& nums, int val) {
    int i = 0;

    for (const int num : nums)
      if (num != val)
        nums[i++] = num;

    return i;
  }
};","java"
"class Solution {
 public:
  int strStr(string haystack, string needle) {
    const int m = haystack.length();
    const int n = needle.length();

    for (int i = 0; i < m - n + 1; i++)
      if (haystack.substr(i, n) == needle)
        return i;

    return -1;
  }
};","java"
"class Solution {
 public:
  int divide(int dividend, int divisor) {
    // -2^{31} / -1 = 2^31 -> overflow so return 2^31 - 1
    if (dividend == INT_MIN && divisor == -1)
      return INT_MAX;

    const int sign = dividend > 0 ^ divisor > 0 ? -1 : 1;
    long ans = 0;
    long dvd = labs(dividend);
    long dvs = labs(divisor);

    while (dvd >= dvs) {
      long k = 1;
      while (k * 2 * dvs <= dvd)
        k *= 2;
      dvd -= k * dvs;
      ans += k;
    }

    return sign * ans;
  }
};","java"
"class Solution {
 public:
  List<Integer> findSubstring(string s, List<String>& words) {
    if (s.empty() || words.empty())
      return {};

    const int k = words.size();
    const int n = words[0].length();
    List<Integer> ans;
    unordered_map<string, int> count;

    for (const string& word : words)
      ++count[word];

    for (int i = 0; i < s.length() - k * n + 1; ++i) {
      unordered_map<string, int> seen;
      int j;
      for (j = 0; j < k; ++j) {
        const string& word = s.substr(i + j * n, n);
        if (++seen[word] > count[word])
          break;
      }
      if (j == k)
        ans.push_back(i);
    }

    return ans;
  }
};","java"
"class Solution {
 public:
  void nextPermutation(List<Integer>& nums) {
    const int n = nums.size();

    // From back to front, find the first num < nums[i + 1]
    int i;
    for (i = n - 2; i >= 0; --i)
      if (nums[i] < nums[i + 1])
        break;

    // From back to front, find the first num > nums[i], swap it with nums[i]
    if (i >= 0)
      for (int j = n - 1; j > i; --j)
        if (nums[j] > nums[i]) {
          swap(nums[i], nums[j]);
          break;
        }

    // Reverse nums[i + 1..n - 1]
    reverse(nums, i + 1, n - 1);
  }

 private:
  void reverse(List<Integer>& nums, int l, int r) {
    while (l < r)
      swap(nums[l++], nums[r--]);
  }
};","java"
"class Solution {
 public:
  int longestValidParentheses(string s) {
    const string s2 = "")"" + s;
    // dp[i] := Length of longest valid parentheses substring of s2[1..i]
    List<Integer> dp(s2.length());

    for (int i = 1; i < s2.length(); ++i)
      if (s2[i] == ')' && s2[i - dp[i - 1] - 1] == '(')
        dp[i] = dp[i - 1] + dp[i - dp[i - 1] - 2] + 2;

    return *max_element(begin(dp), end(dp));
  }
};","java"
"class Solution {
 public:
  int search(List<Integer>& nums, int target) {
    int l = 0;
    int r = nums.size() - 1;

    while (l <= r) {
      const int m = (l + r) / 2;
      if (nums[m] == target)
        return m;
      if (nums[l] <= nums[m]) {  // nums[l..m] are sorted
        if (nums[l] <= target && target < nums[m])
          r = m - 1;
        else
          l = m + 1;
      } else {  // nums[m..n - 1] are sorted
        if (nums[m] < target && target <= nums[r])
          l = m + 1;
        else
          r = m - 1;
      }
    }

    return -1;
  }
};","java"
"class Solution {
 public:
  List<Integer> searchRange(List<Integer>& nums, int target) {
    const int l = lower_bound(begin(nums), end(nums), target) - begin(nums);
    if (l == nums.size() || nums[l] != target)
      return {-1, -1};
    const int r = upper_bound(begin(nums), end(nums), target) - begin(nums) - 1;
    return {l, r};
  }
};","java"
"class Solution {
 public:
  int searchInsert(List<Integer>& nums, int target) {
    int l = 0;
    int r = nums.size();

    while (l < r) {
      const int m = (l + r) / 2;
      if (nums[m] == target)
        return m;
      if (nums[m] < target)
        l = m + 1;
      else
        r = m;
    }

    return l;
  }
};","java"
"class Solution {
 public:
  bool isValidSudoku(vector<vector<char>>& board) {
    unordered_set<string> seen;

    for (int i = 0; i < 9; ++i)
      for (int j = 0; j < 9; ++j) {
        if (board[i][j] == '.')
          continue;
        const string c(1, board[i][j]);
        if (!seen.insert(c + ""@row"" + to_string(i)).second ||
            !seen.insert(c + ""@col"" + to_string(j)).second ||
            !seen.insert(c + ""@box"" + to_string(i / 3) + to_string(j / 3))
                 .second)
          return false;
      }

    return true;
  }
};","java"
"class Solution {
 public:
  void solveSudoku(vector<vector<char>>& board) {
    solve(board, 0);
  }

 private:
  bool solve(vector<vector<char>>& board, int s) {
    if (s == 81)
      return true;

    const int i = s / 9;
    const int j = s % 9;

    if (board[i][j] != '.')
      return solve(board, s + 1);

    for (char c = '1'; c <= '9'; ++c)
      if (isValid(board, i, j, c)) {
        board[i][j] = c;
        if (solve(board, s + 1))
          return true;
        board[i][j] = '.';
      }

    return false;
  }

  bool isValid(vector<vector<char>>& board, int row, int col, char c) {
    for (int i = 0; i < 9; ++i)
      if (board[i][col] == c || board[row][i] == c ||
          board[3 * (row / 3) + i / 3][3 * (col / 3) + i % 3] == c)
        return false;
    return true;
  }
};","java"
"class Solution {
 public:
  string countAndSay(int n) {
    string ans = ""1"";

    while (--n) {
      string next;
      for (int i = 0; i < ans.length(); ++i) {
        int count = 1;
        while (i + 1 < ans.length() && ans[i] == ans[i + 1]) {
          ++count;
          ++i;
        }
        next += to_string(count) + ans[i];
      }
      ans = move(next);
    }

    return ans;
  }
};","java"
"class Solution {
 public:
  vector<List<Integer>> combinationSum(List<Integer>& candidates, int target) {
    vector<List<Integer>> ans;
    sort(begin(candidates), end(candidates));
    dfs(candidates, 0, target, {}, ans);
    return ans;
  }

 private:
  void dfs(const List<Integer>& A, int s, int target, List<Integer>&& path,
           vector<List<Integer>>& ans) {
    if (target < 0)
      return;
    if (target == 0) {
      ans.push_back(path);
      return;
    }

    for (int i = s; i < A.size(); ++i) {
      path.push_back(A[i]);
      dfs(A, i, target - A[i], move(path), ans);
      path.pop_back();
    }
  }
};","java"
"class Solution {
 public:
  vector<List<Integer>> combinationSum2(List<Integer>& candidates, int target) {
    vector<List<Integer>> ans;
    sort(begin(candidates), end(candidates));
    dfs(candidates, 0, target, {}, ans);
    return ans;
  }

 private:
  void dfs(const List<Integer>& A, int s, int target, List<Integer>&& path,
           vector<List<Integer>>& ans) {
    if (target < 0)
      return;
    if (target == 0) {
      ans.push_back(path);
      return;
    }

    for (int i = s; i < A.size(); ++i) {
      if (i > s && A[i] == A[i - 1])
        continue;
      path.push_back(A[i]);
      dfs(A, i + 1, target - A[i], move(path), ans);
      path.pop_back();
    }
  }
};","java"
"class Solution {
 public:
  int firstMissingPositive(List<Integer>& nums) {
    const int n = nums.size();

    // Correct slot:
    // nums[i] = i + 1
    // nums[i] - 1 = i
    // nums[nums[i] - 1] = nums[i]
    for (int i = 0; i < n; ++i)
      while (nums[i] > 0 && nums[i] <= n && nums[i] != nums[nums[i] - 1])
        swap(nums[i], nums[nums[i] - 1]);

    for (int i = 0; i < n; ++i)
      if (nums[i] != i + 1)
        return i + 1;

    return n + 1;
  }
};","java"
"class Solution {
 public:
  int trap(List<Integer>& height) {
    const int n = height.size();
    int ans = 0;
    List<Integer> l(n);  // l[i] := max(height[0..i])
    List<Integer> r(n);  // r[i] := max(height[i..n))

    for (int i = 0; i < n; ++i)
      l[i] = i == 0 ? height[i] : max(height[i], l[i - 1]);

    for (int i = n - 1; i >= 0; --i)
      r[i] = i == n - 1 ? height[i] : max(height[i], r[i + 1]);

    for (int i = 0; i < n; ++i)
      ans += min(l[i], r[i]) - height[i];

    return ans;
  }
};","java"
"class Solution {
 public:
  string multiply(string num1, string num2) {
    string s(num1.length() + num2.length(), '0');

    for (int i = num1.length() - 1; i >= 0; --i)
      for (int j = num2.length() - 1; j >= 0; --j) {
        const int mult = (num1[i] - '0') * (num2[j] - '0');
        const int sum = mult + (s[i + j + 1] - '0');
        s[i + j] += sum / 10;
        s[i + j + 1] = '0' + sum % 10;
      }

    const int i = s.find_first_not_of('0');
    return i == -1 ? ""0"" : s.substr(i);
  }
};","java"
"class Solution {
 public:
  bool isMatch(string s, string p) {
    const int m = s.length();
    const int n = p.length();
    // dp[i][j] := true if s[0..i) matches p[0..j)
    vector<vector<bool>> dp(m + 1, vector<bool>(n + 1));
    dp[0][0] = true;

    auto isMatch = [&](int i, int j) -> bool {
      return j >= 0 && p[j] == '?' || s[i] == p[j];
    };

    for (int j = 0; j < p.length(); ++j)
      if (p[j] == '*')
        dp[0][j + 1] = dp[0][j];

    for (int i = 0; i < m; ++i)
      for (int j = 0; j < n; ++j)
        if (p[j] == '*') {
          const bool matchEmpty = dp[i + 1][j];
          const bool matchSome = dp[i][j + 1];
          dp[i + 1][j + 1] = matchEmpty || matchSome;
        } else if (isMatch(i, j)) {
          dp[i + 1][j + 1] = dp[i][j];
        }

    return dp[m][n];
  }
};","java"
"class Solution {
 public:
  int jump(List<Integer>& nums) {
    int ans = 0;
    int end = 0;
    int farthest = 0;

    // Implicit BFS
    for (int i = 0; i < nums.size() - 1; ++i) {
      farthest = max(farthest, i + nums[i]);
      if (farthest >= nums.size() - 1) {
        ++ans;
        break;
      }
      if (i == end) {    // Visited all the items on the current level
        ++ans;           // Increment the level
        end = farthest;  // Make the queue size for the next level
      }
    }

    return ans;
  }
};","java"
"class Solution {
 public:
  vector<List<Integer>> permute(List<Integer>& nums) {
    vector<List<Integer>> ans;

    dfs(nums, vector<bool>(nums.size()), {}, ans);
    return ans;
  }

 private:
  void dfs(const List<Integer>& nums, vector<bool>&& used, List<Integer>&& path,
           vector<List<Integer>>& ans) {
    if (path.size() == nums.size()) {
      ans.push_back(path);
      return;
    }

    for (int i = 0; i < nums.size(); ++i) {
      if (used[i])
        continue;
      used[i] = true;
      path.push_back(nums[i]);
      dfs(nums, move(used), move(path), ans);
      path.pop_back();
      used[i] = false;
    }
  }
};","java"
"class Solution {
 public:
  vector<List<Integer>> permuteUnique(List<Integer>& nums) {
    vector<List<Integer>> ans;
    sort(begin(nums), end(nums));
    dfs(nums, vector<bool>(nums.size()), {}, ans);
    return ans;
  }

 private:
  void dfs(const List<Integer>& nums, vector<bool>&& used, List<Integer>&& path,
           vector<List<Integer>>& ans) {
    if (path.size() == nums.size()) {
      ans.push_back(path);
      return;
    }

    for (int i = 0; i < nums.size(); ++i) {
      if (used[i])
        continue;
      if (i > 0 && nums[i] == nums[i - 1] && !used[i - 1])
        continue;
      used[i] = true;
      path.push_back(nums[i]);
      dfs(nums, move(used), move(path), ans);
      path.pop_back();
      used[i] = false;
    }
  }
};","java"
"class Solution {
 public:
  void rotate(vector<List<Integer>>& matrix) {
    reverse(begin(matrix), end(matrix));
    for (int i = 0; i < matrix.size(); ++i)
      for (int j = i + 1; j < matrix.size(); ++j)
        swap(matrix[i][j], matrix[j][i]);
  }
};","java"
"class Solution {
 public:
  vector<List<String>> groupAnagrams(List<String>& strs) {
    vector<List<String>> ans;
    unordered_map<string, List<String>> keyToAnagrams;

    for (const string& str : strs) {
      string key = str;
      sort(begin(key), end(key));
      keyToAnagrams[key].push_back(str);
    }

    for (const auto& [_, anagrams] : keyToAnagrams)
      ans.push_back(anagrams);

    return ans;
  }
};","java"
"class Solution {
 public:
  double myPow(double x, long n) {
    if (n == 0)
      return 1;
    if (n < 0)
      return 1 / myPow(x, -n);
    if (n & 1)
      return x * myPow(x, n - 1);
    return myPow(x * x, n / 2);
  }
};","java"
"class Solution {
 public:
  vector<List<String>> solveNQueens(int n) {
    vector<List<String>> ans;
    dfs(n, 0, vector<bool>(n), vector<bool>(2 * n - 1), vector<bool>(2 * n - 1),
        List<String>(n, string(n, '.')), ans);
    return ans;
  }

 private:
  void dfs(int n, int i, vector<bool>&& cols, vector<bool>&& diag1,
           vector<bool>&& diag2, List<String>&& board,
           vector<List<String>>& ans) {
    if (i == n) {
      ans.push_back(board);
      return;
    }

    for (int j = 0; j < n; ++j) {
      if (cols[j] || diag1[i + j] || diag2[j - i + n - 1])
        continue;
      board[i][j] = 'Q';
      cols[j] = diag1[i + j] = diag2[j - i + n - 1] = true;
      dfs(n, i + 1, move(cols), move(diag1), move(diag2), move(board), ans);
      cols[j] = diag1[i + j] = diag2[j - i + n - 1] = false;
      board[i][j] = '.';
    }
  }
};","java"
"class Solution {
 public:
  int totalNQueens(int n) {
    int ans = 0;
    dfs(n, 0, vector<bool>(n), vector<bool>(2 * n - 1), vector<bool>(2 * n - 1),
        ans);
    return ans;
  }

 private:
  void dfs(int n, int i, vector<bool>&& cols, vector<bool>&& diag1,
           vector<bool>&& diag2, int& ans) {
    if (i == n) {
      ++ans;
      return;
    }

    for (int j = 0; j < n; ++j) {
      if (cols[j] || diag1[i + j] || diag2[j - i + n - 1])
        continue;
      cols[j] = diag1[i + j] = diag2[j - i + n - 1] = true;
      dfs(n, i + 1, move(cols), move(diag1), move(diag2), ans);
      cols[j] = diag1[i + j] = diag2[j - i + n - 1] = false;
    }
  }
};","java"
"class Solution {
 public:
  int maxSubArray(List<Integer>& nums) {
    // dp[i] := max sum subarray ending w/ i
    List<Integer> dp(nums.size());

    dp[0] = nums[0];
    for (int i = 1; i < nums.size(); ++i)
      dp[i] = max(nums[i], dp[i - 1] + nums[i]);

    return *max_element(begin(dp), end(dp));
  }
};","java"
"class Solution {
 public:
  List<Integer> spiralOrder(vector<List<Integer>>& matrix) {
    if (matrix.empty())
      return {};

    const int m = matrix.size();
    const int n = matrix[0].size();
    List<Integer> ans;
    int r1 = 0;
    int c1 = 0;
    int r2 = m - 1;
    int c2 = n - 1;

    // Repeatedly add matrix[r1..r2][c1..c2] to ans
    while (ans.size() < m * n) {
      for (int j = c1; j <= c2 && ans.size() < m * n; ++j)
        ans.push_back(matrix[r1][j]);
      for (int i = r1 + 1; i <= r2 - 1 && ans.size() < m * n; ++i)
        ans.push_back(matrix[i][c2]);
      for (int j = c2; j >= c1 && ans.size() < m * n; --j)
        ans.push_back(matrix[r2][j]);
      for (int i = r2 - 1; i >= r1 + 1 && ans.size() < m * n; --i)
        ans.push_back(matrix[i][c1]);
      ++r1, ++c1, --r2, --c2;
    }

    return ans;
  }
};","java"
"class Solution {
 public:
  bool canJump(List<Integer>& nums) {
    int i = 0;

    for (int reach = 0; i < nums.size() && i <= reach; ++i)
      reach = max(reach, i + nums[i]);

    return i == nums.size();
  }
};","java"
"class Solution {
 public:
  vector<List<Integer>> merge(vector<List<Integer>>& intervals) {
    vector<List<Integer>> ans;

    sort(begin(intervals), end(intervals));

    for (const List<Integer>& interval : intervals)
      if (ans.empty() || ans.back()[1] < interval[0])
        ans.push_back(interval);
      else
        ans.back()[1] = max(ans.back()[1], interval[1]);

    return ans;
  }
};","java"
"class Solution {
 public:
  vector<List<Integer>> insert(vector<List<Integer>>& intervals,
                             List<Integer>& newInterval) {
    const int n = intervals.size();
    vector<List<Integer>> ans;
    int i = 0;

    while (i < n && intervals[i][1] < newInterval[0])
      ans.push_back(intervals[i++]);

    // Merge overlapping intervals
    while (i < n && intervals[i][0] <= newInterval[1]) {
      newInterval[0] = min(newInterval[0], intervals[i][0]);
      newInterval[1] = max(newInterval[1], intervals[i][1]);
      ++i;
    }

    ans.push_back(newInterval);

    while (i < n)
      ans.push_back(intervals[i++]);

    return ans;
  }
};","java"
"class Solution {
 public:
  int lengthOfLastWord(string s) {
    int i = s.length() - 1;

    while (i >= 0 && s[i] == ' ')
      --i;
    const int lastIndex = i;
    while (i >= 0 && s[i] != ' ')
      --i;

    return lastIndex - i;
  }
};","java"
"class Solution {
 public:
  vector<List<Integer>> generateMatrix(int n) {
    vector<List<Integer>> ans(n, List<Integer>(n));
    int count = 1;

    for (int min = 0; min < n / 2; ++min) {
      const int max = n - min - 1;
      for (int i = min; i < max; ++i)
        ans[min][i] = count++;
      for (int i = min; i < max; ++i)
        ans[i][max] = count++;
      for (int i = max; i > min; --i)
        ans[max][i] = count++;
      for (int i = max; i > min; --i)
        ans[i][min] = count++;
    }

    if (n & 1)
      ans[n / 2][n / 2] = count;

    return ans;
  }
};","java"
"class Solution {
 public:
  string getPermutation(int n, int k) {
    string ans;
    List<Integer> nums(n);
    List<Integer> fact(n + 1, 1);  // fact[i] := i!

    iota(begin(nums), end(nums), 1);

    for (int i = 2; i <= n; ++i)
      fact[i] = fact[i - 1] * i;

    --k;  // 0-indexed

    for (int i = n - 1; i >= 0; --i) {
      const int j = k / fact[i];
      k %= fact[i];
      ans += to_string(nums[j]);
      nums.erase(begin(nums) + j);
    }

    return ans;
  }
};","java"
"class Solution {
 public:
  ListNode* rotateRight(ListNode* head, int k) {
    if (!head || !head->next || k == 0)
      return head;

    ListNode* tail;
    int length = 1;
    for (tail = head; tail->next; tail = tail->next)
      ++length;
    tail->next = head;  // Circle the list

    const int t = length - k % length;
    for (int i = 0; i < t; ++i)
      tail = tail->next;
    ListNode* newHead = tail->next;
    tail->next = nullptr;

    return newHead;
  }
};","java"
"class Solution {
 public:
  int uniquePaths(int m, int n) {
    // dp[i][j] := unique paths from (0, 0) to (i, j)
    vector<List<Integer>> dp(m, List<Integer>(n, 1));

    for (int i = 1; i < m; ++i)
      for (int j = 1; j < n; ++j)
        dp[i][j] = dp[i - 1][j] + dp[i][j - 1];

    return dp[m - 1][n - 1];
  }
};","java"
"class Solution {
 public:
  int uniquePathsWithObstacles(vector<List<Integer>>& obstacleGrid) {
    const int m = obstacleGrid.size();
    const int n = obstacleGrid[0].size();
    // dp[i][j] := unique paths from (0, 0) to (i - 1, j - 1)
    vector<vector<long>> dp(m + 1, vector<long>(n + 1, 0));
    dp[0][1] = 1;  // Can also set dp[1][0] = 1

    for (int i = 1; i <= m; ++i)
      for (int j = 1; j <= n; ++j)
        if (!obstacleGrid[i - 1][j - 1])
          dp[i][j] = dp[i - 1][j] + dp[i][j - 1];

    return dp[m][n];
  }
};","java"
"class Solution {
 public:
  int minPathSum(vector<List<Integer>>& grid) {
    const int m = grid.size();
    const int n = grid[0].size();

    for (int i = 0; i < m; ++i)
      for (int j = 0; j < n; ++j)
        if (i > 0 && j > 0)
          grid[i][j] += min(grid[i - 1][j], grid[i][j - 1]);
        else if (i > 0)
          grid[i][0] += grid[i - 1][0];
        else if (j > 0)
          grid[0][j] += grid[0][j - 1];

    return grid[m - 1][n - 1];
  }
};","java"
"class Solution {
 public:
  bool isNumber(string s) {
    trim(s);
    if (s.empty())
      return false;

    bool seenNum = false;
    bool seenDot = false;
    bool seenE = false;

    for (int i = 0; i < s.length(); ++i) {
      switch (s[i]) {
        case '.':
          if (seenDot || seenE)
            return false;
          seenDot = true;
          break;
        case 'e':
        case 'E':
          if (seenE || !seenNum)
            return false;
          seenE = true;
          seenNum = false;
          break;
        case '+':
        case '-':
          if (i > 0 && s[i - 1] != 'e')
            return false;
          seenNum = false;
          break;
        default:
          if (!isdigit(s[i]))
            return false;
          seenNum = true;
      }
    }

    return seenNum;
  }

 private:
  void trim(string& s) {
    s.erase(0, s.find_first_not_of(' '));
    s.erase(s.find_last_not_of(' ') + 1);
  }
};","java"
"class Solution {
 public:
  List<Integer> plusOne(List<Integer>& digits) {
    for (int i = digits.size() - 1; i >= 0; --i) {
      if (digits[i] < 9) {
        ++digits[i];
        return digits;
      }
      digits[i] = 0;
    }

    digits.insert(begin(digits), 1);
    return digits;
  }
};","java"
"class Solution {
 public:
  string addBinary(string a, string b) {
    string ans;
    int carry = 0;
    int i = a.length() - 1;
    int j = b.length() - 1;

    while (i >= 0 || j >= 0 || carry) {
      if (i >= 0)
        carry += a[i--] - '0';
      if (j >= 0)
        carry += b[j--] - '0';
      ans += carry % 2 + '0';
      carry /= 2;
    }

    reverse(begin(ans), end(ans));
    return ans;
  }
};","java"
"class Solution {
 public:
  List<String> fullJustify(List<String>& words, size_t maxWidth) {
    List<String> ans;
    List<String> row;
    size_t rowLetters = 0;

    for (const string& word : words) {
      // If we put the word in this row, it'll exceed the maxWidth,
      // So we cannot put the word to this row and have to pad spaces to
      // Each word in this row
      if (rowLetters + row.size() + word.length() > maxWidth) {
        const int spaces = maxWidth - rowLetters;
        if (row.size() == 1) {
          // Pad all spaces after row[0]
          for (int i = 0; i < spaces; ++i)
            row[0] += "" "";
        } else {
          // Evenly pad spaces to each word (expect the last one) in this row
          for (int i = 0; i < spaces; ++i)
            row[i % (row.size() - 1)] += "" "";
        }
        ans.push_back(join(row, """"));
        row.clear();
        rowLetters = 0;
      }
      row.push_back(word);
      rowLetters += word.length();
    }
    ans.push_back(ljust(join(row, "" ""), maxWidth));

    return ans;
  }

 private:
  string join(const List<String>& words, const string& s) {
    string joined;
    for (int i = 0; i < words.size(); ++i) {
      joined += words[i];
      if (i != words.size() - 1)
        joined += s;
    }
    return joined;
  }

  string ljust(string s, int width) {
    for (int i = 0; i < s.length() - width; ++i)
      s += "" "";
    return s;
  }
};","java"
"class Solution {
 public:
  int mySqrt(int x) {
    unsigned l = 1;
    unsigned r = x + 1u;

    while (l < r) {
      const unsigned m = (l + r) / 2;
      if (m > x / m)
        r = m;
      else
        l = m + 1;
    }

    // l: smallest number s.t. l * l > x
    return l - 1;
  }
};","java"
"class Solution {
 public:
  int climbStairs(int n) {
    // dp[i] := # of distinct ways to climb to i-th stair
    List<Integer> dp(n + 1);
    dp[0] = 1;
    dp[1] = 1;

    for (int i = 2; i <= n; ++i)
      dp[i] = dp[i - 1] + dp[i - 2];

    return dp[n];
  }
};","java"
"class Solution {
 public:
  string simplifyPath(string path) {
    string ans;
    istringstream iss(path);
    List<String> stack;

    for (string dir; getline(iss, dir, '/');) {
      if (dir.empty() || dir == ""."")
        continue;
      if (dir == "".."") {
        if (!stack.empty())
          stack.pop_back();
      } else {
        stack.push_back(dir);
      }
    }

    for (const string& s : stack)
      ans += ""/"" + s;

    return ans.empty() ? ""/"" : ans;
  }
};","java"
"class Solution {
 public:
  int minDistance(string word1, string word2) {
    const int m = word1.length();
    const int n = word2.length();
    // dp[i][j] := min # of operations to convert word1[0..i) to word2[0..j)
    vector<List<Integer>> dp(m + 1, List<Integer>(n + 1));

    for (int i = 1; i <= m; ++i)
      dp[i][0] = i;

    for (int j = 1; j <= n; ++j)
      dp[0][j] = j;

    for (int i = 1; i <= m; ++i)
      for (int j = 1; j <= n; ++j)
        if (word1[i - 1] == word2[j - 1])
          dp[i][j] = dp[i - 1][j - 1];
        else
          dp[i][j] = min({dp[i - 1][j - 1], dp[i - 1][j], dp[i][j - 1]}) + 1;

    return dp[m][n];
  }
};","java"
"class Solution {
 public:
  void setZeroes(vector<List<Integer>>& matrix) {
    const int m = matrix.size();
    const int n = matrix[0].size();
    bool shouldFillFirstRow = false;
    bool shouldFillFirstCol = false;

    for (int j = 0; j < n; ++j)
      if (matrix[0][j] == 0) {
        shouldFillFirstRow = true;
        break;
      }

    for (int i = 0; i < m; ++i)
      if (matrix[i][0] == 0) {
        shouldFillFirstCol = true;
        break;
      }

    // Store the information in the 1st row/col
    for (int i = 1; i < m; ++i)
      for (int j = 1; j < n; ++j)
        if (matrix[i][j] == 0) {
          matrix[i][0] = 0;
          matrix[0][j] = 0;
        }

    // Fill 0s for the matrix except the 1st row/col
    for (int i = 1; i < m; ++i)
      for (int j = 1; j < n; ++j)
        if (matrix[i][0] == 0 || matrix[0][j] == 0)
          matrix[i][j] = 0;

    // Fill 0s for the 1st row if needed
    if (shouldFillFirstRow)
      for (int j = 0; j < n; ++j)
        matrix[0][j] = 0;

    // Fill 0s for the 1st col if needed
    if (shouldFillFirstCol)
      for (int i = 0; i < m; ++i)
        matrix[i][0] = 0;
  }
};","java"
"class Solution {
 public:
  bool searchMatrix(vector<List<Integer>>& matrix, int target) {
    if (matrix.empty())
      return false;

    const int m = matrix.size();
    const int n = matrix[0].size();
    int l = 0;
    int r = m * n;

    while (l < r) {
      const int mid = (l + r) / 2;
      const int i = mid / n;
      const int j = mid % n;
      if (matrix[i][j] == target)
        return true;
      if (matrix[i][j] < target)
        l = mid + 1;
      else
        r = mid;
    }

    return false;
  }
};","java"
"class Solution {
 public:
  void sortColors(List<Integer>& nums) {
    int zero = -1;
    int one = -1;
    int two = -1;

    for (const int num : nums)
      if (num == 0) {
        nums[++two] = 2;
        nums[++one] = 1;
        nums[++zero] = 0;
      } else if (num == 1) {
        nums[++two] = 2;
        nums[++one] = 1;
      } else {
        nums[++two] = 2;
      }
  }
};","java"
"class Solution {
 public:
  string minWindow(string s, string t) {
    List<Integer> count(128);
    int required = t.length();
    int bestLeft = -1;
    int minLength = s.length() + 1;

    for (const char c : t)
      ++count[c];

    for (int l = 0, r = 0; r < s.length(); ++r) {
      if (--count[s[r]] >= 0)
        --required;
      while (required == 0) {
        if (r - l + 1 < minLength) {
          bestLeft = l;
          minLength = r - l + 1;
        }
        if (++count[s[l++]] > 0)
          ++required;
      }
    }

    return bestLeft == -1 ? """" : s.substr(bestLeft, minLength);
  }
};","java"
"class Solution {
 public:
  vector<List<Integer>> combine(int n, int k) {
    vector<List<Integer>> ans;
    dfs(n, k, 1, {}, ans);
    return ans;
  }

 private:
  void dfs(int n, int k, int s, List<Integer>&& path, vector<List<Integer>>& ans) {
    if (path.size() == k) {
      ans.push_back(path);
      return;
    }

    for (int i = s; i <= n; ++i) {
      path.push_back(i);
      dfs(n, k, i + 1, move(path), ans);
      path.pop_back();
    }
  }
};","java"
"class Solution {
 public:
  vector<List<Integer>> subsets(List<Integer>& nums) {
    vector<List<Integer>> ans;
    dfs(nums, 0, {}, ans);
    return ans;
  }

 private:
  void dfs(const List<Integer>& nums, int s, List<Integer>&& path,
           vector<List<Integer>>& ans) {
    ans.push_back(path);

    for (int i = s; i < nums.size(); ++i) {
      path.push_back(nums[i]);
      dfs(nums, i + 1, move(path), ans);
      path.pop_back();
    }
  }
};","java"
"class Solution {
 public:
  bool exist(vector<vector<char>>& board, string word) {
    for (int i = 0; i < board.size(); ++i)
      for (int j = 0; j < board[0].size(); ++j)
        if (dfs(board, word, i, j, 0))
          return true;
    return false;
  }

 private:
  bool dfs(vector<vector<char>>& board, const string& word, int i, int j,
           int s) {
    if (i < 0 || i == board.size() || j < 0 || j == board[0].size())
      return false;
    if (board[i][j] != word[s] || board[i][j] == '*')
      return false;
    if (s == word.length() - 1)
      return true;

    const char cache = board[i][j];
    board[i][j] = '*';
    const bool isExist = dfs(board, word, i + 1, j, s + 1) ||
                         dfs(board, word, i - 1, j, s + 1) ||
                         dfs(board, word, i, j + 1, s + 1) ||
                         dfs(board, word, i, j - 1, s + 1);
    board[i][j] = cache;

    return isExist;
  }
};","java"
"class Solution {
 public:
  int removeDuplicates(List<Integer>& nums) {
    int i = 0;

    for (const int num : nums)
      if (i < 2 || num > nums[i - 2])
        nums[i++] = num;

    return i;
  }
};","java"
"class Solution {
 public:
  bool search(List<Integer>& nums, int target) {
    int l = 0;
    int r = nums.size() - 1;

    while (l <= r) {
      const int m = (l + r) / 2;
      if (nums[m] == target)
        return true;
      if (nums[l] == nums[m] && nums[m] == nums[r]) {
        ++l;
        --r;
      } else if (nums[l] <= nums[m]) {  // nums[l..m] are sorted
        if (nums[l] <= target && target < nums[m])
          r = m - 1;
        else
          l = m + 1;
      } else {  // nums[m..n - 1] are sorted
        if (nums[m] < target && target <= nums[r])
          l = m + 1;
        else
          r = m - 1;
      }
    }

    return false;
  }
};","java"
"class Solution {
 public:
  ListNode* deleteDuplicates(ListNode* head) {
    ListNode dummy(0, head);
    ListNode* prev = &dummy;

    while (head) {
      while (head->next && head->val == head->next->val)
        head = head->next;
      if (prev->next == head)
        prev = prev->next;
      else
        prev->next = head->next;
      head = head->next;
    }

    return dummy.next;
  }
};","java"
"class Solution {
 public:
  ListNode* deleteDuplicates(ListNode* head) {
    ListNode* curr = head;

    while (curr) {
      while (curr->next && curr->val == curr->next->val)
        curr->next = curr->next->next;
      curr = curr->next;
    }

    return head;
  }
};","java"
"class Solution {
 public:
  int largestRectangleArea(List<Integer>& heights) {
    int ans = 0;
    stack<int> stack;

    for (int i = 0; i <= heights.size(); ++i) {
      while (!stack.empty() &&
             (i == heights.size() || heights[stack.top()] > heights[i])) {
        const int h = heights[stack.top()];
        stack.pop();
        const int w = stack.empty() ? i : i - stack.top() - 1;
        ans = max(ans, h * w);
      }
      stack.push(i);
    }

    return ans;
  }
};","java"
"class Solution {
 public:
  int maximalRectangle(vector<vector<char>>& matrix) {
    if (matrix.empty())
      return 0;

    int ans = 0;
    List<Integer> hist(matrix[0].size());

    for (const vector<char>& row : matrix) {
      for (int i = 0; i < row.size(); ++i)
        hist[i] = row[i] == '0' ? 0 : hist[i] + 1;
      ans = max(ans, largestRectangleArea(hist));
    }

    return ans;
  }

 private:
  int largestRectangleArea(const List<Integer>& heights) {
    int ans = 0;
    stack<int> stack;

    for (int i = 0; i <= heights.size(); ++i) {
      while (!stack.empty() &&
             (i == heights.size() || heights[stack.top()] > heights[i])) {
        const int h = heights[stack.top()];
        stack.pop();
        const int w = stack.empty() ? i : i - stack.top() - 1;
        ans = max(ans, h * w);
      }
      stack.push(i);
    }

    return ans;
  }
};","java"
"class Solution {
 public:
  ListNode* partition(ListNode* head, int x) {
    ListNode beforeHead(0);
    ListNode afterHead(0);
    ListNode* before = &beforeHead;
    ListNode* after = &afterHead;

    for (; head; head = head->next)
      if (head->val < x) {
        before->next = head;
        before = head;
      } else {
        after->next = head;
        after = head;
      }

    after->next = nullptr;
    before->next = afterHead.next;

    return beforeHead.next;
  };
};","java"
"class Solution {
 public:
  bool isScramble(string s1, string s2) {
    if (s1 == s2)
      return true;
    const string hashKey = s1 + '+' + s2;
    if (const auto it = memo.find(hashKey); it != cend(memo))
      return it->second;

    List<Integer> count(128);

    for (int i = 0; i < s1.length(); ++i) {
      ++count[s1[i]];
      --count[s2[i]];
    }

    if (any_of(begin(count), end(count), [](int c) { return c != 0; }))
      return memo[hashKey] = false;

    for (int i = 1; i < s1.length(); ++i) {
      if (isScramble(s1.substr(0, i), s2.substr(0, i)) &&
          isScramble(s1.substr(i), s2.substr(i)))
        return memo[hashKey] = true;
      if (isScramble(s1.substr(0, i), s2.substr(s2.length() - i)) &&
          isScramble(s1.substr(i), s2.substr(0, s2.length() - i)))
        return memo[hashKey] = true;
    }

    return memo[hashKey] = false;
  }

 private:
  unordered_map<string, bool> memo;
};","java"
"class Solution {
 public:
  void merge(List<Integer>& nums1, int m, List<Integer>& nums2, int n) {
    int i = m - 1;      // nums1's index (actual nums)
    int j = n - 1;      // nums2's index
    int k = m + n - 1;  // nums1's index (next filled position)

    while (j >= 0)
      if (i >= 0 && nums1[i] > nums2[j])
        nums1[k--] = nums1[i--];
      else
        nums1[k--] = nums2[j--];
  }
};","java"
"class Solution {
 public:
  List<Integer> grayCode(int n) {
    List<Integer> ans{0};

    for (int i = 0; i < n; ++i)
      for (int j = ans.size() - 1; j >= 0; --j)
        ans.push_back(ans[j] | 1 << i);

    return ans;
  }
};","java"
"class Solution {
 public:
  vector<List<Integer>> subsetsWithDup(List<Integer>& nums) {
    vector<List<Integer>> ans;
    sort(begin(nums), end(nums));
    dfs(nums, 0, {}, ans);
    return ans;
  }

 private:
  void dfs(const List<Integer>& nums, int s, List<Integer>&& path,
           vector<List<Integer>>& ans) {
    ans.push_back(path);

    for (int i = s; i < nums.size(); ++i) {
      if (i > s && nums[i] == nums[i - 1])
        continue;
      path.push_back(nums[i]);
      dfs(nums, i + 1, move(path), ans);
      path.pop_back();
    }
  }
};","java"
"class Solution {
 public:
  int numDecodings(string s) {
    const int n = s.length();
    // dp[i] := # of ways to decode s[i..n)
    List<Integer> dp(n + 1);
    dp[n] = 1;  // """"
    dp[n - 1] = isValid(s[n - 1]);

    for (int i = n - 2; i >= 0; --i) {
      if (isValid(s[i]))
        dp[i] += dp[i + 1];
      if (isValid(s[i], s[i + 1]))
        dp[i] += dp[i + 2];
    }

    return dp[0];
  }

 private:
  bool isValid(char c) {
    return c != '0';
  }

  bool isValid(char c1, char c2) {
    return c1 == '1' || c1 == '2' && c2 < '7';
  }
};","java"
"class Solution {
 public:
  ListNode* reverseBetween(ListNode* head, int left, int right) {
    if (left == 1)
      return reverseN(head, right);

    head->next = reverseBetween(head->next, left - 1, right - 1);

    return head;
  }

 private:
  ListNode* reverseN(ListNode* head, int n) {
    if (n == 1)
      return head;

    ListNode* newHead = reverseN(head->next, n - 1);
    ListNode* headNext = head->next;
    head->next = headNext->next;
    headNext->next = head;

    return newHead;
  }
};","java"
"class Solution {
 public:
  List<String> restoreIpAddresses(const string& s) {
    List<String> ans;
    dfs(s, 0, {}, ans);
    return ans;
  }

 private:
  void dfs(const string& s, int start, List<String>&& path,
           List<String>& ans) {
    if (path.size() == 4 && start == s.length()) {
      ans.push_back(path[0] + ""."" + path[1] + ""."" + path[2] + ""."" + path[3]);
      return;
    }
    if (path.size() == 4 || start == s.length())
      return;

    for (int length = 1; length <= 3; ++length) {
      if (start + length > s.length())
        return;  // Out of bound
      if (length > 1 && s[start] == '0')
        return;  // Leading '0'
      const string& num = s.substr(start, length);
      if (stoi(num) > 255)
        return;
      path.push_back(num);
      dfs(s, start + length, move(path), ans);
      path.pop_back();
    }
  }
};","java"
"class Solution {
 public:
  List<Integer> inorderTraversal(TreeNode* root) {
    List<Integer> ans;
    stack<TreeNode*> stack;

    while (root || !stack.empty()) {
      while (root) {
        stack.push(root);
        root = root->left;
      }
      root = stack.top(), stack.pop();
      ans.push_back(root->val);
      root = root->right;
    }

    return ans;
  }
};","java"
"class Solution {
 public:
  vector<TreeNode*> generateTrees(int n) {
    if (n == 0)
      return {};
    return generateTrees(1, n);
  }

 private:
  vector<TreeNode*> generateTrees(int min, int max) {
    if (min > max)
      return {nullptr};

    vector<TreeNode*> ans;

    for (int i = min; i <= max; ++i)
      for (TreeNode* left : generateTrees(min, i - 1))
        for (TreeNode* right : generateTrees(i + 1, max)) {
          ans.push_back(new TreeNode(i));
          ans.back()->left = left;
          ans.back()->right = right;
        }

    return ans;
  }
};","java"
"class Solution {
 public:
  int numTrees(int n) {
    // G[i] := # of unique BST's that store values 1..i
    List<Integer> G(n + 1);
    G[0] = 1;
    G[1] = 1;

    for (int i = 2; i <= n; ++i)
      for (int j = 0; j < i; ++j)
        G[i] += G[j] * G[i - j - 1];

    return G[n];
  }
};","java"
"class Solution {
 public:
  bool isInterleave(string s1, string s2, string s3) {
    const int m = s1.length();
    const int n = s2.length();
    if (m + n != s3.length())
      return false;

    // dp[i][j] := true if s3[0..i + j) is formed by the interleaving of
    //             s1[0..i) and s2[0..j)
    vector<vector<bool>> dp(m + 1, vector<bool>(n + 1));
    dp[0][0] = true;

    for (int i = 1; i <= m; ++i)
      dp[i][0] = dp[i - 1][0] && s1[i - 1] == s3[i - 1];

    for (int j = 1; j <= n; ++j)
      dp[0][j] = dp[0][j - 1] && s2[j - 1] == s3[j - 1];

    for (int i = 1; i <= m; ++i)
      for (int j = 1; j <= n; ++j)
        dp[i][j] = dp[i - 1][j] && s1[i - 1] == s3[i + j - 1] ||
                   dp[i][j - 1] && s2[j - 1] == s3[i + j - 1];

    return dp[m][n];
  }
};","java"
"class Solution {
 public:
  bool isValidBST(TreeNode* root) {
    return isValidBST(root, nullptr, nullptr);
  }

 private:
  bool isValidBST(TreeNode* root, TreeNode* minNode, TreeNode* maxNode) {
    if (root == nullptr)
      return true;
    if (minNode && root->val <= minNode->val)
      return false;
    if (maxNode && root->val >= maxNode->val)
      return false;

    return isValidBST(root->left, minNode, root) &&
           isValidBST(root->right, root, maxNode);
  }
};","java"
"class Solution {
 public:
  void recoverTree(TreeNode* root) {
    inorder(root);
    swap(x, y);
  }

 private:
  TreeNode* pred = nullptr;
  TreeNode* x = nullptr;  // 1st wrong node
  TreeNode* y = nullptr;  // 2nd wrond node

  void inorder(TreeNode* root) {
    if (root == nullptr)
      return;

    inorder(root->left);

    if (pred && root->val < pred->val) {
      y = root;
      if (x == nullptr)
        x = pred;
      else
        return;
    }
    pred = root;

    inorder(root->right);
  }

  void swap(TreeNode* x, TreeNode* y) {
    const int temp = x->val;
    x->val = y->val;
    y->val = temp;
  }
};","java"
"class Solution {
 public:
  bool isSameTree(TreeNode* p, TreeNode* q) {
    if (!p || !q)
      return p == q;
    return p->val == q->val &&              //
           isSameTree(p->left, q->left) &&  //
           isSameTree(p->right, q->right);
  }
};","java"
"class Solution {
 public:
  bool isSymmetric(TreeNode* root) {
    return isSymmetric(root, root);
  }

 private:
  bool isSymmetric(TreeNode* p, TreeNode* q) {
    if (!p || !q)
      return p == q;

    return p->val == q->val &&                //
           isSymmetric(p->left, q->right) &&  //
           isSymmetric(p->right, q->left);
  }
};","java"
"class Solution {
 public:
  vector<List<Integer>> levelOrder(TreeNode* root) {
    if (root == nullptr)
      return {};

    vector<List<Integer>> ans;
    queue<TreeNode*> q{{root}};

    while (!q.empty()) {
      List<Integer> currLevel;
      for (int sz = q.size(); sz > 0; --sz) {
        TreeNode* node = q.front();
        q.pop();
        currLevel.push_back(node->val);
        if (node->left)
          q.push(node->left);
        if (node->right)
          q.push(node->right);
      }
      ans.push_back(currLevel);
    }

    return ans;
  }
};","java"
"class Solution {
 public:
  vector<List<Integer>> zigzagLevelOrder(TreeNode* root) {
    if (root == nullptr)
      return {};

    vector<List<Integer>> ans;
    deque<TreeNode*> q{{root}};
    bool isLeftToRight = true;

    while (!q.empty()) {
      List<Integer> currLevel;
      for (int sz = q.size(); sz > 0; --sz)
        if (isLeftToRight) {
          TreeNode* node = q.front();
          q.pop_front();
          currLevel.push_back(node->val);
          if (node->left)
            q.push_back(node->left);
          if (node->right)
            q.push_back(node->right);
        } else {
          TreeNode* node = q.back();
          q.pop_back();
          currLevel.push_back(node->val);
          if (node->right)
            q.push_front(node->right);
          if (node->left)
            q.push_front(node->left);
        }
      ans.push_back(currLevel);
      isLeftToRight = !isLeftToRight;
    }

    return ans;
  }
};","java"
"class Solution {
 public:
  int maxDepth(TreeNode* root) {
    if (root == nullptr)
      return 0;
    return 1 + max(maxDepth(root->left), maxDepth(root->right));
  }
};","java"
"class Solution {
 public:
  TreeNode* buildTree(List<Integer>& preorder, List<Integer>& inorder) {
    unordered_map<int, int> inToIndex;

    for (int i = 0; i < inorder.size(); ++i)
      inToIndex[inorder[i]] = i;

    return build(preorder, 0, preorder.size() - 1, inorder, 0,
                 inorder.size() - 1, inToIndex);
  }

 private:
  TreeNode* build(const List<Integer>& preorder, int preStart, int preEnd,
                  const List<Integer>& inorder, int inStart, int inEnd,
                  const unordered_map<int, int>& inToIndex) {
    if (preStart > preEnd)
      return nullptr;

    const int rootVal = preorder[preStart];
    const int rootInIndex = inToIndex.at(rootVal);
    const int leftSize = rootInIndex - inStart;

    TreeNode* root = new TreeNode(rootVal);
    root->left = build(preorder, preStart + 1, preStart + leftSize, inorder,
                       inStart, rootInIndex - 1, inToIndex);
    root->right = build(preorder, preStart + leftSize + 1, preEnd, inorder,
                        rootInIndex + 1, inEnd, inToIndex);
    return root;
  }
};","java"
"class Solution {
 public:
  TreeNode* buildTree(List<Integer>& inorder, List<Integer>& postorder) {
    unordered_map<int, int> inToIndex;

    for (int i = 0; i < inorder.size(); ++i)
      inToIndex[inorder[i]] = i;

    return build(inorder, 0, inorder.size() - 1, postorder, 0,
                 postorder.size() - 1, inToIndex);
  }

 private:
  TreeNode* build(const List<Integer>& inorder, int inStart, int inEnd,
                  const List<Integer>& postorder, int postStart, int postEnd,
                  const unordered_map<int, int>& inToIndex) {
    if (inStart > inEnd)
      return nullptr;

    const int rootVal = postorder[postEnd];
    const int rootInIndex = inToIndex.at(rootVal);
    const int leftSize = rootInIndex - inStart;

    TreeNode* root = new TreeNode(rootVal);
    root->left = build(inorder, inStart, rootInIndex - 1, postorder, postStart,
                       postStart + leftSize - 1, inToIndex);
    root->right = build(inorder, rootInIndex + 1, inEnd, postorder,
                        postStart + leftSize, postEnd - 1, inToIndex);
    return root;
  }
};","java"
"class Solution {
 public:
  vector<List<Integer>> levelOrderBottom(TreeNode* root) {
    if (root == nullptr)
      return {};

    vector<List<Integer>> ans;
    queue<TreeNode*> q{{root}};

    while (!q.empty()) {
      List<Integer> currLevel;
      for (int sz = q.size(); sz > 0; --sz) {
        TreeNode* node = q.front();
        q.pop();
        currLevel.push_back(node->val);
        if (node->left)
          q.push(node->left);
        if (node->right)
          q.push(node->right);
      }
      ans.push_back(currLevel);
    }

    reverse(begin(ans), end(ans));
    return ans;
  }
};","java"
"class Solution {
 public:
  TreeNode* sortedArrayToBST(List<Integer>& nums) {
    return build(nums, 0, nums.size() - 1);
  }

 private:
  TreeNode* build(const List<Integer>& nums, int l, int r) {
    if (l > r)
      return nullptr;
    const int m = (l + r) / 2;
    return new TreeNode(nums[m], build(nums, l, m - 1), build(nums, m + 1, r));
  }
};","java"
"class Solution {
 public:
  TreeNode* sortedListToBST(ListNode* head) {
    if (head == nullptr)
      return nullptr;
    if (!head->next)
      return new TreeNode(head->val);

    ListNode* mid = findMid(head);
    TreeNode* root = new TreeNode(mid->val);
    root->left = sortedListToBST(head);
    root->right = sortedListToBST(mid->next);

    return root;
  }

 private:
  ListNode* findMid(ListNode* head) {
    ListNode* prev = nullptr;
    ListNode* slow = head;
    ListNode* fast = head;

    while (fast && fast->next) {
      prev = slow;
      slow = slow->next;
      fast = fast->next->next;
    }
    prev->next = nullptr;

    return slow;
  }
};","java"
"class Solution {
 public:
  bool isBalanced(TreeNode* root) {
    if (root == nullptr)
      return true;
    return abs(maxDepth(root->left) - maxDepth(root->right)) <= 1 &&
           isBalanced(root->left) && isBalanced(root->right);
  }

 private:
  int maxDepth(TreeNode* root) {
    if (root == nullptr)
      return 0;
    return 1 + max(maxDepth(root->left), maxDepth(root->right));
  }
};","java"
"class Solution {
 public:
  int minDepth(TreeNode* root) {
    if (root == nullptr)
      return 0;
    if (root->left == nullptr)
      return minDepth(root->right) + 1;
    if (root->right == nullptr)
      return minDepth(root->left) + 1;
    return min(minDepth(root->left), minDepth(root->right)) + 1;
  }
};","java"
"class Solution {
 public:
  bool hasPathSum(TreeNode* root, int sum) {
    if (root == nullptr)
      return false;
    if (root->val == sum && root->left == nullptr && root->right == nullptr)
      return true;
    return hasPathSum(root->left, sum - root->val) ||
           hasPathSum(root->right, sum - root->val);
  }
};","java"
"class Solution {
 public:
  vector<List<Integer>> pathSum(TreeNode* root, int sum) {
    vector<List<Integer>> ans;
    dfs(root, sum, {}, ans);
    return ans;
  }

 private:
  void dfs(TreeNode* root, int sum, List<Integer>&& path,
           vector<List<Integer>>& ans) {
    if (root == nullptr)
      return;
    if (root->val == sum && root->left == nullptr && root->right == nullptr) {
      path.push_back(root->val);
      ans.push_back(path);
      path.pop_back();
      return;
    }

    path.push_back(root->val);
    dfs(root->left, sum - root->val, move(path), ans);
    dfs(root->right, sum - root->val, move(path), ans);
    path.pop_back();
  }
};","java"
"class Solution {
 public:
  void flatten(TreeNode* root) {
    if (root == nullptr)
      return;

    flatten(root->left);
    flatten(root->right);

    TreeNode* const left = root->left;    // Flattened left
    TreeNode* const right = root->right;  // Flattened right

    root->left = nullptr;
    root->right = left;

    // Connect the original right subtree
    // To the end of new right subtree
    TreeNode* rightmost = root;
    while (rightmost->right)
      rightmost = rightmost->right;
    rightmost->right = right;
  }
};","java"
"class Solution {
 public:
  int numDistinct(string s, string t) {
    const int m = s.length();
    const int n = t.length();
    vector<vector<unsigned long>> dp(m + 1, vector<unsigned long>(n + 1));

    for (int i = 0; i <= m; ++i)
      dp[i][0] = 1;

    for (int i = 1; i <= m; ++i)
      for (int j = 1; j <= n; ++j)
        if (s[i - 1] == t[j - 1])
          dp[i][j] = dp[i - 1][j - 1] + dp[i - 1][j];
        else
          dp[i][j] = dp[i - 1][j];

    return dp[m][n];
  }
};","java"
"class Solution {
 public:
  Node* connect(Node* root) {
    if (root == nullptr)
      return nullptr;
    connectTwoNodes(root->left, root->right);
    return root;
  }

 private:
  void connectTwoNodes(Node* p, Node* q) {
    if (p == nullptr)
      return;
    p->next = q;
    connectTwoNodes(p->left, p->right);
    connectTwoNodes(q->left, q->right);
    connectTwoNodes(p->right, q->left);
  }
};","java"
"class Solution {
 public:
  Node* connect(Node* root) {
    Node* node = root;  // The node just above current needling

    while (node) {
      Node dummy(0);  // Dummy node before needling
      // Needle children of node
      for (Node* needle = &dummy; node; node = node->next) {
        if (node->left) {  // Needle left child
          needle->next = node->left;
          needle = needle->next;
        }
        if (node->right) {  // Needle right child
          needle->next = node->right;
          needle = needle->next;
        }
      }
      node = dummy.next;  // Move node to the next level
    }

    return root;
  }
};","java"
"class Solution {
 public:
  vector<List<Integer>> generate(int numRows) {
    vector<List<Integer>> ans;

    for (int i = 0; i < numRows; ++i)
      ans.push_back(List<Integer>(i + 1, 1));

    for (int i = 2; i < numRows; ++i)
      for (int j = 1; j < ans[i].size() - 1; ++j)
        ans[i][j] = ans[i - 1][j - 1] + ans[i - 1][j];

    return ans;
  }
};","java"
"class Solution {
 public:
  List<Integer> getRow(int rowIndex) {
    List<Integer> ans(rowIndex + 1, 1);

    for (int i = 2; i < rowIndex + 1; ++i)
      for (int j = 1; j < i; ++j)
        ans[i - j] += ans[i - j - 1];

    return ans;
  }
};","java"
"class Solution {
 public:
  int minimumTotal(vector<List<Integer>>& triangle) {
    for (int i = triangle.size() - 2; i >= 0; --i)
      for (int j = 0; j <= i; ++j)
        triangle[i][j] += min(triangle[i + 1][j], triangle[i + 1][j + 1]);
    return triangle[0][0];
  }
};","java"
"class Solution {
 public:
  int maxProfit(List<Integer>& prices) {
    int sellOne = 0;
    int holdOne = INT_MIN;

    for (const int price : prices) {
      sellOne = max(sellOne, holdOne + price);
      holdOne = max(holdOne, -price);
    }

    return sellOne;
  }
};","java"
"class Solution {
 public:
  int maxProfit(List<Integer>& prices) {
    int sell = 0;
    int hold = INT_MIN;

    for (const int price : prices) {
      sell = max(sell, hold + price);
      hold = max(hold, sell - price);
    }

    return sell;
  }
};","java"
"class Solution {
 public:
  int maxProfit(List<Integer>& prices) {
    int sellTwo = 0;
    int holdTwo = INT_MIN;
    int sellOne = 0;
    int holdOne = INT_MIN;

    for (const int price : prices) {
      sellTwo = max(sellTwo, holdTwo + price);
      holdTwo = max(holdTwo, sellOne - price);
      sellOne = max(sellOne, holdOne + price);
      holdOne = max(holdOne, -price);
    }

    return sellTwo;
  }
};","java"
"class Solution {
 public:
  int maxPathSum(TreeNode* root) {
    int ans = INT_MIN;
    maxPathSumDownFrom(root, ans);
    return ans;
  }

 private:
  // root->val + 0/1 of its subtrees
  int maxPathSumDownFrom(TreeNode* root, int& ans) {
    if (root == nullptr)
      return 0;

    const int l = max(0, maxPathSumDownFrom(root->left, ans));
    const int r = max(0, maxPathSumDownFrom(root->right, ans));
    ans = max(ans, root->val + l + r);
    return root->val + max(l, r);
  }
};","java"
"class Solution {
 public:
  bool isPalindrome(string s) {
    int l = 0;
    int r = s.length() - 1;

    while (l < r) {
      while (l < r && !isalnum(s[l]))
        ++l;
      while (l < r && !isalnum(s[r]))
        --r;
      if (tolower(s[l]) != tolower(s[r]))
        return false;
      ++l;
      --r;
    }

    return true;
  }
};","java"
"class Solution {
 public:
  vector<List<String>> findLadders(string beginWord, string endWord,
                                     List<String>& wordList) {
    unordered_set<string> wordSet{begin(wordList), end(wordList)};
    if (!wordSet.count(endWord))
      return {};

    // {""hit"": [""hot""], ""hot"": [""dot"", ""lot""], ...}
    unordered_map<string, List<String>> graph;

    // Build graph from beginWord -> endWord
    if (!bfs(beginWord, endWord, wordSet, graph))
      return {};

    vector<List<String>> ans;
    dfs(graph, beginWord, endWord, {beginWord}, ans);
    return ans;
  }

 private:
  bool bfs(const string& beginWord, const string& endWord,
           unordered_set<string>& wordSet,
           unordered_map<string, List<String>>& graph) {
    unordered_set<string> currentLevelWords{beginWord};

    while (!currentLevelWords.empty()) {
      for (const string& word : currentLevelWords)
        wordSet.erase(word);
      unordered_set<string> nextLevelWords;
      bool reachEndWord = false;
      for (const string& parent : currentLevelWords) {
        List<String> children;
        getChildren(parent, wordSet, children);
        for (const string& child : children) {
          if (wordSet.count(child)) {
            nextLevelWords.insert(child);
            graph[parent].push_back(child);
          }
          if (child == endWord)
            reachEndWord = true;
        }
      }
      if (reachEndWord)
        return true;
      currentLevelWords = move(nextLevelWords);
    }

    return false;
  }

  void getChildren(const string& parent, const unordered_set<string>& wordSet,
                   List<String>& children) {
    string s(parent);

    for (int i = 0; i < s.length(); ++i) {
      const char cache = s[i];
      for (char c = 'a'; c <= 'z'; ++c) {
        if (c == cache)
          continue;
        s[i] = c;  // Now is `child`
        if (wordSet.count(s))
          children.push_back(s);
      }
      s[i] = cache;
    }
  }

  void dfs(const unordered_map<string, List<String>>& graph,
           const string& word, const string& endWord, List<String>&& path,
           vector<List<String>>& ans) {
    if (word == endWord) {
      ans.push_back(path);
      return;
    }
    if (!graph.count(word))
      return;

    for (const string& child : graph.at(word)) {
      path.push_back(child);
      dfs(graph, child, endWord, move(path), ans);
      path.pop_back();
    }
  }
};","java"
"class Solution {
 public:
  int ladderLength(string beginWord, string endWord, List<String>& wordList) {
    unordered_set<string> wordSet(begin(wordList), end(wordList));
    if (!wordSet.count(endWord))
      return 0;

    int ans = 0;
    queue<string> q{{beginWord}};

    while (!q.empty()) {
      ++ans;
      for (int sz = q.size(); sz > 0; --sz) {
        string word = q.front();
        q.pop();
        for (int i = 0; i < word.length(); ++i) {
          const char cache = word[i];
          for (char c = 'a'; c <= 'z'; ++c) {
            word[i] = c;
            if (word == endWord)
              return ans + 1;
            if (wordSet.count(word)) {
              q.push(word);
              wordSet.erase(word);
            }
          }
          word[i] = cache;
        }
      }
    }

    return 0;
  }
};","java"
"class Solution {
 public:
  int longestConsecutive(List<Integer>& nums) {
    int ans = 0;
    unordered_set<int> seen{begin(nums), end(nums)};

    for (int num : nums) {
      // Num is the start of a sequence
      if (seen.count(num - 1))
        continue;
      int length = 1;
      while (seen.count(++num))
        ++length;
      ans = max(ans, length);
    }

    return ans;
  }
};","java"
"class Solution {
 public:
  int sumNumbers(TreeNode* root) {
    int ans = 0;
    dfs(root, 0, ans);
    return ans;
  }

 private:
  void dfs(TreeNode* root, int path, int& ans) {
    if (root == nullptr)
      return;
    if (root->left == nullptr && root->right == nullptr) {
      ans += path * 10 + root->val;
      return;
    }

    dfs(root->left, path * 10 + root->val, ans);
    dfs(root->right, path * 10 + root->val, ans);
  }
};","java"
"class Solution {
 public:
  void solve(vector<vector<char>>& board) {
    if (board.empty())
      return;

    const int m = board.size();
    const int n = board[0].size();
    const List<Integer> dirs{0, 1, 0, -1, 0};
    queue<pair<int, int>> q;

    for (int i = 0; i < m; ++i)
      for (int j = 0; j < n; ++j)
        if (i * j == 0 || i == m - 1 || j == n - 1)
          if (board[i][j] == 'O') {
            q.emplace(i, j);
            board[i][j] = '*';
          }

    // Mark grids that stretch from four sides with '*'
    while (!q.empty()) {
      const auto [i, j] = q.front();
      q.pop();
      for (int k = 0; k < 4; ++k) {
        const int x = i + dirs[k];
        const int y = j + dirs[k + 1];
        if (x < 0 || x == m || y < 0 || y == n)
          continue;
        if (board[x][y] != 'O')
          continue;
        q.emplace(x, y);
        board[x][y] = '*';
      }
    }

    for (vector<char>& row : board)
      for (char& c : row)
        if (c == '*')
          c = 'O';
        else if (c == 'O')
          c = 'X';
  }
};","java"
"class Solution {
 public:
  vector<List<String>> partition(string s) {
    vector<List<String>> ans;
    dfs(s, 0, {}, ans);
    return ans;
  }

 private:
  void dfs(const string& s, int start, List<String>&& path,
           vector<List<String>>& ans) {
    if (start == s.length()) {
      ans.push_back(path);
      return;
    }

    for (int i = start; i < s.length(); ++i)
      if (isPalindrome(s, start, i)) {
        path.push_back(s.substr(start, i - start + 1));
        dfs(s, i + 1, move(path), ans);
        path.pop_back();
      }
  }

  bool isPalindrome(const string& s, int l, int r) {
    while (l < r)
      if (s[l++] != s[r--])
        return false;
    return true;
  }
};","java"
"class Solution {
 public:
  int minCut(string s) {
    const int n = s.length();
    // isPalindrome[i][j] := true if s[i..j] is a palindrome
    vector<vector<bool>> isPalindrome(n, vector<bool>(n, true));
    // dp[i] := min cuts needed for a palindrome partitioning of s[0..i]
    List<Integer> dp(n, n);

    for (int l = 2; l <= n; ++l)
      for (int i = 0, j = l - 1; j < n; ++i, ++j)
        isPalindrome[i][j] = s[i] == s[j] && isPalindrome[i + 1][j - 1];

    for (int i = 0; i < n; ++i) {
      if (isPalindrome[0][i]) {
        dp[i] = 0;
        continue;
      }

      // Try all possible partitions
      for (int j = 0; j < i; ++j)
        if (isPalindrome[j + 1][i])
          dp[i] = min(dp[i], dp[j] + 1);
    }

    return dp.back();
  }
};","java"
"class Solution {
 public:
  Node* cloneGraph(Node* node) {
    if (node == nullptr)
      return nullptr;

    queue<Node*> q{{node}};
    unordered_map<Node*, Node*> map{{node, new Node(node->val)}};

    while (!q.empty()) {
      Node* u = q.front();
      q.pop();
      for (Node* v : u->neighbors) {
        if (!map.count(v)) {
          map[v] = new Node(v->val);
          q.push(v);
        }
        map[u]->neighbors.push_back(map[v]);
      }
    }

    return map[node];
  }
};","java"
"class Solution {
 public:
  int canCompleteCircuit(List<Integer>& gas, List<Integer>& cost) {
    const int gasses = accumulate(begin(gas), end(gas), 0);
    const int costs = accumulate(begin(cost), end(cost), 0);
    if (gasses - costs < 0)
      return -1;

    int ans = 0;
    int sum = 0;

    // Try to start from each index
    for (int i = 0; i < gas.size(); ++i) {
      sum += gas[i] - cost[i];
      if (sum < 0) {
        sum = 0;
        ans = i + 1;  // Start from next index
      }
    }

    return ans;
  }
};","java"
"class Solution {
 public:
  int candy(List<Integer>& ratings) {
    const int n = ratings.size();
    int ans = 0;
    List<Integer> l(n, 1);
    List<Integer> r(n, 1);

    for (int i = 1; i < n; ++i)
      if (ratings[i] > ratings[i - 1])
        l[i] = l[i - 1] + 1;

    for (int i = n - 2; i >= 0; --i)
      if (ratings[i] > ratings[i + 1])
        r[i] = r[i + 1] + 1;

    for (int i = 0; i < n; ++i)
      ans += max(l[i], r[i]);

    return ans;
  }
};","java"
"class Solution {
 public:
  int singleNumber(List<Integer>& nums) {
    int ans = 0;

    for (const int num : nums)
      ans ^= num;

    return ans;
  }
};","java"
"class Solution {
 public:
  int singleNumber(List<Integer>& nums) {
    int ans = 0;

    for (int i = 0; i < 32; ++i) {
      int sum = 0;
      for (const int num : nums)
        sum += num >> i & 1;
      sum %= 3;
      ans |= sum << i;
    }

    return ans;
  }
};","java"
"class Solution {
 public:
  Node* copyRandomList(Node* head) {
    if (head == nullptr)
      return nullptr;
    if (const auto it = map.find(head); it != cend(map))
      return it->second;

    Node* newNode = new Node(head->val);
    map[head] = newNode;
    newNode->next = copyRandomList(head->next);
    newNode->random = copyRandomList(head->random);
    return newNode;
  }

 private:
  unordered_map<Node*, Node*> map;
};","java"
"class Solution {
 public:
  bool wordBreak(string s, List<String>& wordDict) {
    return wordBreak(s, {begin(wordDict), end(wordDict)}, {});
  }

 private:
  bool wordBreak(const string& s, const unordered_set<string>&& wordSet,
                 unordered_map<string, bool>&& memo) {
    if (wordSet.count(s))
      return true;
    if (const auto it = memo.find(s); it != cend(memo))
      return it->second;

    // 1 <= prefix.length() < s.length()
    for (int i = 1; i < s.length(); ++i) {
      const string& prefix = s.substr(0, i);
      const string& suffix = s.substr(i);
      if (wordSet.count(prefix) && wordBreak(suffix, move(wordSet), move(memo)))
        return memo[s] = true;
    }

    return memo[s] = false;
  }
};","java"
"class Solution {
 public:
  List<String> wordBreak(string s, List<String>& wordDict) {
    unordered_set<string> wordSet{begin(wordDict), end(wordDict)};
    unordered_map<string, List<String>> memo;
    return wordBreak(s, wordSet, memo);
  }

 private:
  List<String> wordBreak(const string& s,
                           const unordered_set<string>& wordSet,
                           unordered_map<string, List<String>>& memo) {
    if (const auto it = memo.find(s); it != cend(memo))
      return it->second;

    List<String> ans;

    // 1 <= prefix.length() < s.length()
    for (int i = 1; i < s.length(); ++i) {
      const string& prefix = s.substr(0, i);
      const string& suffix = s.substr(i);
      if (wordSet.count(prefix))
        for (const string& word : wordBreak(suffix, wordSet, memo))
          ans.push_back(prefix + "" "" + word);
    }

    // Contains whole string, so don't add any space
    if (wordSet.count(s))
      ans.push_back(s);

    return memo[s] = ans;
  }
};","java"
"class Solution {
 public:
  bool hasCycle(ListNode* head) {
    ListNode* slow = head;
    ListNode* fast = head;

    while (fast && fast->next) {
      slow = slow->next;
      fast = fast->next->next;
      if (slow == fast)
        return true;
    }

    return false;
  }
};","java"
"class Solution {
 public:
  ListNode* detectCycle(ListNode* head) {
    ListNode* slow = head;
    ListNode* fast = head;

    while (fast && fast->next) {
      slow = slow->next;
      fast = fast->next->next;
      if (slow == fast) {
        slow = head;
        while (slow != fast) {
          slow = slow->next;
          fast = fast->next;
        }
        return slow;
      }
    }

    return nullptr;
  }
};","java"
"class Solution {
 public:
  void reorderList(ListNode* head) {
    if (!head || !head->next)
      return;

    ListNode* mid = findMid(head);
    ListNode* reversed = reverse(mid);
    merge(head, reversed);
  }

 private:
  ListNode* findMid(ListNode* head) {
    ListNode* prev = nullptr;
    ListNode* slow = head;
    ListNode* fast = head;

    while (fast && fast->next) {
      prev = slow;
      slow = slow->next;
      fast = fast->next->next;
    }
    prev->next = nullptr;

    return slow;
  }

  ListNode* reverse(ListNode* head) {
    ListNode* prev = nullptr;
    ListNode* curr = head;

    while (curr) {
      ListNode* next = curr->next;
      curr->next = prev;
      prev = curr;
      curr = next;
    }

    return prev;
  }

  void merge(ListNode* l1, ListNode* l2) {
    while (l2) {
      ListNode* next = l1->next;
      l1->next = l2;
      l1 = l2;
      l2 = next;
    }
  }
};","java"
"class Solution {
 public:
  List<Integer> preorderTraversal(TreeNode* root) {
    List<Integer> ans;
    preorder(root, ans);
    return ans;
  }

 private:
  void preorder(TreeNode* root, List<Integer>& ans) {
    if (root == nullptr)
      return;

    ans.push_back(root->val);
    preorder(root->left, ans);
    preorder(root->right, ans);
  }
};","java"
"class Solution {
 public:
  List<Integer> postorderTraversal(TreeNode* root) {
    List<Integer> ans;
    postorder(root, ans);
    return ans;
  }

 private:
  void postorder(TreeNode* root, List<Integer>& ans) {
    if (root == nullptr)
      return;

    postorder(root->left, ans);
    postorder(root->right, ans);
    ans.push_back(root->val);
  }
};","java"
"class Solution {
 public:
  ListNode* insertionSortList(ListNode* head) {
    ListNode dummy(0);
    ListNode* prev = &dummy;  // The last (largest) of the sorted list

    while (head) {                  // Current inserting node
      ListNode* next = head->next;  // Cache next inserting node
      if (prev->val >= head->val)   // `prev` >= current inserting node
        prev = &dummy;              // Move `prev` to the front
      while (prev->next && prev->next->val < head->val)
        prev = prev->next;
      head->next = prev->next;
      prev->next = head;
      head = next;  // Update current inserting node
    }

    return dummy.next;
  }
};","java"
"class Solution {
 public:
  ListNode* sortList(ListNode* head) {
    const int length = getLength(head);
    ListNode dummy(0, head);

    for (int k = 1; k < length; k *= 2) {
      ListNode* curr = dummy.next;
      ListNode* tail = &dummy;
      while (curr) {
        ListNode* l = curr;
        ListNode* r = split(l, k);
        curr = split(r, k);
        auto [mergedHead, mergedTail] = merge(l, r);
        tail->next = mergedHead;
        tail = mergedTail;
      }
    }

    return dummy.next;
  }

 private:
  int getLength(ListNode* head) {
    int length = 0;
    for (ListNode* curr = head; curr; curr = curr->next)
      ++length;
    return length;
  }

  ListNode* split(ListNode* head, int k) {
    while (--k && head)
      head = head->next;
    ListNode* rest = head ? head->next : nullptr;
    if (head != nullptr)
      head->next = nullptr;
    return rest;
  }

  pair<ListNode*, ListNode*> merge(ListNode* l1, ListNode* l2) {
    ListNode dummy(0);
    ListNode* tail = &dummy;

    while (l1 && l2) {
      if (l1->val > l2->val)
        swap(l1, l2);
      tail->next = l1;
      l1 = l1->next;
      tail = tail->next;
    }
    tail->next = l1 ? l1 : l2;
    while (tail->next)
      tail = tail->next;

    return {dummy.next, tail};
  }
};","java"
"class Solution {
 public:
  int maxPoints(vector<List<Integer>>& points) {
    int ans = 0;

    for (int i = 0; i < points.size(); ++i) {
      unordered_map<pair<int, int>, int, pairHash> slopeCount;
      const List<Integer> p1{points[i]};
      int samePoints = 1;
      int maxPoints = 0;  // Maximum number of points with the same slope
      for (int j = i + 1; j < points.size(); ++j) {
        const List<Integer> p2{points[j]};
        if (p1 == p2)
          ++samePoints;
        else
          maxPoints = max(maxPoints, ++slopeCount[getSlope(p1, p2)]);
      }
      ans = max(ans, samePoints + maxPoints);
    }

    return ans;
  }

 private:
  pair<int, int> getSlope(const List<Integer>& p, const List<Integer>& q) {
    const int dx = p[0] - q[0];
    const int dy = p[1] - q[1];
    if (dx == 0)
      return {0, p[0]};
    if (dy == 0)
      return {p[1], 0};
    const int d = __gcd(dx, dy);
    return {dx / d, dy / d};
  }

  struct pairHash {
    size_t operator()(const pair<int, int>& p) const {
      return p.first ^ p.second;
    }
  };
};","java"
"class Solution {
 public:
  int evalRPN(List<String>& tokens) {
    stack<long> stack;
    const unordered_map<string, function<long(long, long)>> op{
        {""+"", plus<long>()},
        {""-"", minus<long>()},
        {""*"", multiplies<long>()},
        {""/"", divides<long>()}};

    for (const string& token : tokens)
      if (op.count(token)) {
        const long b = stack.top();
        stack.pop();
        const long a = stack.top();
        stack.pop();
        stack.push(op.at(token)(a, b));
      } else {
        stack.push(stoi(token));
      }

    return stack.top();
  }
};","java"
"class Solution {
 public:
  string reverseWords(string s) {
    reverse(begin(s), end(s));          // Reverse the whole string
    reverseWords(s, s.length());        // Reverse each word
    return cleanSpaces(s, s.length());  // Clean up spaces
  }

 private:
  void reverseWords(string& s, int n) {
    int i = 0;
    int j = 0;

    while (i < n) {
      while (i < j || i < n && s[i] == ' ')  // Skip spaces
        ++i;
      while (j < i || j < n && s[j] != ' ')  // Skip non spaces
        ++j;
      reverse(begin(s) + i, begin(s) + j);  // Reverse the word
    }
  }

  // Trim leading, trailing, and middle spaces
  string cleanSpaces(string& s, int n) {
    int i = 0;
    int j = 0;

    while (j < n) {
      while (j < n && s[j] == ' ')  // Skip spaces
        ++j;
      while (j < n && s[j] != ' ')  // Keep non spaces
        s[i++] = s[j++];
      while (j < n && s[j] == ' ')  // Skip spaces
        ++j;
      if (j < n)  // Keep only one space
        s[i++] = ' ';
    }

    return s.substr(0, i);
  }
};","java"
"class Solution {
 public:
  int maxProduct(List<Integer>& nums) {
    int ans = nums[0];
    int dpMin = nums[0];  // Min so far
    int dpMax = nums[0];  // Max so far

    for (int i = 1; i < nums.size(); ++i) {
      const int num = nums[i];
      const int prevMin = dpMin;  // dpMin[i - 1]
      const int prevMax = dpMax;  // dpMax[i - 1]
      if (num < 0) {
        dpMin = min(prevMax * num, num);
        dpMax = max(prevMin * num, num);
      } else {
        dpMin = min(prevMin * num, num);
        dpMax = max(prevMax * num, num);
      }
      ans = max(ans, dpMax);
    }

    return ans;
  }
};","java"
"class Solution {
 public:
  int findMin(List<Integer>& nums) {
    int l = 0;
    int r = nums.size() - 1;

    while (l < r) {
      const int m = (l + r) / 2;
      if (nums[m] < nums[r])
        r = m;
      else
        l = m + 1;
    }

    return nums[l];
  }
};","java"
"class Solution {
 public:
  int findMin(List<Integer>& nums) {
    int l = 0;
    int r = nums.size() - 1;

    while (l < r) {
      const int m = (l + r) / 2;
      if (nums[m] == nums[r])
        --r;
      else if (nums[m] < nums[r])
        r = m;
      else
        l = m + 1;
    }

    return nums[l];
  }
};","java"
"class MinStack {
 public:
  void push(int x) {
    if (stack.empty())
      stack.emplace(x, x);
    else
      stack.emplace(x, min(x, stack.top().second));
  }

  void pop() {
    stack.pop();
  }

  int top() {
    return stack.top().first;
  }

  int getMin() {
    return stack.top().second;
  }

 private:
  stack<pair<int, int>> stack;  // {x, min}
};","java"
"class Solution {
 public:
  TreeNode* upsideDownBinaryTree(TreeNode* root) {
    if (root == nullptr || root->left == nullptr)
      return root;

    TreeNode* newRoot = upsideDownBinaryTree(root->left);
    root->left->left = root->right;  // 2's left = 3 (root's right)
    root->left->right = root;        // 2's right = 1 (root)
    root->left = nullptr;
    root->right = nullptr;
    return newRoot;
  }
};","java"
"/**
 * The read4 API is defined in the parent class Reader4.
 *     int read4(char *buf4);
 */

class Solution {
 public:
  /**
   * @param buf Destination buffer
   * @param n   Number of characters to read
   * @return    The number of actual characters read
   */
  int read(char* buf, int n) {
    char* buf4 = new char[4];
    int i4 = 0;  // buf4's index
    int n4 = 0;  // buf4's size
    int i = 0;   // buf's index

    while (i < n) {
      if (i4 == n4) {      // All characters in buf4 are consumed
        i4 = 0;            // Reset buf4's index
        n4 = read4(buf4);  // Read 4 (or less) chars from file to buf4
        if (n4 == 0)       // Reach the EOF
          return i;
      }
      buf[i++] = buf4[i4++];
    }

    return i;
  }
};","java"
"/**
 * The read4 API is defined in the parent class Reader4.
 *     int read4(char *buf4);
 */

class Solution {
 public:
  /**
   * @param buf Destination buffer
   * @param n   Number of characters to read
   * @return    The number of actual characters read
   */
  int read(char* buf, int n) {
    int i = 0;  // buf's index

    while (i < n) {
      if (i4 == n4) {      // All characters in buf4 are consumed
        i4 = 0;            // Reset buf4's index
        n4 = read4(buf4);  // Read 4 (or less) chars from file to buf4
        if (n4 == 0)       // Reach the EOF
          return i;
      }
      buf[i++] = buf4[i4++];
    }

    return i;
  }

 private:
  char* buf4 = new char[4];
  int i4 = 0;  // buf4's index
  int n4 = 0;  // buf4's size
};","java"
"class Solution {
 public:
  int lengthOfLongestSubstringTwoDistinct(string s) {
    int ans = 0;
    int distinct = 0;
    List<Integer> count(128);

    for (int l = 0, r = 0; r < s.length(); ++r) {
      if (++count[s[r]] == 1)
        ++distinct;
      while (distinct == 3)
        if (--count[s[l++]] == 0)
          --distinct;
      ans = max(ans, r - l + 1);
    }

    return ans;
  }
};","java"
"class Solution {
 public:
  ListNode* getIntersectionNode(ListNode* headA, ListNode* headB) {
    ListNode* a = headA;
    ListNode* b = headB;

    while (a != b) {
      a = a ? a->next : headB;
      b = b ? b->next : headA;
    }

    return a;
  }
};","java"
"class Solution {
 public:
  bool isOneEditDistance(string s, string t) {
    const int m = s.length();
    const int n = t.length();
    if (m > n)  // Make sure len(s) <= len(t)
      return isOneEditDistance(t, s);

    for (int i = 0; i < m; ++i)
      if (s[i] != t[i]) {
        if (m == n)
          return s.substr(i + 1) == t.substr(i + 1);  // Replace s[i] with t[i]
        return s.substr(i) == t.substr(i + 1);        // Delete t[i]
      }

    return m + 1 == n;  // Delete t[-1]
  }
};","java"
"class Solution {
 public:
  int findPeakElement(List<Integer>& nums) {
    int l = 0;
    int r = nums.size() - 1;

    while (l < r) {
      const int m = (l + r) / 2;
      if (nums[m] >= nums[m + 1])
        r = m;
      else
        l = m + 1;
    }

    return l;
  }
};","java"
"class Solution {
 public:
  List<String> findMissingRanges(List<Integer>& nums, int lower, int upper) {
    if (nums.empty())
      return {getRange(lower, upper)};

    List<String> ans;

    if (nums.front() > lower)
      ans.push_back(getRange(lower, nums.front() - 1));

    for (int i = 1; i < nums.size(); ++i)
      if (nums[i] > nums[i - 1] + 1)
        ans.push_back(getRange(nums[i - 1] + 1, nums[i] - 1));

    if (nums.back() < upper)
      ans.push_back(getRange(nums.back() + 1, upper));

    return ans;
  }

 private:
  string getRange(int lo, int hi) {
    if (lo == hi)
      return to_string(lo);
    return to_string(lo) + ""->"" + to_string(hi);
  }
};","java"
"struct Bucket {
  int min;
  int max;
};

class Solution {
 public:
  int maximumGap(List<Integer>& nums) {
    if (nums.size() < 2)
      return 0;

    const int mini = *min_element(begin(nums), end(nums));
    const int maxi = *max_element(begin(nums), end(nums));
    if (mini == maxi)
      return 0;

    const int gap = ceil((maxi - mini) / (double)(nums.size() - 1));
    const int bucketSize = (maxi - mini) / gap + 1;
    vector<Bucket> buckets(bucketSize, {INT_MAX, INT_MIN});

    for (const int num : nums) {
      const int i = (num - mini) / gap;
      buckets[i].min = min(buckets[i].min, num);
      buckets[i].max = max(buckets[i].max, num);
    }

    int ans = 0;
    int prevMax = mini;

    for (const Bucket& bucket : buckets) {
      if (bucket.min == INT_MAX)
        continue;  // Empty bucket
      ans = max(ans, bucket.min - prevMax);
      prevMax = bucket.max;
    }

    return ans;
  }
};","java"
"class Solution {
 public:
  int compareVersion(string version1, string version2) {
    istringstream iss1(version1);
    istringstream iss2(version2);
    int v1;
    int v2;
    char dotChar;

    while (bool(iss1 >> v1) + bool(iss2 >> v2)) {
      if (v1 < v2)
        return -1;
      if (v1 > v2)
        return 1;
      iss1 >> dotChar;
      iss2 >> dotChar;
      v1 = 0;
      v2 = 0;
    }

    return 0;
  };
};","java"
"class Solution {
 public:
  string fractionToDecimal(int numerator, int denominator) {
    if (numerator == 0)
      return ""0"";

    string ans;

    if (numerator < 0 ^ denominator < 0)
      ans += ""-"";

    long n = labs(numerator);
    long d = labs(denominator);
    ans += to_string(n / d);

    if (n % d == 0)
      return ans;

    ans += '.';
    unordered_map<int, int> seen;

    for (long r = n % d; r; r %= d) {
      if (const auto it = seen.find(r); it != cend(seen)) {
        ans.insert(it->second, 1, '(');
        ans += ')';
        break;
      }
      seen[r] = ans.size();
      r *= 10;
      ans += to_string(r / d);
    }

    return ans;
  }
};","java"
"class Solution {
 public:
  List<Integer> twoSum(List<Integer>& numbers, int target) {
    int l = 0;
    int r = numbers.size() - 1;

    while (numbers[l] + numbers[r] != target)
      if (numbers[l] + numbers[r] < target)
        ++l;
      else
        --r;

    return {l + 1, r + 1};
  }
};","java"
"class Solution {
 public:
  string convertToTitle(int n) {
    return n == 0 ? """"
                  : convertToTitle((n - 1) / 26) + (char)('A' + ((n - 1) % 26));
  }
};","java"
"class Solution {
 public:
  int majorityElement(List<Integer>& nums) {
    int ans;
    int count = 0;

    for (const int num : nums) {
      if (count == 0)
        ans = num;
      count += num == ans ? 1 : -1;
    }

    return ans;
  }
};","java"
"class TwoSum {
 public:
  void add(int number) {
    ++count[number];
  }

  bool find(int value) {
    for (const auto& [key, freq] : count) {
      const int remain = value - key;
      if (key == remain && freq > 1)
        return true;
      if (key != remain && count.count(remain))
        return true;
    }

    return false;
  }

 private:
  unordered_map<int, int> count;
};","java"
"class Solution {
 public:
  int titleToNumber(string s) {
    return accumulate(begin(s), end(s), 0,
                      [](int a, int b) { return a * 26 + (b - 'A' + 1); });
  }
};","java"
"class Solution {
 public:
  int trailingZeroes(int n) {
    return n == 0 ? 0 : n / 5 + trailingZeroes(n / 5);
  }
};","java"
"class Solution {
 public:
  int calculateMinimumHP(vector<List<Integer>>& dungeon) {
    const int m = dungeon.size();
    const int n = dungeon[0].size();
    vector<List<Integer>> dp(m + 1, List<Integer>(n + 1, INT_MAX));
    dp[m][n - 1] = 1;
    dp[m - 1][n] = 1;

    for (int i = m - 1; i >= 0; --i)
      for (int j = n - 1; j >= 0; --j) {
        dp[i][j] = min(dp[i + 1][j], dp[i][j + 1]) - dungeon[i][j];
        dp[i][j] = max(dp[i][j], 1);
      }

    return dp[0][0];
  }
};","java"
"class Solution {
 public:
  string largestNumber(List<Integer>& nums) {
    string ans;

    sort(begin(nums), end(nums), [](int a, int b) {
      return to_string(a) + to_string(b) > to_string(b) + to_string(a);
    });

    for (const int num : nums)
      ans += to_string(num);

    return ans[0] == '0' ? ""0"" : ans;
  }
};","java"
"class Solution {
 public:
  void reverseWords(vector<char>& s) {
    reverse(begin(s), end(s));  // Reverse the whole string
    reverseWords(s, s.size());  // Reverse each word
  }

 private:
  void reverseWords(vector<char>& s, int n) {
    int i = 0;
    int j = 0;

    while (i < n) {
      while (i < j || i < n && s[i] == ' ')  // Skip spaces
        ++i;
      while (j < i || j < n && s[j] != ' ')  // Skip non spaces
        ++j;
      reverse(begin(s) + i, begin(s) + j);  // Reverse the word
    }
  }
};","java"
"class Solution {
 public:
  List<String> findRepeatedDnaSequences(string s) {
    unordered_set<string> ans;
    unordered_set<string_view> seen;
    const string_view sv(s);

    for (int i = 0; i + 10 <= s.length(); ++i) {
      if (seen.count(sv.substr(i, 10)))
        ans.insert(s.substr(i, 10));
      seen.insert(sv.substr(i, 10));
    }

    return {begin(ans), end(ans)};
  }
};","java"
"class Solution {
 public:
  int maxProfit(int k, List<Integer>& prices) {
    if (k >= prices.size() / 2) {
      int sell = 0;
      int hold = INT_MIN;

      for (const int price : prices) {
        sell = max(sell, hold + price);
        hold = max(hold, sell - price);
      }

      return sell;
    }

    List<Integer> sell(k + 1);
    List<Integer> hold(k + 1, INT_MIN);

    for (const int price : prices)
      for (int i = k; i > 0; --i) {
        sell[i] = max(sell[i], hold[i] + price);
        hold[i] = max(hold[i], sell[i - 1] - price);
      }

    return sell[k];
  }
};","java"
"class Solution {
 public:
  void rotate(List<Integer>& nums, int k) {
    k %= nums.size();
    reverse(nums, 0, nums.size() - 1);
    reverse(nums, 0, k - 1);
    reverse(nums, k, nums.size() - 1);
  }

 private:
  void reverse(List<Integer>& nums, int l, int r) {
    while (l < r)
      swap(nums[l++], nums[r--]);
  }
};","java"
"class Solution {
 public:
  uint32_t reverseBits(uint32_t n) {
    uint32_t ans = 0;

    for (int i = 0; i < 32; ++i)
      if (n >> i & 1)
        ans |= 1 << 31 - i;

    return ans;
  }
};","java"
"class Solution {
 public:
  int hammingWeight(uint32_t n) {
    int ans = 0;

    for (int i = 0; i < 32; ++i)
      if ((n >> i) & 1)
        ++ans;

    return ans;
  }
};","java"
"class Solution {
 public:
  int rob(List<Integer>& nums) {
    if (nums.empty())
      return 0;
    if (nums.size() == 1)
      return nums[0];

    // dp[i] := max money of robbing nums[0..i]
    List<Integer> dp(nums.size());
    dp[0] = nums[0];
    dp[1] = max(nums[0], nums[1]);

    for (int i = 2; i < nums.size(); ++i)
      dp[i] = max(dp[i - 1], dp[i - 2] + nums[i]);

    return dp.back();
  }
};","java"
"class Solution {
 public:
  List<Integer> rightSideView(TreeNode* root) {
    if (root == nullptr)
      return {};

    List<Integer> ans;
    queue<TreeNode*> q{{root}};

    while (!q.empty()) {
      const int size = q.size();
      for (int i = 0; i < size; ++i) {
        TreeNode* node = q.front();
        q.pop();
        if (i == size - 1)
          ans.push_back(node->val);
        if (node->left)
          q.push(node->left);
        if (node->right)
          q.push(node->right);
      }
    }

    return ans;
  }
};","java"
"class Solution {
 public:
  int numIslands(vector<vector<char>>& grid) {
    const int m = grid.size();
    const int n = grid[0].size();
    const List<Integer> dirs{0, 1, 0, -1, 0};
    int ans = 0;

    auto bfs = [&](int r, int c) {
      queue<pair<int, int>> q{{{r, c}}};
      grid[r][c] = '2';  // Mark '2' as visited
      while (!q.empty()) {
        const auto [i, j] = q.front();
        q.pop();
        for (int k = 0; k < 4; ++k) {
          const int x = i + dirs[k];
          const int y = j + dirs[k + 1];
          if (x < 0 || x == m || y < 0 || y == n)
            continue;
          if (grid[x][y] != '1')
            continue;
          q.emplace(x, y);
          grid[x][y] = '2';  // Mark '2' as visited
        }
      }
    };

    for (int i = 0; i < m; ++i)
      for (int j = 0; j < n; ++j)
        if (grid[i][j] == '1') {
          bfs(i, j);
          ++ans;
        }

    return ans;
  }
};","java"
"class Solution {
 public:
  int rangeBitwiseAnd(int m, int n) {
    int shiftBits = 0;

    while (m != n) {
      m >>= 1;
      n >>= 1;
      ++shiftBits;
    }

    return m << shiftBits;
  }
};","java"
"class Solution {
 public:
  bool isHappy(int n) {
    int slow = squaredSum(n);
    int fast = squaredSum(squaredSum(n));

    while (slow != fast) {
      slow = squaredSum(slow);
      fast = squaredSum(squaredSum(fast));
    }

    return slow == 1;
  }

 private:
  int squaredSum(int n) {
    int sum = 0;
    while (n) {
      sum += pow(n % 10, 2);
      n /= 10;
    }
    return sum;
  };
};","java"
"class Solution {
 public:
  ListNode* removeElements(ListNode* head, int val) {
    ListNode dummy(0, head);
    ListNode* prev = &dummy;

    for (; head; head = head->next)
      if (head->val != val) {
        prev->next = head;
        prev = prev->next;
      }
    prev->next = nullptr;  // In case the last val == val

    return dummy.next;
  }
};","java"
"class Solution {
 public:
  int countPrimes(int n) {
    if (n <= 2)
      return 0;
    const vector<bool> isPrime = sieveEratosthenes(n);
    return count(begin(isPrime), end(isPrime), true);
  }

 private:
  vector<bool> sieveEratosthenes(int n) {
    vector<bool> isPrime(n, true);
    isPrime[0] = false;
    isPrime[1] = false;
    for (int i = 2; i * i < n; ++i)
      if (isPrime[i])
        for (int j = i * i; j < n; j += i)
          isPrime[j] = false;
    return isPrime;
  }
};","java"
"class Solution {
 public:
  bool isIsomorphic(string s, string t) {
    List<Integer> charToIndex_s(128);
    List<Integer> charToIndex_t(128);

    for (int i = 0; i < s.length(); ++i) {
      if (charToIndex_s[s[i]] != charToIndex_t[t[i]])
        return false;
      charToIndex_s[s[i]] = i + 1;
      charToIndex_t[t[i]] = i + 1;
    }

    return true;
  }
};","java"
"class Solution {
 public:
  ListNode* reverseList(ListNode* head) {
    if (!head || !head->next)
      return head;

    ListNode* newHead = reverseList(head->next);
    head->next->next = head;
    head->next = nullptr;
    return newHead;
  }
};","java"
"enum class State { kInit, kVisiting, kVisited };

class Solution {
 public:
  bool canFinish(int numCourses, vector<List<Integer>>& prerequisites) {
    vector<List<Integer>> graph(numCourses);
    vector<State> state(numCourses);

    for (const List<Integer>& prerequisite : prerequisites) {
      const int u = prerequisite[1];
      const int v = prerequisite[0];
      graph[u].push_back(v);
    }

    for (int i = 0; i < numCourses; ++i)
      if (hasCycle(graph, i, state))
        return false;

    return true;
  }

 private:
  bool hasCycle(const vector<List<Integer>>& graph, int u, vector<State>& state) {
    if (state[u] == State::kVisiting)
      return true;
    if (state[u] == State::kVisited)
      return false;

    state[u] = State::kVisiting;
    for (const int v : graph[u])
      if (hasCycle(graph, v, state))
        return true;
    state[u] = State::kVisited;

    return false;
  }
};","java"
"struct TrieNode {
  vector<shared_ptr<TrieNode>> children;
  bool isWord = false;
  TrieNode() : children(26) {}
};

class Trie {
 public:
  void insert(const string& word) {
    shared_ptr<TrieNode> node = root;
    for (const char c : word) {
      const int i = c - 'a';
      if (node->children[i] == nullptr)
        node->children[i] = make_shared<TrieNode>();
      node = node->children[i];
    }
    node->isWord = true;
  }

  bool search(const string& word) {
    shared_ptr<TrieNode> node = find(word);
    return node && node->isWord;
  }

  bool startsWith(const string& prefix) {
    return find(prefix) != nullptr;
  }

 private:
  shared_ptr<TrieNode> root = make_shared<TrieNode>();

  shared_ptr<TrieNode> find(const string& prefix) {
    shared_ptr<TrieNode> node = root;
    for (const char c : prefix) {
      const int i = c - 'a';
      if (node->children[i] == nullptr)
        return nullptr;
      node = node->children[i];
    }
    return node;
  }
};","java"
"class Solution {
 public:
  int minSubArrayLen(int s, List<Integer>& nums) {
    int ans = INT_MAX;
    int sum = 0;

    for (int l = 0, r = 0; r < nums.size(); ++r) {
      sum += nums[r];
      while (sum >= s) {
        ans = min(ans, r - l + 1);
        sum -= nums[l++];
      }
    }

    return ans < INT_MAX ? ans : 0;
  }
};","java"
"enum class State { kInit, kVisiting, kVisited };

class Solution {
 public:
  List<Integer> findOrder(int numCourses, vector<List<Integer>>& prerequisites) {
    List<Integer> ans;
    vector<List<Integer>> graph(numCourses);
    vector<State> state(numCourses);

    for (const List<Integer>& prerequisite : prerequisites) {
      const int u = prerequisite[1];
      const int v = prerequisite[0];
      graph[u].push_back(v);
    }

    for (int i = 0; i < numCourses; ++i)
      if (hasCycle(graph, i, state, ans))
        return {};

    reverse(begin(ans), end(ans));
    return ans;
  }

 private:
  bool hasCycle(const vector<List<Integer>>& graph, int u, vector<State>& state,
                List<Integer>& ans) {
    if (state[u] == State::kVisiting)
      return true;
    if (state[u] == State::kVisited)
      return false;

    state[u] = State::kVisiting;
    for (const int v : graph[u])
      if (hasCycle(graph, v, state, ans))
        return true;
    state[u] = State::kVisited;
    ans.push_back(u);

    return false;
  }
};","java"
"struct TrieNode {
  vector<shared_ptr<TrieNode>> children;
  bool isWord = false;
  TrieNode() : children(26) {}
};

class WordDictionary {
 public:
  void addWord(const string& word) {
    shared_ptr<TrieNode> node = root;
    for (const char c : word) {
      const int i = c - 'a';
      if (node->children[i] == nullptr)
        node->children[i] = make_shared<TrieNode>();
      node = node->children[i];
    }
    node->isWord = true;
  }

  bool search(const string& word) {
    return dfs(word, 0, root);
  }

 private:
  shared_ptr<TrieNode> root = make_shared<TrieNode>();

  bool dfs(const string& word, int s, shared_ptr<TrieNode> node) {
    if (s == word.length())
      return node->isWord;
    if (word[s] != '.') {
      shared_ptr<TrieNode> next = node->children[word[s] - 'a'];
      return next ? dfs(word, s + 1, next) : false;
    }

    // word[s] == '.' -> search all 26 children
    for (int i = 0; i < 26; ++i)
      if (node->children[i] && dfs(word, s + 1, node->children[i]))
        return true;

    return false;
  }
};","java"
"struct TrieNode {
  vector<shared_ptr<TrieNode>> children;
  const string* word = nullptr;
  TrieNode() : children(26) {}
};

class Solution {
 public:
  List<String> findWords(vector<vector<char>>& board, List<String>& words) {
    List<String> ans;

    for (const string& word : words)
      insert(word);

    for (int i = 0; i < board.size(); ++i)
      for (int j = 0; j < board[0].size(); ++j)
        dfs(board, i, j, root, ans);

    return ans;
  }

 private:
  shared_ptr<TrieNode> root = make_shared<TrieNode>();

  void insert(const string& word) {
    shared_ptr<TrieNode> node = root;
    for (const char c : word) {
      const int i = c - 'a';
      if (node->children[i] == nullptr)
        node->children[i] = make_shared<TrieNode>();
      node = node->children[i];
    }
    node->word = &word;
  }

  void dfs(vector<vector<char>>& board, int i, int j, shared_ptr<TrieNode> node,
           List<String>& ans) {
    if (i < 0 || i == board.size() || j < 0 || j == board[0].size())
      return;
    if (board[i][j] == '*')
      return;

    const char c = board[i][j];
    shared_ptr<TrieNode> child = node->children[c - 'a'];
    if (child == nullptr)
      return;
    if (child->word != nullptr) {
      ans.push_back(*child->word);
      child->word = nullptr;
    }

    board[i][j] = '*';
    dfs(board, i + 1, j, child, ans);
    dfs(board, i - 1, j, child, ans);
    dfs(board, i, j + 1, child, ans);
    dfs(board, i, j - 1, child, ans);
    board[i][j] = c;
  }
};","java"
"class Solution {
 public:
  int rob(List<Integer>& nums) {
    if (nums.empty())
      return 0;
    if (nums.size() == 1)
      return nums[0];

    auto rob = [&](int l, int r) {
      int prev1 = 0;  // dp[i - 1]
      int prev2 = 0;  // dp[i - 2]

      for (int i = l; i <= r; ++i) {
        const int dp = max(prev1, prev2 + nums[i]);
        prev2 = prev1;
        prev1 = dp;
      }

      return prev1;
    };

    return max(rob(0, nums.size() - 2), rob(1, nums.size() - 1));
  }
};","java"
"class Solution {
 public:
  string shortestPalindrome(string s) {
    string t = s;
    reverse(begin(t), end(t));

    const string_view sv_s(s);
    const string_view sv_t(t);

    for (int i = 0; i < s.length(); ++i)
      if (sv_s.substr(0, s.length() - i) == sv_t.substr(i))
        return t.substr(0, i) + s;

    return t + s;
  }
};","java"
"class Solution {
 public:
  int findKthLargest(List<Integer>& nums, int k) {
    priority_queue<int, List<Integer>, greater<>> minHeap;

    for (const int num : nums) {
      minHeap.push(num);
      if (minHeap.size() > k)
        minHeap.pop();
    }

    return minHeap.top();
  }
};","java"
"class Solution {
 public:
  vector<List<Integer>> combinationSum3(int k, int n) {
    vector<List<Integer>> ans;
    dfs(k, n, 1, {}, ans);
    return ans;
  }

 private:
  void dfs(int k, int n, int s, List<Integer>&& path, vector<List<Integer>>& ans) {
    if (k == 0 && n == 0) {
      ans.push_back(path);
      return;
    }
    if (k == 0 || n <= 0)
      return;

    for (int i = s; i <= 9; ++i) {
      path.push_back(i);
      dfs(k - 1, n - i, i + 1, move(path), ans);
      path.pop_back();
    }
  }
};","java"
"class Solution {
 public:
  bool containsDuplicate(List<Integer>& nums) {
    unordered_set<int> seen;

    for (const int num : nums)
      if (!seen.insert(num).second)
        return true;

    return false;
  }
};","java"
"class Solution {
 public:
  vector<List<Integer>> getSkyline(const vector<List<Integer>>& buildings) {
    const int n = buildings.size();
    if (n == 0)
      return {};
    if (n == 1) {
      const int left = buildings[0][0];
      const int right = buildings[0][1];
      const int height = buildings[0][2];
      return {{left, height}, {right, 0}};
    }

    const vector<List<Integer>> left =
        getSkyline({begin(buildings), begin(buildings) + n / 2});
    const vector<List<Integer>> right =
        getSkyline({begin(buildings) + n / 2, end(buildings)});
    return merge(left, right);
  }

 private:
  vector<List<Integer>> merge(const vector<List<Integer>>& left,
                            const vector<List<Integer>>& right) {
    vector<List<Integer>> ans;
    int i = 0;  // left's index
    int j = 0;  // right's index
    int leftY = 0;
    int rightY = 0;

    while (i < left.size() && j < right.size())
      // Choose the point with smaller x
      if (left[i][0] < right[j][0]) {
        leftY = left[i][1];  // Update the ongoing leftY
        addPoint(ans, left[i][0], max(left[i++][1], rightY));
      } else {
        rightY = right[j][1];  // Update the ongoing rightY
        addPoint(ans, right[j][0], max(right[j++][1], leftY));
      }

    while (i < left.size())
      addPoint(ans, left[i][0], left[i++][1]);

    while (j < right.size())
      addPoint(ans, right[j][0], right[j++][1]);

    return ans;
  }

  void addPoint(vector<List<Integer>>& ans, int x, int y) {
    if (!ans.empty() && ans.back()[0] == x) {
      ans.back()[1] = y;
      return;
    }
    if (!ans.empty() && ans.back()[1] == y)
      return;
    ans.push_back({x, y});
  }
};","java"
"class Solution {
 public:
  bool containsNearbyDuplicate(List<Integer>& nums, int k) {
    unordered_set<int> seen;

    for (int i = 0; i < nums.size(); ++i) {
      if (!seen.insert(nums[i]).second)
        return true;
      if (i >= k)
        seen.erase(nums[i - k]);
    }

    return false;
  }
};","java"
"class Solution {
 public:
  bool containsNearbyAlmostDuplicate(List<Integer>& nums, int indexDiff,
                                     int valueDiff) {
    set<long> window;

    for (int i = 0; i < nums.size(); ++i) {
      if (const auto it =
              window.lower_bound(static_cast<long>(nums[i]) - valueDiff);
          it != cend(window) && *it - nums[i] <= valueDiff)
        return true;
      window.insert(nums[i]);
      if (i >= indexDiff)
        window.erase(nums[i - indexDiff]);
    }

    return false;
  }
};","java"
"class Solution {
 public:
  int maximalSquare(vector<vector<char>>& matrix) {
    const int m = matrix.size();
    const int n = matrix[0].size();
    vector<List<Integer>> dp(m, List<Integer>(n));
    int maxLength = 0;

    for (int i = 0; i < m; ++i)
      for (int j = 0; j < n; ++j) {
        if (i == 0 || j == 0 || matrix[i][j] == '0')
          dp[i][j] = matrix[i][j] == '1' ? 1 : 0;
        else
          dp[i][j] = min({dp[i - 1][j - 1], dp[i - 1][j], dp[i][j - 1]}) + 1;
        maxLength = max(maxLength, dp[i][j]);
      }

    return maxLength * maxLength;
  }
};","java"
"class Solution {
 public:
  int countNodes(TreeNode* root) {
    if (root == nullptr)
      return 0;
    return 1 + countNodes(root->left) + countNodes(root->right);
  }
};","java"
"class Solution {
 public:
  int computeArea(long A, long B, long C, long D,  //
                  long E, long F, long G, long H) {
    const long x = max(A, E) < min(C, G) ? (min(C, G) - max(A, E)) : 0;
    const long y = max(B, F) < min(D, H) ? (min(D, H) - max(B, F)) : 0;
    return (C - A) * (D - B) + (G - E) * (H - F) - x * y;
  }
};","java"
"class Solution {
 public:
  int calculate(string s) {
    int ans = 0;
    int num = 0;
    int sign = 1;
    stack<int> stack{{sign}};  // Stack.top(): current env's sign

    for (const char c : s)
      if (isdigit(c))
        num = num * 10 + (c - '0');
      else if (c == '(')
        stack.push(sign);
      else if (c == ')')
        stack.pop();
      else if (c == '+' || c == '-') {
        ans += sign * num;
        sign = (c == '+' ? 1 : -1) * stack.top();
        num = 0;
      }

    return ans + sign * num;
  }
};","java"
"class MyStack {
 public:
  void push(int x) {
    q.push(x);
    for (int i = 0; i < q.size() - 1; ++i) {
      q.push(q.front());
      q.pop();
    }
  }

  int pop() {
    const int val = q.front();
    q.pop();
    return val;
  }

  int top() {
    return q.front();
  }

  bool empty() {
    return q.empty();
  }

 private:
  queue<int> q;
};","java"
"class Solution {
 public:
  TreeNode* invertTree(TreeNode* root) {
    if (root == nullptr)
      return nullptr;

    TreeNode* const left = root->left;
    TreeNode* const right = root->right;
    root->left = invertTree(right);
    root->right = invertTree(left);
    return root;
  }
};","java"
"class Solution {
 public:
  int calculate(string s) {
    stack<int> nums;
    stack<char> ops;

    for (int i = 0; i < s.length(); ++i) {
      const char c = s[i];
      if (isdigit(c)) {
        int num = c - '0';
        while (i + 1 < s.length() && isdigit(s[i + 1])) {
          num = num * 10 + (s[i + 1] - '0');
          ++i;
        }
        nums.push(num);
      } else if (c == '+' || c == '-' || c == '*' || c == '/') {
        while (!ops.empty() && compare(ops.top(), c))
          nums.push(calculate(pop(ops), pop(nums), pop(nums)));
        ops.push(c);
      }
    }

    while (!ops.empty())
      nums.push(calculate(pop(ops), pop(nums), pop(nums)));

    return nums.top();
  }

 private:
  int calculate(char op, int b, int a) {
    switch (op) {
      case '+':
        return a + b;
      case '-':
        return a - b;
      case '*':
        return a * b;
      case '/':
        return a / b;
    }
    throw;
  }

  // Returns true if priority(op1) >= priority(op2)
  bool compare(char op1, char op2) {
    return op1 == '*' || op1 == '/' || op2 == '+' || op2 == '-';
  }

  char pop(stack<char>& ops) {
    const char op = ops.top();
    ops.pop();
    return op;
  }

  int pop(stack<int>& nums) {
    const int num = nums.top();
    nums.pop();
    return num;
  }
};","java"
"class Solution {
 public:
  List<String> summaryRanges(List<Integer>& nums) {
    List<String> ans;

    for (int i = 0; i < nums.size(); ++i) {
      const int begin = nums[i];
      while (i + 1 < nums.size() && nums[i] == nums[i + 1] - 1)
        ++i;
      const int end = nums[i];
      if (begin == end)
        ans.push_back(to_string(begin));
      else
        ans.push_back(to_string(begin) + ""->"" + to_string(end));
    }

    return ans;
  }
};","java"
"class Solution {
 public:
  List<Integer> majorityElement(List<Integer>& nums) {
    List<Integer> ans;
    int candidate1 = 0;
    int candidate2 = 1;   // Any number different from candidate1
    int countSoFar1 = 0;  // # of candidate1 so far
    int countSoFar2 = 0;  // # of candidate2 so far

    for (const int num : nums)
      if (num == candidate1) {
        ++countSoFar1;
      } else if (num == candidate2) {
        ++countSoFar2;
      } else if (countSoFar1 == 0) {  // Assign new candidate
        candidate1 = num;
        ++countSoFar1;
      } else if (countSoFar2 == 0) {  // Assign new candidate
        candidate2 = num;
        ++countSoFar2;
      } else {  // Meet a new number, so pair out previous counts
        --countSoFar1;
        --countSoFar2;
      }

    const int count1 = count(begin(nums), end(nums), candidate1);
    const int count2 = count(begin(nums), end(nums), candidate2);

    if (count1 > nums.size() / 3)
      ans.push_back(candidate1);
    if (count2 > nums.size() / 3)
      ans.push_back(candidate2);
    return ans;
  }
};","java"
"class Solution {
 public:
  int kthSmallest(TreeNode* root, int k) {
    const int leftCount = countNodes(root->left);

    if (leftCount == k - 1)
      return root->val;
    if (leftCount >= k)
      return kthSmallest(root->left, k);
    return kthSmallest(root->right, k - 1 - leftCount);  // LeftCount < k
  }

 private:
  int countNodes(TreeNode* root) {
    if (root == nullptr)
      return 0;
    return 1 + countNodes(root->left) + countNodes(root->right);
  }
};","java"
"class Solution {
 public:
  bool isPowerOfTwo(int n) {
    return n < 0 ? false : __builtin_popcountll(n) == 1;
  }
};","java"
"class Solution {
 public:
  int countDigitOne(int n) {
    int ans = 0;

    for (long pow10 = 1; pow10 <= n; pow10 *= 10) {
      const long divisor = pow10 * 10;
      const int quotient = n / divisor;
      const int remainder = n % divisor;
      if (quotient > 0)
        ans += quotient * pow10;
      if (remainder >= pow10)
        ans += min(remainder - pow10 + 1, pow10);
    }

    return ans;
  }
};","java"
"class Solution {
 public:
  bool isPalindrome(ListNode* head) {
    ListNode* slow = head;
    ListNode* fast = head;

    while (fast && fast->next) {
      slow = slow->next;
      fast = fast->next->next;
    }

    if (fast != nullptr)
      slow = slow->next;
    slow = reverseList(slow);

    while (slow) {
      if (slow->val != head->val)
        return false;
      slow = slow->next;
      head = head->next;
    }

    return true;
  }

 private:
  ListNode* reverseList(ListNode* head) {
    ListNode* prev = nullptr;

    while (head) {
      ListNode* next = head->next;
      head->next = prev;
      prev = head;
      head = next;
    }

    return prev;
  }
};","java"
"class Solution {
 public:
  TreeNode* lowestCommonAncestor(TreeNode* root, TreeNode* p, TreeNode* q) {
    if (root->val > max(p->val, q->val))
      return lowestCommonAncestor(root->left, p, q);
    if (root->val < min(p->val, q->val))
      return lowestCommonAncestor(root->right, p, q);
    return root;
  }
};","java"
"class Solution {
 public:
  TreeNode* lowestCommonAncestor(TreeNode* root, TreeNode* p, TreeNode* q) {
    if (root == nullptr || root == p || root == q)
      return root;

    TreeNode* l = lowestCommonAncestor(root->left, p, q);
    TreeNode* r = lowestCommonAncestor(root->right, p, q);

    if (l && r)
      return root;
    return l ? l : r;
  }
};","java"
"class Solution {
 public:
  void deleteNode(ListNode* node) {
    node->val = node->next->val;
    node->next = node->next->next;
  }
};","java"
"class Solution {
 public:
  List<Integer> productExceptSelf(List<Integer>& nums) {
    const int n = nums.size();
    List<Integer> ans(n);        // Can also use nums as the ans array
    List<Integer> prefix(n, 1);  // Prefix product
    List<Integer> suffix(n, 1);  // Suffix product

    for (int i = 1; i < n; ++i)
      prefix[i] = prefix[i - 1] * nums[i - 1];

    for (int i = n - 2; i >= 0; --i)
      suffix[i] = suffix[i + 1] * nums[i + 1];

    for (int i = 0; i < n; ++i)
      ans[i] = prefix[i] * suffix[i];

    return ans;
  }
};","java"
"class Solution {
 public:
  List<Integer> maxSlidingWindow(List<Integer>& nums, int k) {
    List<Integer> ans;
    deque<int> q;  // Max queue

    for (int i = 0; i < nums.size(); ++i) {
      while (!q.empty() && q.back() < nums[i])
        q.pop_back();
      q.push_back(nums[i]);
      if (i >= k && nums[i - k] == q.front())  // Out of bound
        q.pop_front();
      if (i >= k - 1)
        ans.push_back(q.front());
    }

    return ans;
  }
};","java"
"class Solution {
 public:
  bool searchMatrix(vector<List<Integer>>& matrix, int target) {
    int r = 0;
    int c = matrix[0].size() - 1;

    while (r < matrix.size() && c >= 0) {
      if (matrix[r][c] == target)
        return true;
      if (matrix[r][c] > target)
        --c;
      else
        ++r;
    }

    return false;
  }
};","java"
"class Solution {
 public:
  List<Integer> diffWaysToCompute(string expression) {
    return ways(expression, {});
  }

 private:
  List<Integer> ways(const string& s, unordered_map<string, List<Integer>>&& memo) {
    if (const auto it = memo.find(s); it != cend(memo))
      return it->second;

    List<Integer> ans;

    for (int i = 0; i < s.length(); ++i)
      if (ispunct(s[i]))
        for (const int a : ways(s.substr(0, i), move(memo)))
          for (const int b : ways(s.substr(i + 1), move(memo)))
            if (s[i] == '+')
              ans.push_back(a + b);
            else if (s[i] == '-')
              ans.push_back(a - b);
            else
              ans.push_back(a * b);

    return memo[s] = (ans.empty() ? List<Integer>{stoi(s)} : ans);
  }
};","java"
"class Solution {
 public:
  bool isAnagram(string s, string t) {
    if (s.length() != t.length())
      return false;

    List<Integer> count(128);

    for (const char c : s)
      ++count[c];

    for (const char c : t)
      if (--count[c] < 0)
        return false;

    return true;
  }
};","java"
"class Solution {
 public:
  int shortestDistance(List<String>& wordsDict, string word1, string word2) {
    int ans = wordsDict.size();
    int index1 = -1;  // wordsDict[index1] == word1
    int index2 = -1;  // wordsDict[index2] == word2

    for (int i = 0; i < wordsDict.size(); ++i) {
      if (wordsDict[i] == word1) {
        index1 = i;
        if (index2 != -1)
          ans = min(ans, index1 - index2);
      }
      if (wordsDict[i] == word2) {
        index2 = i;
        if (index1 != -1)
          ans = min(ans, index2 - index1);
      }
    }

    return ans;
  }
};","java"
"class Solution {
 public:
  int shortestWordDistance(List<String>& words, string word1, string word2) {
    const bool isSame = word1 == word2;
    int ans = INT_MAX;
    // If word1 == word2, index1 is the newest index
    int index1 = words.size();
    // If word1 == word2, index2 is the previous index
    int index2 = -words.size();

    for (int i = 0; i < words.size(); ++i) {
      if (words[i] == word1) {
        if (isSame)
          index2 = index1;
        index1 = i;
      } else if (words[i] == word2) {
        index2 = i;
      }
      ans = min(ans, abs(index1 - index2));
    }

    return ans;
  }
};","java"
"class Solution {
 public:
  bool isStrobogrammatic(string num) {
    const vector<char> rotated{'0', '1', 'x', 'x', 'x',
                               'x', '9', 'x', '8', '6'};
    int l = 0;
    int r = num.length() - 1;

    while (l <= r)
      if (num[l++] != rotated[num[r--] - '0'])
        return false;

    return true;
  }
};","java"
"class Solution {
 public:
  List<String> findStrobogrammatic(int n) {
    return helper(n, n);
  }

 private:
  List<String> helper(int n, int k) {
    if (n == 0)
      return {""""};
    if (n == 1)
      return {""0"", ""1"", ""8""};

    List<String> ans;

    for (const string& inner : helper(n - 2, k)) {
      if (n < k)
        ans.push_back(""0"" + inner + ""0"");
      ans.push_back(""1"" + inner + ""1"");
      ans.push_back(""6"" + inner + ""9"");
      ans.push_back(""8"" + inner + ""8"");
      ans.push_back(""9"" + inner + ""6"");
    }

    return ans;
  }
};","java"
"class Solution {
 public:
  int strobogrammaticInRange(string low, string high) {
    int ans = 0;

    for (int n = low.length(); n <= high.length(); ++n) {
      string s(n, ' ');
      dfs(low, high, s, 0, n - 1, ans);
    }

    return ans;
  }

 private:
  const vector<pair<char, char>> pairs{
      {'0', '0'}, {'1', '1'}, {'6', '9'}, {'8', '8'}, {'9', '6'}};

  void dfs(const string& low, const string& high, string& s, int l, int r,
           int& ans) {
    if (l > r) {
      if (s.length() == low.length() && s < low)
        return;
      if (s.length() == high.length() && s > high)
        return;
      ++ans;
      return;
    }

    for (const auto& [leftDigit, rightDigit] : pairs) {
      if (l == r && leftDigit != rightDigit)
        continue;
      s[l] = leftDigit;
      s[r] = rightDigit;
      if (s.length() > 1 && s[0] == '0')
        continue;
      dfs(low, high, s, l + 1, r - 1, ans);
    }
  }
};","java"
"class Solution {
 public:
  vector<List<String>> groupStrings(List<String>& strings) {
    vector<List<String>> ans;
    unordered_map<string, List<String>> keyToStrings;

    for (const string& s : strings)
      keyToStrings[getKey(s)].push_back(s);

    for (const auto& [_, strings] : keyToStrings)
      ans.push_back(strings);

    return ans;
  }

 private:
  // ""abc"" -> ""11"" because diff(a, b) = 1 and diff(b, c) = 1
  string getKey(const string& s) {
    string key;

    for (int i = 1; i < s.length(); ++i) {
      const int diff = (s[i] - s[i - 1] + 26) % 26;
      key += to_string(diff) + "","";
    }

    return key;
  }
};","java"
"class Solution {
 public:
  int countUnivalSubtrees(TreeNode* root) {
    int ans = 0;
    isUnival(root, INT_MAX, ans);
    return ans;
  }

 private:
  bool isUnival(TreeNode* root, int val, int& ans) {
    if (root == nullptr)
      return true;

    if (isUnival(root->left, root->val, ans) &
        isUnival(root->right, root->val, ans)) {
      ++ans;
      return root->val == val;
    }

    return false;
  }
};","java"
"class Vector2D {
 public:
  Vector2D(vector<List<Integer>>& vec) {
    for (const List<Integer>& A : vec)
      for (const int a : A)
        this->vec.push_back(a);
  }

  int next() {
    return vec[i++];
  }

  bool hasNext() {
    return i < vec.size();
  }

 private:
  List<Integer> vec;
  int i = 0;
};","java"
"class Solution {
 public:
  bool canAttendMeetings(vector<List<Integer>>& intervals) {
    sort(begin(intervals), end(intervals));

    for (int i = 1; i < intervals.size(); ++i)
      if (intervals[i - 1][1] > intervals[i][0])
        return false;

    return true;
  }
};","java"
"class Solution {
 public:
  int minMeetingRooms(vector<List<Integer>>& intervals) {
    sort(begin(intervals), end(intervals));

    // Store end times of each room.
    priority_queue<int, List<Integer>, greater<>> minHeap;

    for (const List<Integer>& interval : intervals) {
      // No overlap, we can reuse the same room.
      if (!minHeap.empty() && interval[0] >= minHeap.top())
        minHeap.pop();
      minHeap.push(interval[1]);
    }

    return minHeap.size();
  }
};","java"
"class Solution {
 public:
  vector<List<Integer>> getFactors(int n) {
    vector<List<Integer>> ans;
    dfs(n, 2, {}, ans);  // The smallest factor is 2
    return ans;
  }

 private:
  void dfs(int n, int s, List<Integer>&& path, vector<List<Integer>>& ans) {
    if (n <= 1) {
      if (path.size() > 1)
        ans.push_back(path);
      return;
    }

    for (int i = s; i <= n; ++i)
      if (n % i == 0) {
        path.push_back(i);
        dfs(n / i, i, move(path), ans);
        path.pop_back();
      }
  }
};","java"
"class Solution {
 public:
  bool verifyPreorder(List<Integer>& preorder) {
    int i = 0;
    dfs(preorder, i, INT_MIN, INT_MAX);
    return i == preorder.size();
  }

 private:
  void dfs(const List<Integer>& preorder, int& i, int min, int max) {
    if (i == preorder.size())
      return;
    if (preorder[i] < min || preorder[i] > max)
      return;

    const int val = preorder[i++];
    dfs(preorder, i, min, val);
    dfs(preorder, i, val, max);
  }
};","java"
"class Solution {
 public:
  int minCost(vector<List<Integer>>& costs) {
    for (int i = 1; i < costs.size(); ++i) {
      costs[i][0] += min(costs[i - 1][1], costs[i - 1][2]);
      costs[i][1] += min(costs[i - 1][0], costs[i - 1][2]);
      costs[i][2] += min(costs[i - 1][0], costs[i - 1][1]);
    }

    return *min_element(begin(costs.back()), end(costs.back()));
  }
};","java"
"class Solution {
 public:
  List<String> binaryTreePaths(TreeNode* root) {
    List<String> ans;
    dfs(root, {}, ans);
    return ans;
  }

 private:
  void dfs(TreeNode* root, List<String>&& path, List<String>& ans) {
    if (root == nullptr)
      return;
    if (root->left == nullptr && root->right == nullptr) {
      ans.push_back(join(path) + to_string(root->val));
      return;
    }

    path.push_back(to_string(root->val) + ""->"");
    dfs(root->left, move(path), ans);
    dfs(root->right, move(path), ans);
    path.pop_back();
  }

  string join(const List<String>& path) {
    string joined;
    for (const string& s : path)
      joined += s;
    return joined;
  }
};","java"
"class Solution {
 public:
  int addDigits(int num) {
    return 1 + (num - 1) % 9;
  }
};","java"
"class Solution {
 public:
  int threeSumSmaller(List<Integer>& nums, int target) {
    if (nums.size() < 3)
      return 0;

    int ans = 0;

    sort(begin(nums), end(nums));

    for (int i = 0; i + 2 < nums.size(); ++i) {
      int l = i + 1;
      int r = nums.size() - 1;
      while (l < r)
        if (nums[i] + nums[l] + nums[r] < target) {
          // (nums[i], nums[l], nums[r])
          // (nums[i], nums[l], nums[r - 1])
          // ...,
          // (nums[i], nums[l], nums[l + 1])
          ans += r - l;
          ++l;
        } else {
          --r;
        }
    }

    return ans;
  }
};","java"
"class Solution {
 public:
  List<Integer> singleNumber(List<Integer>& nums) {
    const int xors = accumulate(begin(nums), end(nums), 0, bit_xor<>());
    const int lowbit = xors & -xors;
    List<Integer> ans(2);

    // Seperate nums into two groups by the lowbit
    for (const int num : nums)
      if (num & lowbit)
        ans[0] ^= num;
      else
        ans[1] ^= num;

    return ans;
  }
};","java"
"class Solution {
 public:
  bool validTree(int n, vector<List<Integer>>& edges) {
    if (n == 0 || edges.size() != n - 1)
      return false;

    vector<List<Integer>> graph(n);
    queue<int> q{{0}};
    unordered_set<int> seen{{0}};

    for (const List<Integer>& edge : edges) {
      const int u = edge[0];
      const int v = edge[1];
      graph[u].push_back(v);
      graph[v].push_back(u);
    }

    while (!q.empty()) {
      const int u = q.front();
      q.pop();
      for (const int v : graph[u])
        if (!seen.count(v)) {
          q.push(v);
          seen.insert(v);
        }
    }

    return seen.size() == n;
  }
};","java"
"class Solution {
 public:
  bool isUgly(int n) {
    if (n == 0)
      return false;

    for (const int prime : {2, 3, 5})
      while (n % prime == 0)
        n /= prime;

    return n == 1;
  }
};","java"
"class Solution {
 public:
  int nthUglyNumber(int n) {
    List<Integer> uglyNums{1};
    int i2 = 0;
    int i3 = 0;
    int i5 = 0;

    while (uglyNums.size() < n) {
      const int next2 = uglyNums[i2] * 2;
      const int next3 = uglyNums[i3] * 3;
      const int next5 = uglyNums[i5] * 5;
      const int next = min({next2, next3, next5});
      if (next == next2)
        ++i2;
      if (next == next3)
        ++i3;
      if (next == next5)
        ++i5;
      uglyNums.push_back(next);
    }

    return uglyNums.back();
  }
};","java"
"class Solution {
 public:
  int minCostII(vector<List<Integer>>& costs) {
    int prevIndex = -1;  // The previous minimum index
    int prevMin1 = 0;    // Minimum cost so far
    int prevMin2 = 0;    // 2nd minimum cost so far

    for (const List<Integer>& cost : costs) {  // O(n)
      int index = -1;  // The painted index s.t. achieve the minimum cost after
                       // Painting current house
      int min1 = INT_MAX;  // The minimum cost after painting current house
      int min2 = INT_MAX;  // The 2nd minimum cost after painting current house
      for (int i = 0; i < cost.size(); ++i) {  // O(k)
        const int theCost = cost[i] + (i == prevIndex ? prevMin2 : prevMin1);
        if (theCost < min1) {
          index = i;
          min2 = min1;
          min1 = theCost;
        } else if (theCost < min2) {  // Min1 <= theCost < min2
          min2 = theCost;
        }
      }
      prevIndex = index;
      prevMin1 = min1;
      prevMin2 = min2;
    }

    return prevMin1;
  }
};","java"
"class Solution {
 public:
  bool canPermutePalindrome(string s) {
    unordered_set<char> seen;

    for (const char c : s)
      if (!seen.insert(c).second)
        seen.erase(c);

    return seen.size() <= 1;
  }
};","java"
"class Solution {
 public:
  List<String> generatePalindromes(string s) {
    int odd = 0;
    unordered_map<char, int> count;

    // Get character occurrence
    for (const char c : s)
      ++count[c];

    // Count odd one
    for (const auto& [_, value] : count)
      if (value & 1)
        ++odd;

    // can't form any palindrome
    if (odd > 1)
      return {};

    List<String> ans;
    vector<char> candidates;
    string mid;

    // Get mid and candidates characters
    for (const auto& [key, value] : count) {
      if (value & 1)
        mid += key;
      for (int i = 0; i < value / 2; ++i)
        candidates.push_back(key);
    }

    // Backtracking to generate our ans (strings)
    dfs(candidates, mid, vector<bool>(candidates.size()), """", ans);
    return ans;
  }

 private:
  // Generate all unique palindromes from candidates
  void dfs(const vector<char>& candidates, const string& mid,
           vector<bool>&& used, string&& path, List<String>& ans) {
    if (path.length() == candidates.size()) {
      string secondHalf = path;
      reverse(begin(secondHalf), end(secondHalf));
      ans.push_back(path + mid + secondHalf);
      return;
    }

    for (int i = 0; i < candidates.size(); ++i) {
      if (used[i])
        continue;
      if (i > 0 && candidates[i] == candidates[i - 1] && !used[i - 1])
        continue;
      used[i] = true;
      path.push_back(candidates[i]);
      dfs(candidates, mid, move(used), move(path), ans);
      path.pop_back();
      used[i] = false;
    }
  }
};","java"
"class Solution {
 public:
  int missingNumber(List<Integer>& nums) {
    int ans = nums.size();

    for (int i = 0; i < nums.size(); ++i)
      ans ^= i ^ nums[i];

    return ans;
  }
};","java"
"class Solution {
 public:
  string alienOrder(List<String>& words) {
    unordered_map<char, unordered_set<char>> graph;
    List<Integer> inDegree(26);
    buildGraph(graph, words, inDegree);
    return topology(graph, inDegree);
  }

 private:
  void buildGraph(unordered_map<char, unordered_set<char>>& graph,
                  const List<String>& words, List<Integer>& inDegree) {
    // Create node for each character in each word
    for (const string& word : words)
      for (const char c : word)
        if (!graph.count(c))
          graph[c] = unordered_set<char>();

    for (int i = 1; i < words.size(); ++i) {
      const string& first = words[i - 1];
      const string& second = words[i];
      const int length = min(first.length(), second.length());
      for (int j = 0; j < length; ++j) {
        const char u = first[j];
        const char v = second[j];
        if (u != v) {
          if (!graph[u].count(v)) {
            graph[u].insert(v);
            ++inDegree[v - 'a'];
          }
          break;  // Later characters' order are meaningless
        }
        // First = ""ab"", second = ""a"" -> invalid
        if (j == length - 1 && first.length() > second.length()) {
          graph.clear();
          return;
        }
      }
    }
  }

  string topology(unordered_map<char, unordered_set<char>>& graph,
                  List<Integer>& inDegree) {
    string s;
    queue<char> q;

    for (const auto& [c, _] : graph)
      if (inDegree[c - 'a'] == 0)
        q.push(c);

    while (!q.empty()) {
      const char u = q.front();
      q.pop();
      s += u;
      for (const char v : graph[u])
        if (--inDegree[v - 'a'] == 0)
          q.push(v);
    }

    // Words = [""z"", ""x"", ""y"", ""x""]
    return s.length() == graph.size() ? s : """";
  }
};","java"
"class Solution {
 public:
  int closestValue(TreeNode* root, double target) {
    // If target < root->val, search left subtree
    if (target < root->val && root->left) {
      const int left = closestValue(root->left, target);
      if (abs(left - target) < abs(root->val - target))
        return left;
    }

    // If target > root->val, search right subtree
    if (target > root->val && root->right) {
      const int right = closestValue(root->right, target);
      if (abs(right - target) < abs(root->val - target))
        return right;
    }

    return root->val;
  }
};","java"
"class Codec {
 public:
  // Encodes a list of strings to a single string.
  string encode(List<String>& strs) {
    string encoded;

    for (const string& s : strs)
      encoded += to_string(s.length()) + '/' + s;

    return encoded;
  }

  // Decodes a single string to a list of strings.
  List<String> decode(string s) {
    List<String> decoded;

    for (int i = 0; i < s.length();) {
      const int slash = s.find('/', i);
      const int length = stoi(s.substr(i, slash - i));
      i = slash + length + 1;
      decoded.push_back(s.substr(slash + 1, i - slash - 1));
    }

    return decoded;
  }
};","java"
"class Solution {
 public:
  List<Integer> closestKValues(TreeNode* root, double target, int k) {
    deque<int> q;

    inorder(root, q);

    while (q.size() > k)
      if (abs(q.front() - target) > abs(q.back() - target))
        q.pop_front();
      else
        q.pop_back();

    return {begin(q), end(q)};
  }

 private:
  void inorder(TreeNode* root, deque<int>& q) {
    if (root == nullptr)
      return;

    inorder(root->left, q);
    q.push_back(root->val);
    inorder(root->right, q);
  }
};","java"
"class Solution {
 public:
  string numberToWords(int num) {
    if (num == 0)
      return ""Zero"";
    return helper(num);
  }

 private:
  const List<String> belowTwenty{
      """",        ""One"",     ""Two"",       ""Three"",    ""Four"",
      ""Five"",    ""Six"",     ""Seven"",     ""Eight"",    ""Nine"",
      ""Ten"",     ""Eleven"",  ""Twelve"",    ""Thirteen"", ""Fourteen"",
      ""Fifteen"", ""Sixteen"", ""Seventeen"", ""Eighteen"", ""Nineteen""};
  const List<String> tens{"""",      """",      ""Twenty"",  ""Thirty"", ""Forty"",
                            ""Fifty"", ""Sixty"", ""Seventy"", ""Eighty"", ""Ninety""};

  string helper(int num) {
    string s;

    if (num < 20)
      s = belowTwenty.at(num);
    else if (num < 100)
      s = tens.at(num / 10) + "" "" + belowTwenty.at(num % 10);
    else if (num < 1000)
      s = helper(num / 100) + "" Hundred "" + helper(num % 100);
    else if (num < 1000000)
      s = helper(num / 1000) + "" Thousand "" + helper(num % 1000);
    else if (num < 1000000000)
      s = helper(num / 1000000) + "" Million "" + helper(num % 1000000);
    else
      s = helper(num / 1000000000) + "" Billion "" + helper(num % 1000000000);

    trim(s);
    return s;
  }

  void trim(string& s) {
    s.erase(0, s.find_first_not_of(' '));
    s.erase(s.find_last_not_of(' ') + 1);
  }
};","java"
"class Solution {
 public:
  int hIndex(List<Integer>& citations) {
    const int n = citations.size();
    int accumulate = 0;
    List<Integer> count(n + 1);

    for (const int citation : citations)
      ++count[min(citation, n)];

    // To find the largeset h-index, loop from back to front
    // I is the candidate h-index
    for (int i = n; i >= 0; --i) {
      accumulate += count[i];
      if (accumulate >= i)
        return i;
    }

    throw;
  }
};","java"
"class Solution {
 public:
  int hIndex(List<Integer>& citations) {
    const int n = citations.size();
    int l = 0;
    int r = n;

    while (l < r) {
      const int m = (l + r) / 2;
      if (citations[m] >= n - m)
        r = m;
      else
        l = m + 1;
    }

    return n - l;
  }
};","java"
"class Solution {
 public:
  int numWays(int n, int k) {
    if (n == 0)
      return 0;
    if (n == 1)
      return k;
    if (n == 2)
      return k * k;

    // dp[i] := # of ways to paint n posts with k colors
    List<Integer> dp(n + 1);
    dp[0] = 0;
    dp[1] = k;
    dp[2] = k * k;

    for (int i = 3; i <= n; ++i)
      dp[i] = (dp[i - 1] + dp[i - 2]) * (k - 1);

    return dp[n];
  }
};","java"
"class Solution {
 public:
  int findCelebrity(int n) {
    int candidate = 0;

    // Everyone knows the celebrity
    for (int i = 1; i < n; ++i)
      if (knows(candidate, i))
        candidate = i;

    // Candidate knows nobody and everyone knows the celebrity
    for (int i = 0; i < n; ++i) {
      if (i < candidate && knows(candidate, i) || !knows(i, candidate))
        return -1;
      if (i > candidate && !knows(i, candidate))
        return -1;
    }

    return candidate;
  }
};","java"
"bool isBadVersion(int version);

class Solution {
 public:
  int firstBadVersion(int n) {
    int l = 1;
    int r = n;

    while (l < r) {
      const int m = l + (r - l) / 2;
      if (isBadVersion(m))
        r = m;
      else
        l = m + 1;
    }

    return l;
  }
};","java"
"class Solution {
 public:
  int numSquares(int n) {
    List<Integer> dp(n + 1, n);  // 1^2 x n

    dp[0] = 0;  // No way
    dp[1] = 1;  // 1^2

    for (int i = 2; i <= n; ++i)
      for (int j = 1; j * j <= i; ++j)
        dp[i] = min(dp[i], dp[i - j * j] + 1);

    return dp[n];
  }
};","java"
"class Solution {
 public:
  void wiggleSort(List<Integer>& nums) {
    // 1. if i is even, then nums[i] <= nums[i - 1]
    // 2. if i is odd, then nums[i] >= nums[i - 1]
    for (int i = 1; i < nums.size(); ++i)
      if ((!(i & 1) && nums[i] > nums[i - 1]) ||
          ((i & 1) && nums[i] < nums[i - 1]))
        swap(nums[i], nums[i - 1]);
  }
};","java"
"class Solution {
 public:
  List<String> addOperators(string num, int target) {
    List<String> ans;
    dfs(num, target, 0, 0, 0, {}, ans);
    return ans;
  }

 private:
  string join(const List<String>& path) {
    string joined;
    for (const string& s : path)
      joined += s;
    return joined;
  }

  // Start index, prev value, current evaluated value
  void dfs(const string& num, int target, int start, long prev, long eval,
           List<String>&& path, List<String>& ans) {
    if (start == num.length()) {
      if (eval == target)
        ans.push_back(join(path));
      return;
    }

    for (int i = start; i < num.length(); ++i) {
      if (i > start && num[start] == '0')
        return;
      const string& s = num.substr(start, i - start + 1);
      const long curr = stol(s);
      if (start == 0) {
        path.push_back(s);
        dfs(num, target, i + 1, curr, curr, move(path), ans);
        path.pop_back();
      } else {
        for (const string& op : {""+"", ""-"", ""*""}) {
          path.push_back(op + s);
          if (op == ""+"")
            dfs(num, target, i + 1, curr, eval + curr, move(path), ans);
          else if (op == ""-"")
            dfs(num, target, i + 1, -curr, eval - curr, move(path), ans);
          else
            dfs(num, target, i + 1, prev * curr, eval - prev + prev * curr,
                move(path), ans);
          path.pop_back();
        }
      }
    }
  }
};","java"
"class Solution {
 public:
  void moveZeroes(List<Integer>& nums) {
    int i = 0;
    for (const int num : nums)
      if (num != 0)
        nums[i++] = num;

    while (i < nums.size())
      nums[i++] = 0;
  }
};","java"
"class PeekingIterator : public Iterator {
 public:
  PeekingIterator(const List<Integer>& nums) : Iterator(nums) {}

  // Returns the next element in the iteration without advancing the iterator.
  int peek() {
    // Iterator(*this) makes a copy of current iterator, then call next on the
    // Copied iterator to get the next value without affecting current iterator
    return Iterator(*this).next();
  }

  // hasNext() and next() should behave the same as in the Iterator interface.
  // Override them if needed.
  int next() {
    return Iterator::next();
  }

  bool hasNext() const {
    return Iterator::hasNext();
  }
};","java"
"class Solution {
 public:
  TreeNode* inorderSuccessor(TreeNode* root, TreeNode* p) {
    if (root == nullptr)
      return nullptr;
    if (root->val <= p->val)
      return inorderSuccessor(root->right, p);

    TreeNode* left = inorderSuccessor(root->left, p);
    return left ? left : root;
  }
};","java"
"class Solution {
 public:
  void wallsAndGates(vector<List<Integer>>& rooms) {
    const int m = rooms.size();
    const int n = rooms[0].size();
    const List<Integer> dirs{0, 1, 0, -1, 0};
    queue<pair<int, int>> q;

    for (int i = 0; i < m; ++i)
      for (int j = 0; j < n; ++j)
        if (rooms[i][j] == 0)
          q.emplace(i, j);

    while (!q.empty()) {
      const auto [i, j] = q.front();
      q.pop();
      for (int k = 0; k < 4; ++k) {
        const int x = i + dirs[k];
        const int y = j + dirs[k + 1];
        if (x < 0 || x == m || y < 0 || y == n)
          continue;
        if (rooms[x][y] != INT_MAX)
          continue;
        rooms[x][y] = rooms[i][j] + 1;
        q.emplace(x, y);
      }
    }
  }
};","java"
"class Solution {
 public:
  int findDuplicate(List<Integer>& nums) {
    int slow = nums[nums[0]];
    int fast = nums[nums[nums[0]]];

    while (slow != fast) {
      slow = nums[slow];
      fast = nums[nums[fast]];
    }

    slow = nums[0];

    while (slow != fast) {
      slow = nums[slow];
      fast = nums[fast];
    }

    return slow;
  }
};","java"
"class Solution {
 public:
  void gameOfLife(vector<List<Integer>>& board) {
    const int m = board.size();
    const int n = board[0].size();

    for (int i = 0; i < m; ++i)
      for (int j = 0; j < n; ++j) {
        int ones = 0;
        for (int x = max(0, i - 1); x < min(m, i + 2); ++x)
          for (int y = max(0, j - 1); y < min(n, j + 2); ++y)
            ones += board[x][y] & 1;
        // Any live cell with 2 or 3 live neighbors
        // lives on to the next generation
        if (board[i][j] == 1 && (ones == 3 || ones == 4))
          board[i][j] |= 0b10;
        // Any dead cell with exactly 3 live neighbors
        // becomes a live cell, as if by reproduction
        if (board[i][j] == 0 && ones == 3)
          board[i][j] |= 0b10;
      }

    for (int i = 0; i < m; ++i)
      for (int j = 0; j < n; ++j)
        board[i][j] >>= 1;
  }
};","java"
"class Solution {
 public:
  bool wordPattern(string pattern, string str) {
    const int n = pattern.length();
    istringstream iss(str);
    List<Integer> charToIndex(128);
    unordered_map<string, int> stringToIndex;

    int i = 0;
    for (string word; iss >> word; ++i) {
      if (i == n)  // Out of bound
        return false;
      if (charToIndex[pattern[i]] != stringToIndex[word])
        return false;
      charToIndex[pattern[i]] = i + 1;
      stringToIndex[word] = i + 1;
    }

    return i == n;
  }
};","java"
"class Solution {
 public:
  bool wordPatternMatch(string pattern, string s) {
    return isMatch(pattern, 0, s, 0, unordered_map<char, string>(),
                   unordered_set<string>());
  }

 private:
  bool isMatch(const string& pattern, int i, const string& s, int j,
               unordered_map<char, string>&& charToString,
               unordered_set<string>&& seen) {
    if (i == pattern.length() && j == s.length())
      return true;
    if (i == pattern.length() || j == s.length())
      return false;

    const char c = pattern[i];

    if (const auto it = charToString.find(c); it != cend(charToString)) {
      const string& t = it->second;
      // Check if we can match t w/ s[j:]
      if (s.substr(j).find(t) == string::npos)
        return false;

      // If can match, so continue match the rest
      return isMatch(pattern, i + 1, s, j + t.length(), move(charToString),
                     move(seen));
    }

    for (int k = j; k < s.length(); ++k) {
      const string& t = s.substr(j, k - j + 1);

      // This string is already mapped by other character
      if (seen.count(t))
        continue;

      charToString[c] = t;
      seen.insert(t);

      if (isMatch(pattern, i + 1, s, k + 1, move(charToString), move(seen)))
        return true;

      // Backtracking
      charToString.erase(c);
      seen.erase(t);
    }

    return false;
  }
};","java"
"class Solution {
 public:
  bool canWinNim(int n) {
    return n % 4 != 0;
  }
};","java"
"class Solution {
 public:
  List<String> generatePossibleNextMoves(string currentState) {
    List<String> ans;

    for (int i = 0; i + 1 < currentState.length(); ++i)
      if (currentState[i] == '+' && currentState[i + 1] == '+')
        ans.push_back(currentState.substr(0, i) + ""--"" +
                      currentState.substr(i + 2));

    return ans;
  }
};","java"
"class Solution {
 public:
  bool canWin(string currentState) {
    const auto it = memo.find(currentState);
    if (it == cend(memo))
      return it->second;

    // If any of currentState[i:i + 2] == ""++"" and your friend can't win after
    // Changing currentState[i:i + 2] to ""--"" (or ""-""), then you can win
    for (int i = 0; i + 1 < currentState.length(); ++i)
      if (currentState[i] == '+' && currentState[i + 1] == '+' &&
          !canWin(currentState.substr(0, i) + '-' + currentState.substr(i + 2)))
        return memo[currentState] = true;

    return memo[currentState] = false;
  }

 private:
  unordered_map<string, bool> memo;
};","java"
"class MedianFinder {
 public:
  void addNum(int num) {
    if (maxHeap.empty() || num <= maxHeap.top())
      maxHeap.push(num);
    else
      minHeap.push(num);

    // Balance two heaps s.t.
    // |maxHeap| >= |minHeap| and |maxHeap| - |minHeap| <= 1
    if (maxHeap.size() < minHeap.size())
      maxHeap.push(minHeap.top()), minHeap.pop();
    else if (maxHeap.size() - minHeap.size() > 1)
      minHeap.push(maxHeap.top()), maxHeap.pop();
  }

  double findMedian() {
    if (maxHeap.size() == minHeap.size())
      return (maxHeap.top() + minHeap.top()) / 2.0;
    return maxHeap.top();
  }

 private:
  priority_queue<int> maxHeap;
  priority_queue<int, List<Integer>, greater<>> minHeap;
};","java"
"class Solution {
 public:
  int minTotalDistance(vector<List<Integer>>& grid) {
    const int m = grid.size();
    const int n = grid[0].size();
    List<Integer> I;  // I indices s.t. grid[i][j] == 1
    List<Integer> J;  // J indices s.t. grid[i][j] == 1

    for (int i = 0; i < m; ++i)
      for (int j = 0; j < n; ++j)
        if (grid[i][j])
          I.push_back(i);

    for (int j = 0; j < n; ++j)
      for (int i = 0; i < m; ++i)
        if (grid[i][j])
          J.push_back(j);

    // Sum(i - median(I)) + sum(j - median(J))
    return minTotalDistance(I) + minTotalDistance(J);
  }

 private:
  int minTotalDistance(const List<Integer>& grid) {
    int sum = 0;
    int i = 0;
    int j = grid.size() - 1;

    while (i < j)
      sum += grid[j--] - grid[i++];

    return sum;
  }
};","java"
"class Codec {
 public:
  // Encodes a tree to a single string.
  string serialize(TreeNode* root) {
    if (root == nullptr)
      return """";

    string s;
    queue<TreeNode*> q{{root}};

    while (!q.empty()) {
      TreeNode* node = q.front();
      q.pop();
      if (node != nullptr) {
        s += to_string(node->val) + "" "";
        q.push(node->left);
        q.push(node->right);
      } else {
        s += ""n "";
      }
    }

    return s;
  }

  // Decodes your encoded data to tree.
  TreeNode* deserialize(string data) {
    if (data.empty())
      return nullptr;

    istringstream iss(data);
    string word;
    iss >> word;
    TreeNode* root = new TreeNode(stoi(word));
    queue<TreeNode*> q{{root}};

    while (iss >> word) {
      TreeNode* node = q.front();
      q.pop();
      if (word != ""n"") {
        node->left = new TreeNode(stoi(word));
        q.push(node->left);
      }
      iss >> word;
      if (word != ""n"") {
        node->right = new TreeNode(stoi(word));
        q.push(node->right);
      }
    }

    return root;
  }
};","java"
"class Solution {
 public:
  int longestConsecutive(TreeNode* root) {
    if (root == nullptr)
      return 0;
    return dfs(root, root->val, 0, 0);
  }

 private:
  int dfs(TreeNode* root, int target, int length, int maxLength) {
    if (root == nullptr)
      return maxLength;
    if (root->val == target)
      maxLength = max(maxLength, ++length);
    else
      length = 1;
    return max(dfs(root->left, root->val + 1, length, maxLength),
               dfs(root->right, root->val + 1, length, maxLength));
  }
};","java"
"class Solution {
 public:
  string getHint(string secret, string guess) {
    int A = 0;
    int B = 0;
    List<Integer> count1(10);
    List<Integer> count2(10);

    for (int i = 0; i < secret.length(); ++i)
      if (secret[i] == guess[i])
        ++A;
      else {
        ++count1[secret[i] - '0'];
        ++count2[guess[i] - '0'];
      }

    for (int i = 0; i < 10; ++i)
      B += min(count1[i], count2[i]);

    return to_string(A) + ""A"" + to_string(B) + ""B"";
  }
};","java"
"class Solution {
 public:
  int lengthOfLIS(List<Integer>& nums) {
    if (nums.empty())
      return 0;

    // dp[i] := Length of LIS ending at nums[i]
    List<Integer> dp(nums.size(), 1);

    for (int i = 1; i < nums.size(); ++i)
      for (int j = 0; j < i; ++j)
        if (nums[j] < nums[i])
          dp[i] = max(dp[i], dp[j] + 1);

    return *max_element(begin(dp), end(dp));
  }
};","java"
"class Solution {
 public:
  List<String> removeInvalidParentheses(string s) {
    List<String> ans;
    const auto [l, r] = getLeftAndRightCounts(s);
    dfs(s, 0, l, r, ans);
    return ans;
  }

 private:
  // Similar to 921. Minimum Add to Make Parentheses Valid
  // Returns how many '(' and ')' need to be deleted
  pair<int, int> getLeftAndRightCounts(const string& s) {
    int l = 0;
    int r = 0;

    for (const char c : s)
      if (c == '(')
        ++l;
      else if (c == ')') {
        if (l == 0)
          ++r;
        else
          --l;
      }

    return {l, r};
  }

  void dfs(const string& s, int start, int l, int r, List<String>& ans) {
    if (l == 0 && r == 0 && isValid(s)) {
      ans.push_back(s);
      return;
    }

    for (int i = start; i < s.length(); ++i) {
      if (i > start && s[i] == s[i - 1])
        continue;
      if (l > 0 && s[i] == '(')  // Delete s[i]
        dfs(s.substr(0, i) + s.substr(i + 1), i, l - 1, r, ans);
      if (r > 0 && s[i] == ')')  // Delete s[i]
        dfs(s.substr(0, i) + s.substr(i + 1), i, l, r - 1, ans);
    }
  }

  bool isValid(const string& s) {
    int count = 0;  // # of '(' - # of ')'

    for (const char c : s) {
      if (c == '(')
        ++count;
      else if (c == ')')
        --count;
      if (count < 0)
        return false;
    }

    return true;  // Count == 0
  }
};","java"
"class Solution {
 public:
  int minArea(vector<vector<char>>& image, int x, int y) {
    const int m = image.size();
    const int n = image[0].size();
    const List<Integer> dirs{0, 1, 0, -1, 0};
    List<Integer> topLeft{x, y};
    List<Integer> bottomRight{x, y};
    queue<pair<int, int>> q{{{x, y}}};
    image[x][y] = '2';  // Visited

    while (!q.empty()) {
      const auto [i, j] = q.front();
      q.pop();
      for (int k = 0; k < 4; ++k) {
        const int r = i + dirs[k];
        const int c = j + dirs[k + 1];
        if (r < 0 || r == m || c < 0 || c == n)
          continue;
        if (image[r][c] != '1')
          continue;
        topLeft[0] = min(topLeft[0], r);
        topLeft[1] = min(topLeft[1], c);
        bottomRight[0] = max(bottomRight[0], r);
        bottomRight[1] = max(bottomRight[1], c);
        q.emplace(r, c);
        image[r][c] = '2';
      }
    }

    const int width = bottomRight[1] - topLeft[1] + 1;
    const int height = bottomRight[0] - topLeft[0] + 1;
    return width * height;
  }
};","java"
"class NumArray {
 public:
  NumArray(List<Integer>& nums) : prefix(nums.size() + 1) {
    partial_sum(begin(nums), end(nums), begin(prefix) + 1);
  }

  int sumRange(int left, int right) {
    return prefix[right + 1] - prefix[left];
  }

 private:
  List<Integer> prefix;
};","java"
"class NumMatrix {
 public:
  NumMatrix(vector<List<Integer>>& matrix) {
    if (matrix.empty())
      return;

    const int m = matrix.size();
    const int n = matrix[0].size();
    // prefix[i][j] := sum of matrix[0..i)[0..j)
    prefix.resize(m + 1, List<Integer>(n + 1));

    for (int i = 0; i < m; ++i)
      for (int j = 0; j < n; ++j)
        prefix[i + 1][j + 1] =
            matrix[i][j] + prefix[i][j + 1] + prefix[i + 1][j] - prefix[i][j];
  }

  int sumRegion(int row1, int col1, int row2, int col2) {
    return prefix[row2 + 1][col2 + 1] - prefix[row1][col2 + 1] -
           prefix[row2 + 1][col1] + prefix[row1][col1];
  }

 private:
  vector<List<Integer>> prefix;
};","java"
"class UnionFind {
 public:
  List<Integer> id;

  UnionFind(int n) : id(n, -1), rank(n) {}

  void unionByRank(int u, int v) {
    const int i = find(u);
    const int j = find(v);
    if (i == j)
      return;
    if (rank[i] < rank[j]) {
      id[i] = id[j];
    } else if (rank[i] > rank[j]) {
      id[j] = id[i];
    } else {
      id[i] = id[j];
      ++rank[j];
    }
  }

  int find(int u) {
    return id[u] == u ? u : id[u] = find(id[u]);
  }

 private:
  List<Integer> rank;
};

class Solution {
 public:
  List<Integer> numIslands2(int m, int n, vector<List<Integer>>& positions) {
    const List<Integer> dirs{0, 1, 0, -1, 0};
    List<Integer> ans;
    vector<vector<bool>> seen(m, vector<bool>(n));
    UnionFind uf(m * n);
    int count = 0;

    for (const List<Integer>& p : positions) {
      const int i = p[0];
      const int j = p[1];
      if (seen[i][j]) {
        ans.push_back(count);
        continue;
      }
      seen[i][j] = true;
      const int id = getId(i, j, n);
      uf.id[id] = id;
      ++count;
      for (int k = 0; k < 4; ++k) {
        const int x = i + dirs[k];
        const int y = j + dirs[k + 1];
        if (x < 0 || x == m || y < 0 || y == n)
          continue;
        const int neighborId = getId(x, y, n);
        if (uf.id[neighborId] == -1)  // Water
          continue;
        const int currentRoot = uf.find(id);
        const int neighborRoot = uf.find(neighborId);
        if (currentRoot != neighborRoot) {
          uf.unionByRank(currentRoot, neighborRoot);
          --count;
        }
      }
      ans.push_back(count);
    }

    return ans;
  }

 private:
  int getId(int i, int j, int n) {
    return i * n + j;
  }
};","java"
"class Solution {
 public:
  bool isAdditiveNumber(string num) {
    const int n = num.length();

    // num[0..i] = firstNum
    for (int i = 0; i < n / 2; ++i) {
      if (i > 0 && num[0] == '0')
        return false;
      const long firstNum = stol(num.substr(0, i + 1));
      // num[i + 1..j] = secondNum
      // Len(thirdNum) >= max(len(firstNum), len(secondNum))
      for (int j = i + 1; max(i, j - i) < n - j; ++j) {
        if (j > i + 1 && num[i + 1] == '0')
          break;
        const long secondNum = stol(num.substr(i + 1, j - i));
        if (dfs(num, firstNum, secondNum, j + 1))
          return true;
      }
    }

    return false;
  }

 private:
  bool dfs(const string& num, long firstNum, long secondNum, long s) {
    if (s == num.length())
      return true;

    const long thirdNum = firstNum + secondNum;
    const string& thirdNumStr = to_string(thirdNum);
    return num.find(thirdNumStr, s) == s &&
           dfs(num, secondNum, thirdNum, s + thirdNumStr.length());
  }
};","java"
"class FenwickTree {
 public:
  FenwickTree(int m, int n) : sums(m + 1, List<Integer>(n + 1)) {}

  void update(int row, int col, int delta) {
    for (int i = row; i < sums.size(); i += i & -i)
      for (int j = col; j < sums[0].size(); j += j & -j)
        sums[i][j] += delta;
  }

  int get(int row, int col) {
    int sum = 0;
    for (int i = row; i > 0; i -= i & -i)
      for (int j = col; j > 0; j -= j & -j)
        sum += sums[i][j];
    return sum;
  }

 private:
  vector<List<Integer>> sums;
};

class NumMatrix {
 public:
  NumMatrix(vector<List<Integer>>& matrix)
      : matrix(matrix), tree(matrix.size(), matrix[0].size()) {
    for (int i = 0; i < matrix.size(); ++i)
      for (int j = 0; j < matrix[0].size(); ++j)
        tree.update(i + 1, j + 1, matrix[i][j]);
  }

  void update(int row, int col, int val) {
    tree.update(row + 1, col + 1, val - matrix[row][col]);
    matrix[row][col] = val;
  }

  int sumRegion(int row1, int col1, int row2, int col2) {
    return tree.get(row2 + 1, col2 + 1) - tree.get(row1, col2 + 1) -
           tree.get(row2 + 1, col1) + tree.get(row1, col1);
  }

 private:
  vector<List<Integer>> matrix;
  FenwickTree tree;
};","java"
"class Solution {
 public:
  int maxProfit(List<Integer>& prices) {
    int sell = 0;
    int hold = INT_MIN;
    int prev = 0;

    for (const int price : prices) {
      const int cache = sell;
      sell = max(sell, hold + price);
      hold = max(hold, prev - price);
      prev = cache;
    }

    return sell;
  }
};","java"
"class Solution {
 public:
  List<Integer> findMinHeightTrees(int n, vector<List<Integer>>& edges) {
    if (n == 1 || edges.empty())
      return {0};

    List<Integer> ans;
    unordered_map<int, unordered_set<int>> graph;

    for (const List<Integer>& edge : edges) {
      const int u = edge[0];
      const int v = edge[1];
      graph[u].insert(v);
      graph[v].insert(u);
    }

    for (const auto& [label, children] : graph)
      if (children.size() == 1)
        ans.push_back(label);

    while (n > 2) {
      n -= ans.size();
      List<Integer> nextLeaves;
      for (const int leaf : ans) {
        const int u = *begin(graph[leaf]);
        graph[u].erase(leaf);
        if (graph[u].size() == 1)
          nextLeaves.push_back(u);
      }
      ans = nextLeaves;
    }

    return ans;
  }
};","java"
"class Solution {
 public:
  vector<List<Integer>> multiply(vector<List<Integer>>& mat1,
                               vector<List<Integer>>& mat2) {
    const int m = mat1.size();
    const int n = mat2.size();
    const int l = mat2[0].size();
    vector<List<Integer>> ans(m, List<Integer>(l));

    for (int i = 0; i < m; ++i)
      for (int j = 0; j < l; ++j)
        for (int k = 0; k < n; ++k)
          ans[i][j] += mat1[i][k] * mat2[k][j];

    return ans;
  }
};","java"
"class Solution {
 public:
  int maxCoins(List<Integer>& nums) {
    const int n = nums.size();

    nums.insert(begin(nums), 1);
    nums.insert(end(nums), 1);

    // dp[i][j] := maxCoins(nums[i..j])
    dp.resize(n + 2, List<Integer>(n + 2));
    return maxCoins(nums, 1, n);
  }

 private:
  vector<List<Integer>> dp;

  int maxCoins(List<Integer>& nums, int i, int j) {
    if (i > j)
      return 0;
    if (dp[i][j] > 0)
      return dp[i][j];

    for (int k = i; k <= j; ++k)
      dp[i][j] = max(dp[i][j],                                              //
                     maxCoins(nums, i, k - 1) + maxCoins(nums, k + 1, j) +  //
                         nums[i - 1] * nums[k] * nums[j + 1]);

    return dp[i][j];
  }
};","java"
"class Solution {
 public:
  int nthSuperUglyNumber(int n, List<Integer>& primes) {
    const int k = primes.size();
    List<Integer> indices(k);
    List<Integer> uglyNums{1};

    while (uglyNums.size() < n) {
      List<Integer> nexts(k);
      for (int i = 0; i < k; ++i)
        nexts[i] = uglyNums[indices[i]] * primes[i];
      const int next = *min_element(begin(nexts), end(nexts));
      for (int i = 0; i < k; ++i)
        if (next == nexts[i])
          ++indices[i];
      uglyNums.push_back(next);
    }

    return uglyNums.back();
  }
};","java"
"class Solution {
 public:
  vector<List<Integer>> verticalOrder(TreeNode* root) {
    if (root == nullptr)
      return {};

    List<Integer> range(2);
    getRange(root, range, 0);  // Get the leftmost and rightmost x index

    vector<List<Integer>> ans(range[1] - range[0] + 1);
    queue<pair<TreeNode*, int>> q{{{root, -range[0]}}};  // (TreeNode, x)

    while (!q.empty()) {
      const auto [node, x] = q.front();
      q.pop();
      ans[x].push_back(node->val);
      if (node->left)
        q.emplace(node->left, x - 1);
      if (node->right)
        q.emplace(node->right, x + 1);
    }

    return ans;
  }

 private:
  void getRange(TreeNode* root, List<Integer>& range, int x) {
    if (root == nullptr)
      return;

    range[0] = min(range[0], x);
    range[1] = max(range[1], x);

    getRange(root->left, range, x - 1);
    getRange(root->right, range, x + 1);
  }
};","java"
"class FenwickTree {
 public:
  FenwickTree(int n) : sums(n + 1) {}

  void update(int i, int delta) {
    while (i < sums.size()) {
      sums[i] += delta;
      i += lowbit(i);
    }
  }

  int get(int i) const {
    int sum = 0;
    while (i > 0) {
      sum += sums[i];
      i -= lowbit(i);
    }
    return sum;
  }

 private:
  List<Integer> sums;

  static inline int lowbit(int i) {
    return i & -i;
  }
};

class Solution {
 public:
  List<Integer> countSmaller(List<Integer>& nums) {
    List<Integer> ans(nums.size());
    unordered_map<int, int> ranks;
    getRanks(nums, ranks);
    FenwickTree tree(ranks.size());

    for (int i = nums.size() - 1; i >= 0; --i) {
      const int num = nums[i];
      ans[i] = tree.get(ranks[num] - 1);
      tree.update(ranks[num], 1);
    }

    return ans;
  }

 private:
  void getRanks(const List<Integer>& nums, unordered_map<int, int>& ranks) {
    set<int> sorted(begin(nums), end(nums));
    int rank = 0;
    for (const int num : sorted)
      ranks[num] = ++rank;
  }
};","java"
"class Solution {
 public:
  string removeDuplicateLetters(string s) {
    string ans;
    List<Integer> count(128);
    vector<bool> used(128);

    for (const char c : s)
      ++count[c];

    for (const char c : s) {
      --count[c];
      if (used[c])
        continue;
      while (!ans.empty() && ans.back() > c && count[ans.back()] > 0) {
        used[ans.back()] = false;
        ans.pop_back();
      }
      used[c] = true;
      ans.push_back(c);
    }

    return ans;
  }
};","java"
"class Solution {
 public:
  int shortestDistance(vector<List<Integer>>& grid) {
    const int m = grid.size();
    const int n = grid[0].size();
    const int nBuildings = getBuildingCount(grid);
    const List<Integer> dirs{0, 1, 0, -1, 0};
    int ans = INT_MAX;
    // dist[i][j] := total distance of grid[i][j] (0) to reach all buildings (1)
    vector<List<Integer>> dist(m, List<Integer>(n));
    // reachCount[i][j] := # of buildings (1) grid[i][j] (0) can reach
    vector<List<Integer>> reachCount(m, List<Integer>(n));

    auto bfs = [&](int row, int col) -> bool {
      queue<pair<int, int>> q{{{row, col}}};
      vector<vector<bool>> seen(m, vector<bool>(n));
      seen[row][col] = true;
      int depth = 0;
      int seenBuildings = 1;

      while (!q.empty()) {
        ++depth;
        for (int sz = q.size(); sz > 0; --sz) {
          const auto [i, j] = q.front();
          q.pop();
          for (int k = 0; k < 4; ++k) {
            const int x = i + dirs[k];
            const int y = j + dirs[k + 1];
            if (x < 0 || x == m || y < 0 || y == n)
              continue;
            if (seen[x][y])
              continue;
            seen[x][y] = true;
            if (!grid[x][y]) {
              dist[x][y] += depth;
              ++reachCount[x][y];
              q.emplace(x, y);
            } else if (grid[x][y] == 1) {
              ++seenBuildings;
            }
          }
        }
      }

      return seenBuildings == nBuildings;
    };

    for (int i = 0; i < m; ++i)
      for (int j = 0; j < n; ++j)
        if (grid[i][j] == 1)  // Bfs from this building
          if (!bfs(i, j))
            return -1;

    for (int i = 0; i < m; ++i)
      for (int j = 0; j < n; ++j)
        if (reachCount[i][j] == nBuildings)
          ans = min(ans, dist[i][j]);

    return ans == INT_MAX ? -1 : ans;
  }

 private:
  int getBuildingCount(vector<List<Integer>>& grid) {
    return accumulate(begin(grid), end(grid), 0, [](int s, List<Integer>& row) {
      return s + count(begin(row), end(row), 1);
    });
  }
};","java"
"class Solution {
 public:
  int maxProduct(List<String>& words) {
    size_t ans = 0;
    List<Integer> masks;

    for (const string& word : words)
      masks.push_back(getMask(word));

    for (int i = 0; i < words.size(); ++i)
      for (int j = 0; j < i; ++j)
        if ((masks[i] & masks[j]) == 0)
          ans = max(ans, words[i].length() * words[j].length());

    return ans;
  }

 private:
  int getMask(const string& word) {
    int mask = 0;
    for (const char c : word)
      mask |= 1 << c - 'a';
    return mask;
  }
};","java"
"class Solution {
 public:
  int bulbSwitch(int n) {
    // K-th bulb only be switched when k % i == 0.
    // So we can reiterate the problem:
    // To find # of number <= n that have odd factors.
    // Obviously, only square numbers have odd factor(s).
    // E.g. n = 10, only 1, 4, and 9 are square numbers that <= 10
    return sqrt(n);
  }
};","java"
"class Solution {
 public:
  List<String> generateAbbreviations(string word) {
    List<String> ans;
    dfs(word, 0, 0, {}, ans);
    return ans;
  }

 private:
  void dfs(const string& word, int i, int count, List<String>&& path,
           List<String>& ans) {
    if (i == word.length()) {
      ans.push_back(join(path) + getCountString(count));
      return;
    }

    // Abbreviate word[i]
    dfs(word, i + 1, count + 1, move(path), ans);
    // Keep word[i], so consume the count as a string
    path.push_back(getCountString(count) + word[i]);
    dfs(word, i + 1, 0, move(path), ans);  // Reset count to 0
    path.pop_back();
  }

  string getCountString(int count) {
    return count > 0 ? to_string(count) : """";
  }

  string join(const List<String>& path) {
    string joined;
    for (const string& s : path)
      joined += s;
    return joined;
  };
};","java"
"class Solution {
 public:
  List<Integer> maxNumber(List<Integer>& nums1, List<Integer>& nums2, int k) {
    List<Integer> ans;

    for (int k1 = 0; k1 <= k; ++k1) {
      const int k2 = k - k1;
      if (k1 > nums1.size() || k2 > nums2.size())
        continue;
      ans = max(ans, maxNumber(maxNumber(nums1, k1), maxNumber(nums2, k2)));
    }

    return ans;
  }

 private:
  List<Integer> maxNumber(const List<Integer>& nums, int k) {
    if (k == 0)
      return {};

    List<Integer> ans;
    int toPop = nums.size() - k;

    for (const int num : nums) {
      while (!ans.empty() && ans.back() < num && toPop-- > 0)
        ans.pop_back();
      ans.push_back(num);
    }

    return {begin(ans), begin(ans) + k};
  }

 private:
  List<Integer> maxNumber(const List<Integer>& nums1, const List<Integer>& nums2) {
    List<Integer> ans;

    auto s1 = cbegin(nums1);
    auto s2 = cbegin(nums2);

    while (s1 != cend(nums1) || s2 != cend(nums2))
      if (lexicographical_compare(s1, cend(nums1), s2, cend(nums2)))
        ans.push_back(*s2++);
      else
        ans.push_back(*s1++);

    return ans;
  }
};","java"
"class Solution {
 public:
  int coinChange(List<Integer>& coins, int amount) {
    // dp[i] := fewest # of coins to make up i
    List<Integer> dp(amount + 1, amount + 1);
    dp[0] = 0;

    for (const int coin : coins)
      for (int i = coin; i <= amount; ++i)
        dp[i] = min(dp[i], dp[i - coin] + 1);

    return dp[amount] == amount + 1 ? -1 : dp[amount];
  }
};","java"
"class Solution {
 public:
  int countComponents(int n, vector<List<Integer>>& edges) {
    int ans = 0;
    vector<List<Integer>> graph(n);
    unordered_set<int> seen;

    for (const List<Integer>& edge : edges) {
      const int u = edge[0];
      const int v = edge[1];
      graph[u].push_back(v);
      graph[v].push_back(u);
    }

    for (int i = 0; i < n; ++i)
      if (!seen.count(i)) {
        bfs(graph, i, seen);
        ++ans;
      }

    return ans;
  }

 private:
  void bfs(const vector<List<Integer>>& graph, int node,
           unordered_set<int>& seen) {
    queue<int> q{{node}};
    seen.insert(node);

    while (!q.empty()) {
      const int u = q.front();
      q.pop();
      for (const int v : graph[u])
        if (!seen.count(v)) {
          q.push(v);
          seen.insert(v);
        }
    }
  }
};","java"
"class Solution {
 public:
  void wiggleSort(List<Integer>& nums) {
    const int n = nums.size();
    const auto it = begin(nums) + n / 2;
    nth_element(begin(nums), it, end(nums));
    const int median = *it;

// Index-rewiring
#define A(i) nums[(1 + 2 * i) % (n | 1)]

    for (int i = 0, j = 0, k = n - 1; i <= k;)
      if (A(i) > median)
        swap(A(i++), A(j++));
      else if (A(i) < median)
        swap(A(i), A(k--));
      else
        ++i;
  }
};","java"
"class Solution {
 public:
  int maxSubArrayLen(List<Integer>& nums, int k) {
    int ans = 0;
    int prefix = 0;
    unordered_map<int, int> prefixToIndex{{0, -1}};

    for (int i = 0; i < nums.size(); ++i) {
      prefix += nums[i];
      const int target = prefix - k;
      if (const auto it = prefixToIndex.find(target); it != cend(prefixToIndex))
        ans = max(ans, i - it->second);
      if (!prefixToIndex.count(prefix))
        prefixToIndex[prefix] = i;
    }

    return ans;
  }
};","java"
"class Solution {
 public:
  bool isPowerOfThree(int n) {
    return n > 0 && static_cast<int>(pow(3, 19)) % n == 0;
  }
};","java"
"class Solution {
 public:
  int countRangeSum(List<Integer>& nums, int lower, int upper) {
    const int n = nums.size();
    int ans = 0;
    vector<long> prefix{0};

    for (int i = 0; i < n; ++i)
      prefix.push_back(prefix.back() + nums[i]);

    mergeSort(prefix, 0, n, lower, upper, ans);
    return ans;
  }

 private:
  void mergeSort(vector<long>& prefix, int l, int r, int lower, int upper,
                 int& ans) {
    if (l >= r)
      return;

    const int m = (l + r) / 2;
    mergeSort(prefix, l, m, lower, upper, ans);
    mergeSort(prefix, m + 1, r, lower, upper, ans);
    merge(prefix, l, m, r, lower, upper, ans);
  }

  void merge(vector<long>& prefix, int l, int m, int r, int lower, int upper,
             int& ans) {
    int lo = m + 1;  // 1st index s.t. prefix[lo] - prefix[i] >= lower
    int hi = m + 1;  // 1st index s.t. prefix[hi] - prefix[i] > upper

    // For each index i in range [l, m], add hi - lo to ans
    for (int i = l; i <= m; ++i) {
      while (lo <= r && prefix[lo] - prefix[i] < lower)
        ++lo;
      while (hi <= r && prefix[hi] - prefix[i] <= upper)
        ++hi;
      ans += hi - lo;
    }

    vector<long> sorted(r - l + 1);
    int k = 0;      // sorted's index
    int i = l;      // left's index
    int j = m + 1;  // right's index

    while (i <= m && j <= r)
      if (prefix[i] < prefix[j])
        sorted[k++] = prefix[i++];
      else
        sorted[k++] = prefix[j++];

    // Put possible remaining left part to the sorted array
    while (i <= m)
      sorted[k++] = prefix[i++];

    // Put possible remaining right part to the sorted array
    while (j <= r)
      sorted[k++] = prefix[j++];

    copy(begin(sorted), end(sorted), begin(prefix) + l);
  }
};","java"
"class Solution {
 public:
  ListNode* oddEvenList(ListNode* head) {
    ListNode oddHead(0);
    ListNode evenHead(0);
    ListNode* odd = &oddHead;
    ListNode* even = &evenHead;

    for (int isOdd = 0; head; head = head->next)
      if (isOdd ^= 1) {
        odd->next = head;
        odd = odd->next;
      } else {
        even->next = head;
        even = even->next;
      }

    odd->next = evenHead.next;
    even->next = nullptr;
    return oddHead.next;
  }
};","java"
"class Solution {
 public:
  int longestIncreasingPath(vector<List<Integer>>& matrix) {
    const int m = matrix.size();
    const int n = matrix[0].size();
    int ans = 0;
    vector<List<Integer>> memo(m, List<Integer>(n));

    for (int i = 0; i < m; ++i)
      for (int j = 0; j < n; ++j)
        ans = max(ans, dfs(matrix, i, j, INT_MIN, memo));

    return ans;
  }

 private:
  // memo[i][j] := the LIP starting from matrix[i][j]
  int dfs(const vector<List<Integer>>& matrix, int i, int j, int prev,
          vector<List<Integer>>& memo) {
    if (i < 0 || i == matrix.size() || j < 0 || j == matrix[0].size())
      return 0;
    if (matrix[i][j] <= prev)
      return 0;
    int& ans = memo[i][j];
    if (ans > 0)
      return ans;

    const int curr = matrix[i][j];
    return ans = 1 + max({dfs(matrix, i + 1, j, curr, memo),
                          dfs(matrix, i - 1, j, curr, memo),
                          dfs(matrix, i, j + 1, curr, memo),
                          dfs(matrix, i, j - 1, curr, memo)});
  }
};","java"
"class Solution {
 public:
  int minPatches(List<Integer>& nums, int n) {
    int ans = 0;
    int i = 0;      // Point to nums
    long miss = 1;  // Min sum in [1, n] we might miss

    while (miss <= n)
      if (i < nums.size() && nums[i] <= miss) {
        miss += nums[i++];
      } else {
        // Greedily add miss itself to increase the range
        // From [1, miss) to [1, 2 * miss)
        miss += miss;
        ++ans;
      }

    return ans;
  }
};","java"
"class Solution {
 public:
  bool isValidSerialization(string preorder) {
    int degree = 1;  // OutDegree (children) - inDegree (parent)
    istringstream iss(preorder);

    for (string node; getline(iss, node, ',');) {
      if (--degree < 0)
        return false;
      if (node != ""#"")
        degree += 2;
    }

    return degree == 0;
  }
};","java"
"class Solution {
 public:
  List<String> findItinerary(vector<List<String>>& tickets) {
    List<String> ans;
    unordered_map<string, multiset<string>> graph;

    for (const List<String>& ticket : tickets)
      graph[ticket[0]].insert(ticket[1]);

    dfs(graph, ""JFK"", ans);
    reverse(begin(ans), end(ans));
    return ans;
  }

 private:
  void dfs(unordered_map<string, multiset<string>>& graph, const string& u,
           List<String>& ans) {
    while (graph.count(u) && !graph[u].empty()) {
      const string v = *begin(graph[u]);
      graph[u].erase(begin(graph[u]));
      dfs(graph, v, ans);
    }
    ans.push_back(u);
  }
};","java"
"struct T {
  int min;   // Min value in the subtree
  int max;   // Max value in the subtree
  int size;  // Total size of the subtree
};

class Solution {
 public:
  int largestBSTSubtree(TreeNode* root) {
    return dfs(root).size;
  }

 private:
  T dfs(TreeNode* root) {
    if (root == nullptr)
      return {INT_MAX, INT_MIN, 0};

    T l = dfs(root->left);
    T r = dfs(root->right);

    if (l.max < root->val && root->val < r.min)
      return {min(l.min, root->val), max(r.max, root->val),
              1 + l.size + r.size};

    // Mark as invalid one, but still record the size of children
    // Returns (-INF, INF) because any node won't > INT and < -INF
    return {INT_MIN, INT_MAX, max(l.size, r.size)};
  }
};","java"
"class Solution {
 public:
  bool increasingTriplet(List<Integer>& nums) {
    int first = INT_MAX;
    int second = INT_MAX;

    for (const int num : nums)
      if (num <= first)
        first = num;
      else if (num <= second)  // First < num <= second
        second = num;
      else
        return true;  // First < second < num (third)

    return false;
  }
};","java"
"class Solution {
 public:
  bool isSelfCrossing(List<Integer>& x) {
    if (x.size() <= 3)
      return false;

    for (int i = 3; i < x.size(); ++i) {
      if (x[i - 2] <= x[i] && x[i - 1] <= x[i - 3])
        return true;
      if (i >= 4 && x[i - 1] == x[i - 3] && x[i - 2] <= x[i] + x[i - 4])
        return true;
      if (i >= 5 && x[i - 4] <= x[i - 2] && x[i - 2] <= x[i] + x[i - 4] &&
          x[i - 1] <= x[i - 3] && x[i - 3] <= x[i - 1] + x[i - 5])
        return true;
    }

    return false;
  }
};","java"
"class Solution {
 public:
  vector<List<Integer>> palindromePairs(List<String>& words) {
    vector<List<Integer>> ans;
    unordered_map<string, int> map;  // {reversed word: its index}

    for (int i = 0; i < words.size(); ++i) {
      string word = words[i];
      reverse(begin(word), end(word));
      map[word] = i;
    }

    for (int i = 0; i < words.size(); ++i) {
      const string& word = words[i];
      // Special case to prevent duplicate calculation
      if (const auto it = map.find("""");
          it != cend(map) && it->second != i && isPalindrome(word))
        ans.push_back({i, it->second});
      for (int j = 1; j <= word.length(); ++j) {
        const string& l = word.substr(0, j);
        const string& r = word.substr(j);
        if (const auto it = map.find(l);
            it != cend(map) && it->second != i && isPalindrome(r))
          ans.push_back({i, it->second});
        if (const auto it = map.find(r);
            it != cend(map) && it->second != i && isPalindrome(l))
          ans.push_back({it->second, i});
      }
    }

    return ans;
  }

 private:
  bool isPalindrome(const string& word) {
    int l = 0;
    int r = word.length() - 1;
    while (l < r)
      if (word[l++] != word[r--])
        return false;
    return true;
  }
};","java"
"struct T {
  int robRoot;
  int notRobRoot;
};

class Solution {
 public:
  int rob(TreeNode* root) {
    const auto& [robRoot, notRobRoot] = robOrNotRob(root);
    return max(robRoot, notRobRoot);
  }

 private:
  T robOrNotRob(TreeNode* root) {
    if (root == nullptr)
      return {0, 0};
    const T l = robOrNotRob(root->left);
    const T r = robOrNotRob(root->right);
    return {root->val + l.notRobRoot + r.notRobRoot,
            max(l.robRoot, l.notRobRoot) + max(r.robRoot, r.notRobRoot)};
  }
};","java"
"class Solution {
 public:
  List<Integer> countBits(int n) {
    // Let f(i) := i's # of 1's in bitmask
    // f(i) = f(i / 2) + i % 2
    List<Integer> ans(n + 1);

    for (int i = 1; i <= n; ++i)
      ans[i] = ans[i / 2] + (i & 1);

    return ans;
  }
};","java"
"class Solution {
 public:
  int depthSum(vector<NestedInteger>& nestedList) {
    int ans = 0;
    int depth = 0;
    queue<NestedInteger> q;

    addIntegers(q, nestedList);

    while (!q.empty()) {
      ++depth;
      for (int sz = q.size(); sz > 0; --sz) {
        const NestedInteger ni = q.front();
        q.pop();
        if (ni.isInteger())
          ans += ni.getInteger() * depth;
        else
          addIntegers(q, ni.getList());
      }
    }

    return ans;
  }

 private:
  void addIntegers(queue<NestedInteger>& q,
                   const vector<NestedInteger>& nestedList) {
    for (const NestedInteger& ni : nestedList)
      q.push(ni);
  }
};","java"
"class Solution {
 public:
  int lengthOfLongestSubstringKDistinct(string s, int k) {
    int ans = 0;
    int distinct = 0;
    List<Integer> count(128);

    for (int l = 0, r = 0; r < s.length(); ++r) {
      if (++count[s[r]] == 1)
        ++distinct;
      while (distinct == k + 1)
        if (--count[s[l++]] == 0)
          --distinct;
      ans = max(ans, r - l + 1);
    }

    return ans;
  }
};","java"
"class NestedIterator {
 public:
  NestedIterator(vector<NestedInteger>& nestedList) {
    addInteger(nestedList);
  }

  int next() {
    const int num = q.front();
    q.pop();
    return num;
  }

  bool hasNext() {
    return !q.empty();
  }

 private:
  queue<int> q;

  void addInteger(const vector<NestedInteger>& nestedList) {
    for (const NestedInteger& ni : nestedList)
      if (ni.isInteger())
        q.push(ni.getInteger());
      else
        addInteger(ni.getList());
  }
};","java"
"class Solution {
 public:
  bool isPowerOfFour(int n) {
    // Why (4^n - 1) % 3 == 0?
    // (4^n - 1) = (2^n - 1)(2^n + 1) and 2^n - 1, 2^n, 2^n + 1 are
    // Three consecutive numbers; among one of them, there must be a multiple
    // Of 3, and that can't be 2^n, so it must be either 2^n - 1 or 2^n + 1.
    // Therefore, 4^n - 1 is a multiple of 3.
    return n > 0 && __builtin_popcountll(n) == 1 && (n - 1) % 3 == 0;
  }
};","java"
"class Solution {
 public:
  int integerBreak(int n) {
    // If an optimal product contains a factor f >= 4, then we can replace it
    // With 2 and f - 2 without losing optimality. As 2(f - 2) = 2f - 4 >= f,
    // We never need a factor >= 4, meaning we only need factors 1, 2, and 3
    // (and 1 is wasteful).
    // Also, 3 * 3 is better than 2 * 2 * 2, so we never use 2 more than twice.
    if (n == 2)  // 1 * 1
      return 1;
    if (n == 3)  // 1 * 2
      return 2;

    int ans = 1;

    while (n > 4) {
      n -= 3;
      ans *= 3;
    }
    ans *= n;

    return ans;
  }
};","java"
"class Solution {
 public:
  void reverseString(vector<char>& s) {
    int l = 0;
    int r = s.size() - 1;

    while (l < r)
      swap(s[l++], s[r--]);
  }
};","java"
"class Solution {
 public:
  string reverseVowels(string s) {
    const unordered_set<char> vowels{'a', 'e', 'i', 'o', 'u',
                                     'A', 'E', 'I', 'O', 'U'};
    int l = 0;
    int r = s.length() - 1;

    while (l < r) {
      while (l < r && !vowels.count(s[l]))
        ++l;
      while (l < r && !vowels.count(s[r]))
        --r;
      swap(s[l++], s[r--]);
    }

    return s;
  }
};","java"
"class MovingAverage {
 public:
  MovingAverage(int size) : size(size) {}

  double next(int val) {
    if (q.size() == size)
      sum -= q.front(), q.pop();
    sum += val;
    q.push(val);
    return sum / q.size();
  }

 private:
  int size;
  double sum = 0;
  queue<int> q;
};","java"
"struct T {
  int num;
  int freq;
  T(int num, int freq) : num(num), freq(freq) {}
};

class Solution {
 public:
  List<Integer> topKFrequent(List<Integer>& nums, int k) {
    const int n = nums.size();
    List<Integer> ans;
    unordered_map<int, int> count;
    auto compare = [](const T& a, const T& b) { return a.freq > b.freq; };
    priority_queue<T, vector<T>, decltype(compare)> minHeap(compare);

    for (const int num : nums)
      ++count[num];

    for (const auto& [num, freq] : count) {
      minHeap.emplace(num, freq);
      if (minHeap.size() > k)
        minHeap.pop();
    }

    while (!minHeap.empty())
      ans.push_back(minHeap.top().num), minHeap.pop();

    return ans;
  }
};","java"
"class TicTacToe {
 public:
  TicTacToe(int n) : n(n), rows(n), cols(n) {}

  /**
   * Player {player} makes a move at ({row}, {col}).
   *
   * @param row    The row of the board.
   * @param col    The column of the board.
   * @param player The player, can be either 1 or 2.
   * @return The current winning condition, can be either:
   *         0: No one wins.
   *         1: Player 1 wins.
   *         2: Player 2 wins.
   */
  int move(int row, int col, int player) {
    const int toAdd = player == 1 ? 1 : -1;
    const int target = player == 1 ? n : -n;

    if (row == col) {
      diag += toAdd;
      if (diag == target)
        return player;
    }

    if (row + col == n - 1) {
      antiDiag += toAdd;
      if (antiDiag == target)
        return player;
    }

    rows[row] += toAdd;
    if (rows[row] == target)
      return player;

    cols[col] += toAdd;
    if (cols[col] == target)
      return player;

    return 0;
  }

 private:
  const int n;
  // Record count('X') - count('O')
  List<Integer> rows;
  List<Integer> cols;
  int diag = 0;
  int antiDiag = 0;
};","java"
"class Solution {
 public:
  List<Integer> intersection(List<Integer>& nums1, List<Integer>& nums2) {
    List<Integer> ans;
    unordered_set<int> set{begin(nums1), end(nums1)};

    for (const int num : nums2)
      if (set.erase(num))
        ans.push_back(num);

    return ans;
  }
};","java"
"class Solution {
 public:
  List<Integer> intersect(List<Integer>& nums1, List<Integer>& nums2) {
    if (nums1.size() > nums2.size())
      return intersect(nums2, nums1);

    List<Integer> ans;
    unordered_map<int, int> count;

    for (const int num : nums1)
      ++count[num];

    for (const int num : nums2)
      if (const auto it = count.find(num);
          it != cend(count) && it->second-- > 0)
        ans.push_back(num);

    return ans;
  }
};","java"
"class Solution {
 public:
  int numberOfPatterns(int m, int n) {
    int ans = 0;
    vector<List<Integer>> across(10, List<Integer>(10));
    vector<bool> seen(10);

    across[1][3] = across[3][1] = 2;
    across[1][7] = across[7][1] = 4;
    across[3][9] = across[9][3] = 6;
    across[7][9] = across[9][7] = 8;
    across[1][9] = across[9][1] = across[2][8] = across[8][2] = across[3][7] =
        across[7][3] = across[4][6] = across[6][4] = 5;

    ans += dfs(m, n, 1, 1, seen, across) * 4;  // 1, 3, 7, 9 are symmetric
    ans += dfs(m, n, 2, 1, seen, across) * 4;  // 2, 4, 6, 8 are symmetric
    ans += dfs(m, n, 5, 1, seen, across);      // 5
    return ans;
  }

 private:
  int dfs(int m, int n, int u, int depth, vector<bool>& seen,
          const vector<List<Integer>>& across) {
    if (depth > n)
      return 0;

    seen[u] = true;
    int ans = depth >= m ? 1 : 0;

    for (int v = 1; v <= 9; ++v) {
      if (v == u || seen[v])
        continue;
      const int acrossed = across[u][v];
      if (acrossed == 0 || seen[acrossed])
        ans += dfs(m, n, v, depth + 1, seen, across);
    }

    seen[u] = false;
    return ans;
  }
};","java"
"class SummaryRanges {
 public:
  void addNum(int val) {
    if (map.count(val))
      return;

    const int lo = lowerKey(val);
    const int hi = higherKey(val);

    // {lo, map[lo][1]} + val + {hi, map[hi][1]} = {lo, map[hi][1]}
    if (lo >= 0 && hi >= 0 && map[lo][1] + 1 == val && val + 1 == hi) {
      map[lo][1] = map[hi][1];
      map.erase(hi);
      // {lo, map[lo][1]} + val = {lo, val}
      // (prevent adding duplicate entry by using '>=' instead of '==')
    } else if (lo >= 0 && map[lo][1] + 1 >= val) {
      map[lo][1] = max(map[lo][1], val);
    } else if (hi >= 0 && val + 1 == hi) {
      // Val + {hi, map[hi][1]} = {val, map[hi][1]}
      map[val] = {val, map[hi][1]};
      map.erase(hi);
    } else {
      map[val] = {val, val};
    }
  }

  vector<List<Integer>> getIntervals() {
    vector<List<Integer>> intervals;
    for (const auto& [_, interval] : map)
      intervals.push_back(interval);
    return intervals;
  }

 private:
  map<int, List<Integer>> map;  // {start: {start, end}}

  // Maximum in map < key
  int lowerKey(int key) {
    auto it = map.lower_bound(key);  // Minimum in map >= key
    if (it == begin(map))
      return -1;
    return (--it)->first;
  }

  // Minimum in map > key
  int higherKey(int key) {
    const auto it = map.upper_bound(key);  // Minimum in map > key
    if (it == cend(map))
      return -1;
    return it->first;
  }
};","java"
"class SnakeGame {
 public:
  /** Initialize your data structure here.
     @param width - screen width
     @param height - screen height
     @param food - A list of food positions
     E.g food = [[1,1], [1,0]] means the first food is positioned at [1,1], the
     second is at [1,0]. */
  SnakeGame(int width, int height, vector<List<Integer>>& food)
      : width(width), height(height), food(food) {
    lookup.insert(getId(0, 0));
    body.push_back(getId(0, 0));
  }

  /** Moves the snake.
      @param direction - 'U' = Up, 'L' = Left, 'R' = Right, 'D' = Down
      @return The game's score after the move. Return -1 if game over.
      Game over when snake crosses the screen boundary or bites its body. */
  int move(string direction) {
    // Old head's position
    int i = body.front() / width;
    int j = body.front() % width;

    // Update head's position and check if out of bound
    if (direction == ""U"" && --i < 0)
      return -1;
    if (direction == ""L"" && --j < 0)
      return -1;
    if (direction == ""R"" && ++j == width)
      return -1;
    if (direction == ""D"" && ++i == height)
      return -1;

    const int newHead = getId(i, j);

    // Case 1: eat food and increase size by 1
    if (k < food.size() && i == food[k][0] && j == food[k][1]) {
      lookup.insert(newHead);
      body.push_front(newHead);
      ++k;
      return ++score;
    }

    // Case 2: new head != old tail and eat body!
    if (newHead != body.back() && lookup.count(newHead))
      return -1;

    // Case 3: normal case
    // Remove old tail first (important), then add new head
    // Because new head may be in old tail's position
    lookup.erase(body.back());
    lookup.insert(newHead);
    body.pop_back();
    body.push_front(newHead);

    return score;
  }

 private:
  int width;
  int height;
  int score = 0;
  int k = 0;  // food's index
  vector<List<Integer>> food;
  unordered_set<int> lookup;
  deque<int> body;  // snake's body

  int getId(int i, int j) {
    return i * width + j;
  }
};","java"
"class Solution {
 public:
  int maxEnvelopes(vector<List<Integer>>& envelopes) {
    sort(begin(envelopes), end(envelopes), [](const auto& a, const auto& b) {
      return a[0] == b[0] ? a[1] > b[1] : a[0] < b[0];
    });

    // Same as 300. Longest Increasing Subsequence
    int ans = 0;
    List<Integer> dp(envelopes.size());

    for (const List<Integer>& e : envelopes) {
      int l = 0;
      int r = ans;
      while (l < r) {
        const int m = (l + r) / 2;
        if (dp[m] >= e[1])
          r = m;
        else
          l = m + 1;
      }
      dp[l] = e[1];
      if (l == ans)
        ++ans;
    }

    return ans;
  }
};","java"
"struct Tweet {
  int id;
  int time;
  Tweet* next = nullptr;
  Tweet(int id, int time) : id(id), time(time) {}
};

struct User {
  int id;
  unordered_set<int> followeeIds;
  Tweet* tweetHead = nullptr;

  User() {}

  User(int id) : id(id) {
    follow(id);  // Follow himself
  }

  void follow(int followeeId) {
    followeeIds.insert(followeeId);
  }

  void unfollow(int followeeId) {
    followeeIds.erase(followeeId);
  }

  void post(int tweetId, int time) {
    Tweet* oldTweetHead = tweetHead;
    tweetHead = new Tweet(tweetId, time);
    tweetHead->next = oldTweetHead;
  }
};

class Twitter {
 public:
  /** Compose a new tweet. */
  void postTweet(int userId, int tweetId) {
    if (!users.count(userId))
      users[userId] = User(userId);
    users[userId].post(tweetId, time++);
  }

  /**
   * Retrieve the 10 most recent tweet ids in the user's news feed. Each item in
   * the news feed must be posted by users who the user followed or by the user
   * herself. Tweets must be ordered from most recent to least recent.
   */
  List<Integer> getNewsFeed(int userId) {
    if (!users.count(userId))
      return {};

    List<Integer> newsFeed;

    auto compare = [](const Tweet* a, const Tweet* b) {
      return a->time < b->time;
    };
    priority_queue<Tweet*, vector<Tweet*>, decltype(compare)> maxHeap(compare);

    for (const int followeeId : users[userId].followeeIds) {
      Tweet* tweetHead = users[followeeId].tweetHead;
      if (tweetHead != nullptr)
        maxHeap.push(tweetHead);
    }

    int count = 0;
    while (!maxHeap.empty() && count++ < 10) {
      Tweet* tweet = maxHeap.top();
      maxHeap.pop();
      newsFeed.push_back(tweet->id);
      if (tweet->next)
        maxHeap.push(tweet->next);
    }

    return newsFeed;
  }

  /**
   * Follower follows a followee.
   * If the operation is invalid, it should be a no-op.
   */
  void follow(int followerId, int followeeId) {
    if (followerId == followeeId)
      return;
    if (!users.count(followerId))
      users[followerId] = User(followerId);
    if (!users.count(followeeId))
      users[followeeId] = User(followeeId);
    users[followerId].follow(followeeId);
  }

  /**
   * Follower unfollows a followee.
   * If the operation is invalid, it should be a no-op.
   */
  void unfollow(int followerId, int followeeId) {
    if (followerId == followeeId)
      return;
    if (const auto it = users.find(followerId);
        it != cend(users) && users.count(followeeId))
      it->second.unfollow(followeeId);
  }

 private:
  int time = 0;
  unordered_map<int, User> users;  // {userId: User}
};","java"
"class Solution {
 public:
  bool isReflected(vector<List<Integer>>& points) {
    int minX = INT_MAX;
    int maxX = INT_MIN;
    unordered_set<pair<int, int>, pairHash> seen;

    for (const List<Integer>& p : points) {
      const int x = p[0];
      const int y = p[1];
      minX = min(minX, x);
      maxX = max(maxX, x);
      seen.insert({x, y});
    }

    const int sum = minX + maxX;
    // (leftX + rightX) / 2 = (minX + maxX) / 2
    //  leftX = minX + maxX - rightX
    // RightX = minX + maxX - leftX

    for (const List<Integer>& p : points)
      if (!seen.count({sum - p[0], p[1]}))
        return false;

    return true;
  }

 private:
  struct pairHash {
    size_t operator()(const pair<int, int>& p) const {
      return p.first ^ p.second;
    }
  };
};","java"
"class Solution {
 public:
  int countNumbersWithUniqueDigits(int n) {
    if (n == 0)
      return 1;

    int ans = 10;
    int uniqueDigits = 9;

    for (int availableNum = 9; n > 1 && availableNum > 0; --n, --availableNum) {
      uniqueDigits *= availableNum;
      ans += uniqueDigits;
    }

    return ans;
  }
};","java"
"class Solution {
 public:
  string rearrangeString(string s, int k) {
    const int n = s.length();
    string ans;
    List<Integer> count(128);
    List<Integer> valid(128);  // valid[i] := the leftmost index char i can appear

    for (const char c : s)
      ++count[c];

    for (int i = 0; i < n; ++i) {
      const char c = getBestLetter(count, valid, i);
      if (c == '*')
        return """";
      ans += c;
      --count[c];
      valid[c] = i + k;
    }

    return ans;
  }

  // Returns the letter that has most count and also valid
 private:
  char getBestLetter(const List<Integer>& count, const List<Integer>& valid,
                     int index) {
    int maxCount = -1;
    char bestLetter = '*';

    for (char c = 'a'; c <= 'z'; ++c)
      if (count[c] > 0 && count[c] > maxCount && index >= valid[c]) {
        bestLetter = c;
        maxCount = count[c];
      }

    return bestLetter;
  }
};","java"
"class Solution {
 public:
  List<Integer> sortTransformedArray(List<Integer>& nums, int a, int b, int c) {
    const int n = nums.size();
    const bool upward = a > 0;
    List<Integer> ans(n);
    List<Integer> quad;

    for (const int num : nums)
      quad.push_back(f(num, a, b, c));

    int i = upward ? n - 1 : 0;
    for (int l = 0, r = n - 1; l <= r;)
      if (upward)  // Maximum in both ends
        ans[i--] = quad[l] > quad[r] ? quad[l++] : quad[r--];
      else  // Minimum in both ends
        ans[i++] = quad[l] < quad[r] ? quad[l++] : quad[r--];

    return ans;
  }

 private:
  // The concavity of f only depends on a's sign
  int f(int x, int a, int b, int c) {
    return (a * x + b) * x + c;
  }
};","java"
"class Solution {
 public:
  int maxKilledEnemies(vector<vector<char>>& grid) {
    const int m = grid.size();
    const int n = grid[0].size();
    int enemyCount = 0;
    // dp[i][j] := max enemies grid[i][j] can kill
    vector<List<Integer>> dp(m, List<Integer>(n));

    auto update = [&](int i, int j) {
      if (grid[i][j] == '0')
        dp[i][j] += enemyCount;
      else if (grid[i][j] == 'E')
        ++enemyCount;
      else  // grid[i][j] == 'W'
        enemyCount = 0;
    };

    // Extend four directions, if meet 'W', need to start over from 0
    for (int i = 0; i < m; ++i) {
      enemyCount = 0;
      for (int j = 0; j < n; ++j)
        update(i, j);
      enemyCount = 0;
      for (int j = n - 1; j >= 0; --j)
        update(i, j);
    }

    for (int j = 0; j < n; ++j) {
      enemyCount = 0;
      for (int i = 0; i < m; ++i)
        update(i, j);
      enemyCount = 0;
      for (int i = m - 1; i >= 0; --i)
        update(i, j);
    }

    return accumulate(begin(dp), end(dp), 0,
                      [](int subtotal, const List<Integer>& row) {
      return max(subtotal, *max_element(begin(row), end(row)));
    });
  }
};","java"
"class Solution {
 public:
  int maxSumSubmatrix(vector<List<Integer>>& matrix, int k) {
    const int m = matrix.size();
    const int n = matrix[0].size();
    int ans = INT_MIN;

    for (int baseCol = 0; baseCol < n; ++baseCol) {
      // sums[i] := sum(matrix[i][baseCol..j])
      List<Integer> sums(m, 0);
      for (int j = baseCol; j < n; ++j) {
        for (int i = 0; i < m; ++i)
          sums[i] += matrix[i][j];
        // Find the max subarray no more than k
        set<int> accumulate{0};
        int prefix = 0;
        for (const int sum : sums) {
          prefix += sum;
          if (const auto it = accumulate.lower_bound(prefix - k);
              it != cend(accumulate))
            ans = max(ans, prefix - *it);
          accumulate.insert(prefix);
        }
      }
    }

    return ans;
  }
};","java"
"class Solution {
 public:
  int depthSumInverse(vector<NestedInteger>& nestedList) {
    int ans = 0;
    int prevSum = 0;
    queue<NestedInteger> q{{begin(nestedList), end(nestedList)}};

    while (!q.empty()) {
      for (int sz = q.size(); sz > 0; --sz) {
        const NestedInteger ni = q.front();
        q.pop();
        if (ni.isInteger())
          prevSum += ni.getInteger();
        else {
          for (const NestedInteger nextNi : ni.getList())
            q.push(nextNi);
        }
      }
      ans += prevSum;
    }

    return ans;
  }
};","java"
"class Solution {
 public:
  bool canMeasureWater(int jug1Capacity, int jug2Capacity, int targetCapacity) {
    return targetCapacity == 0 ||
           jug1Capacity + jug2Capacity >= targetCapacity &&
               targetCapacity % __gcd(jug1Capacity, jug2Capacity) == 0;
  }
};","java"
"class Solution {
 public:
  vector<List<Integer>> findLeaves(TreeNode* root) {
    vector<List<Integer>> ans;

    depth(root, ans);
    return ans;
  }

 private:
  // Depth of root (0-indexed)
  int depth(TreeNode* root, vector<List<Integer>>& ans) {
    if (root == nullptr)
      return -1;

    const int l = depth(root->left, ans);
    const int r = depth(root->right, ans);
    const int h = 1 + max(l, r);
    if (ans.size() == h)  // Meet leaf
      ans.push_back({});

    ans[h].push_back(root->val);
    return h;
  }
};","java"
"class Solution {
 public:
  bool isPerfectSquare(int num) {
    long l = 1;
    long r = num;

    while (l < r) {
      const long m = (l + r) / 2;
      if (m >= num / m)
        r = m;
      else
        l = m + 1;
    }

    return l * l == num;
  }
};","java"
"class Solution {
 public:
  List<Integer> largestDivisibleSubset(List<Integer>& nums) {
    const int n = nums.size();
    List<Integer> ans;
    // sizeEndsAt[i] := largest size ends at nums[i]
    List<Integer> sizeEndsAt(n, 1);
    // prevIndex[i] := the best index s.t.
    // 1. nums[i] % nums[prevIndex[i]] == 0 and
    // 2. can increase the size of the subset
    List<Integer> prevIndex(n, -1);
    int maxSize = 0;  // Max size of the subset
    int index = -1;   // Track the best ending index

    sort(begin(nums), end(nums));

    // Fix max ending num in the subset first
    for (int i = 0; i < n; ++i) {
      for (int j = i - 1; j >= 0; --j)
        if (nums[i] % nums[j] == 0 && sizeEndsAt[i] < sizeEndsAt[j] + 1) {
          sizeEndsAt[i] = sizeEndsAt[j] + 1;
          prevIndex[i] = j;
        }
      // Find a new subset that has a bigger size
      if (maxSize < sizeEndsAt[i]) {
        maxSize = sizeEndsAt[i];
        index = i;  // Update the best ending index
      }
    }

    // Loop from back to front
    while (index != -1) {
      ans.push_back(nums[index]);
      index = prevIndex[index];
    }

    return ans;
  }
};","java"
"class Solution {
 public:
  ListNode* plusOne(ListNode* head) {
    if (head == nullptr)
      return new ListNode(1);
    if (addOne(head) == 1)
      return new ListNode(1, head);
    return head;
  }

 private:
  int addOne(ListNode* node) {
    const int carry = node->next ? addOne(node->next) : 1;
    const int sum = node->val + carry;
    node->val = sum % 10;
    return sum / 10;
  }
};","java"
"class Solution {
 public:
  List<Integer> getModifiedArray(int length, vector<List<Integer>>& updates) {
    List<Integer> ans(length);
    int prefix = 0;

    for (const List<Integer>& update : updates) {
      const int startIndex = update[0];
      const int endIndex = update[1];
      const int inc = update[2];
      ans[startIndex] += inc;
      if (endIndex + 1 < length)
        ans[endIndex + 1] -= inc;
    }

    for (int i = 0; i < length; ++i) {
      prefix += ans[i];
      ans[i] = prefix;
    }

    return ans;
  }
};","java"
"class Solution {
 public:
  int getSum(unsigned a, unsigned b) {
    while (b) {                      // Still have carry bits
      const unsigned carry = a & b;  // Record carry bits
      a ^= b;                        // ^ works like + w/o handling carry bits
      b = carry << 1;
    }
    return a;
  }
};","java"
"class Solution {
 public:
  int superPow(int a, List<Integer>& b) {
    constexpr int k = 1337;
    int ans = 1;

    auto powMod = [&](int x, int y) {  // X^y % k
      int pow = 1;
      while (y--)
        pow = (pow * x) % k;
      return pow;
    };

    a %= k;
    for (const int i : b)
      ans = powMod(ans, 10) * powMod(a, i) % k;

    return ans;
  }
};","java"
"struct T {
  int i;
  int j;
  int sum;  // nums1[i] + nums2[j]
  T(int i, int j, int sum) : i(i), j(j), sum(sum) {}
};

class Solution {
 public:
  vector<List<Integer>> kSmallestPairs(List<Integer>& nums1, List<Integer>& nums2,
                                     int k) {
    vector<List<Integer>> ans;
    auto compare = [&](const T& a, const T& b) { return a.sum > b.sum; };
    priority_queue<T, vector<T>, decltype(compare)> minHeap(compare);

    for (int i = 0; i < k && i < nums1.size(); ++i)
      minHeap.emplace(i, 0, nums1[i] + nums2[0]);

    while (!minHeap.empty() && ans.size() < k) {
      const auto [i, j, _] = minHeap.top();
      minHeap.pop();
      ans.push_back({nums1[i], nums2[j]});
      if (j + 1 < nums2.size())
        minHeap.emplace(i, j + 1, nums1[i] + nums2[j + 1]);
    }

    return ans;
  }
};","java"
"/**
 * Forward declaration of guess API.
 * (The problem description is not clear, so I translate it into follows.)
 *
 * @param traget num
 *        guess num
 *
 * @return -1 if guess num >  target num
 *          0 if guess num == target num
 *          1 if guess num <  target num
 */

class Solution {
 public:
  int guessNumber(int n) {
    int l = 1;
    int r = n;

    // Find the first guess num that >= target num
    while (l < r) {
      const int m = l + (r - l) / 2;
      if (guess(m) <= 0)  // -1, 0
        r = m;
      else
        l = m + 1;
    }

    return l;
  }
};","java"
"class Solution {
 public:
  int getMoneyAmount(int n) {
    // dp[i][j] := min money you need to guarantee a win of picking i..j
    dp.resize(n + 1, List<Integer>(n + 1, INT_MAX));
    return getMoneyAmount(1, n);
  }

 private:
  vector<List<Integer>> dp;

  int getMoneyAmount(int i, int j) {
    if (i >= j)
      return 0;
    if (dp[i][j] != INT_MAX)
      return dp[i][j];

    for (int k = i; k <= j; ++k)
      dp[i][j] =
          min(dp[i][j],
              max(getMoneyAmount(i, k - 1), getMoneyAmount(k + 1, j)) + k);

    return dp[i][j];
  }
};","java"
"class Solution {
 public:
  int wiggleMaxLength(List<Integer>& nums) {
    int increasing = 1;
    int decreasing = 1;

    for (int i = 1; i < nums.size(); ++i)
      if (nums[i] > nums[i - 1])
        increasing = decreasing + 1;
      else if (nums[i] < nums[i - 1])
        decreasing = increasing + 1;

    return max(increasing, decreasing);
  }
};","java"
"class Solution {
 public:
  int combinationSum4(List<Integer>& nums, int target) {
    vector<unsigned long long> dp(target + 1);
    dp[0] = 1;

    for (int i = 1; i <= target; ++i)
      for (const int num : nums)
        if (i >= num)
          dp[i] += dp[i - num];

    return dp[target];
  }
};","java"
"struct T {
  int i;
  int j;
  int num;  // matrix[i][j]
  T(int i, int j, int num) : i(i), j(j), num(num) {}
};

class Solution {
 public:
  int kthSmallest(vector<List<Integer>>& matrix, int k) {
    auto compare = [&](const T& a, const T& b) { return a.num > b.num; };
    priority_queue<T, vector<T>, decltype(compare)> minHeap(compare);

    for (int i = 0; i < k && i < matrix.size(); ++i)
      minHeap.emplace(i, 0, matrix[i][0]);

    while (k-- > 1) {
      const auto [i, j, _] = minHeap.top();
      minHeap.pop();
      if (j + 1 < matrix[0].size())
        minHeap.emplace(i, j + 1, matrix[i][j + 1]);
    }

    return minHeap.top().num;
  }
};","java"
"class PhoneDirectory {
 public:
  /** Initialize your data structure here
      @param maxNumbers - The maximum numbers that can be stored in the phone
     directory. */
  PhoneDirectory(int maxNumbers) : next(maxNumbers) {
    for (int i = 0; i < maxNumbers - 1; ++i)
      next[i] = i + 1;
    next.back() = 0;
  }

  /** Provide a number which is not assigned to anyone.
      @return - Return an available number. Return -1 if none is available. */
  int get() {
    if (next[number] == -1)
      return -1;

    const int ans = number;
    number = next[number];
    next[ans] = -1;  // Mark as used
    return ans;
  }

  /** Check if a number is available or not. */
  bool check(int number) {
    return next[number] != -1;
  }

  /** Recycle or release a number. */
  void release(int number) {
    if (next[number] != -1)
      return;

    next[number] = this->number;
    this->number = number;
  }

 private:
  int number = 0;    // Current possible available number
  List<Integer> next;  // Next available number
};","java"
"class RandomizedSet {
 public:
  /** Inserts a value to the set. Returns true if the set did not already
   * contain the specified element. */
  bool insert(int val) {
    if (valToIndex.count(val))
      return false;

    valToIndex[val] = vals.size();
    vals.push_back(val);
    return true;
  }

  /** Removes a value from the set. Returns true if the set contained the
   * specified element. */
  bool remove(int val) {
    if (!valToIndex.count(val))
      return false;

    const int index = valToIndex[val];
    // Following two lines order are important when vals.size() == 1
    valToIndex[vals.back()] = index;
    valToIndex.erase(val);
    vals[index] = vals.back();
    vals.pop_back();
    return true;
  }

  /** Get a random element from the set. */
  int getRandom() {
    const int index = rand() % vals.size();
    return vals[index];
  }

 private:
  unordered_map<int, int> valToIndex;  // {val: index in vals}
  List<Integer> vals;
};","java"
"struct Item {
  int val;
  int indexInMap;
  Item(int val, int indexInMap) : val(val), indexInMap(indexInMap) {}
};

class RandomizedCollection {
 public:
  /** Inserts a value to the collection. Returns true if the collection did not
   * already contain the specified element. */
  bool insert(int val) {
    valToIndices[val].push_back(items.size());
    items.emplace_back(val, valToIndices[val].size() - 1);
    return valToIndices[val].size() == 1;
  }

  /** Removes a value from the collection. Returns true if the collection
   * contained the specified element. */
  bool remove(int val) {
    if (!valToIndices.count(val))
      return false;

    const int index = valToIndices[val].back();
    valToIndices[items.back().val][items.back().indexInMap] = index;
    valToIndices[val].pop_back();
    if (valToIndices[val].empty())
      valToIndices.erase(val);
    items[index] = items.back();
    items.pop_back();
    return true;
  }

  /** Get a random element from the collection. */
  int getRandom() {
    const int index = rand() % items.size();
    return items[index].val;
  }

 private:
  unordered_map<int, List<Integer>> valToIndices;
  vector<Item> items;
};","java"
"class Solution {
 public:
  /** @param head The linked list's head.
      Note that the head is guaranteed to be not null, so it contains at least
     one node. */
  Solution(ListNode* head) : head(head) {}

  /** Returns a random node's value. */
  int getRandom() {
    int ans = -1;
    int i = 1;

    for (ListNode* curr = head; curr; curr = curr->next, ++i)
      if (rand() % i == 0)
        ans = curr->val;

    return ans;
  }

 private:
  ListNode* head;
};","java"
"class Solution {
 public:
  bool canConstruct(string ransomNote, string magazine) {
    List<Integer> count(128);

    for (const char c : magazine)
      ++count[c];

    for (const char c : ransomNote)
      if (--count[c] < 0)
        return false;

    return true;
  }
};","java"
"class Solution {
 public:
  Solution(List<Integer>& nums) : nums(move(nums)) {}

  /** Resets the array to its original configuration and return it. */
  List<Integer> reset() {
    return nums;
  }

  /** Returns a random shuffling of the array. */
  List<Integer> shuffle() {
    List<Integer> A(nums);
    for (int i = A.size() - 1; i > 0; --i) {
      const int j = rand() % (i + 1);
      swap(A[i], A[j]);
    }
    return A;
  }

 private:
  List<Integer> nums;
};","java"
"class Solution {
 public:
  NestedInteger deserialize(string s) {
    if (s[0] != '[')
      return NestedInteger(stoi(s));

    stack<NestedInteger> stack;
    int start;  // the start index of num

    for (int i = 0; i < s.length(); ++i) {
      switch (s[i]) {
        case '[':
          stack.push(NestedInteger());
          start = i + 1;
          break;
        case ',':
          if (i > start) {
            const int num = stoi(s.substr(start, i));
            stack.top().add(NestedInteger(num));
          }
          start = i + 1;
          break;
        case ']':
          NestedInteger popped = stack.top();
          stack.pop();
          if (i > start) {
            const int num = stoi(s.substr(start, i));
            popped.add(NestedInteger(num));
          }
          if (stack.empty())
            return popped;
          else
            stack.top().add(popped);
          start = i + 1;
          break;
      }
    }

    throw;
  }
};","java"
"class Solution {
 public:
  List<Integer> lexicalOrder(int n) {
    List<Integer> ans;
    int curr = 1;

    while (ans.size() < n) {
      ans.push_back(curr);
      if (curr * 10 <= n) {
        curr *= 10;
      } else {
        while (curr % 10 == 9 || curr == n)
          curr /= 10;
        ++curr;
      }
    }

    return ans;
  }
};","java"
"class Solution {
 public:
  int firstUniqChar(string s) {
    List<Integer> count(128);

    for (const char c : s)
      ++count[c];

    for (int i = 0; i < s.length(); ++i)
      if (count[s[i]] == 1)
        return i;

    return -1;
  }
};","java"
"struct T {
  int depth;
  size_t length;
  T(int depth, size_t length) : depth(depth), length(length) {}
};

class Solution {
 public:
  int lengthLongestPath(string input) {
    size_t ans = 0;
    stack<T> stack{{{-1, 0}}};  // Placeholder
    istringstream iss(input);

    for (string token; getline(iss, token, '\n');) {
      const int depth =
          count_if(begin(token), end(token), [](char c) { return c == '\t'; });
      token.erase(remove(begin(token), end(token), '\t'), end(token));
      while (depth <= stack.top().depth)
        stack.pop();
      if (isFile(token))
        ans = max(ans, stack.top().length + token.length());
      else  // Directory + '/'
        stack.emplace(depth, stack.top().length + token.length() + 1);
    }

    return ans;
  }

 private:
  bool isFile(const string& token) {
    return token.find('.') != string::npos;
  }
};","java"
"class Solution {
 public:
  char findTheDifference(string s, string t) {
    char ans = 0;

    for (const char c : s)
      ans ^= c;

    for (const char c : t)
      ans ^= c;

    return ans;
  }
};","java"
"class Solution {
 public:
  int lastRemaining(int n) {
    return n == 1 ? 1 : 2 * (1 + n / 2 - lastRemaining(n / 2));
  }
};","java"
"class Solution {
 public:
  bool isRectangleCover(vector<List<Integer>>& rectangles) {
    int area = 0;
    int x1 = INT_MAX;
    int y1 = INT_MAX;
    int x2 = INT_MIN;
    int y2 = INT_MIN;
    unordered_set<string> corners;

    for (const List<Integer>& r : rectangles) {
      area += (r[2] - r[0]) * (r[3] - r[1]);
      x1 = min(x1, r[0]);
      y1 = min(y1, r[1]);
      x2 = max(x2, r[2]);
      y2 = max(y2, r[3]);

      // Four points of current rectangle
      const List<String> points{to_string(r[0]) + "" "" + to_string(r[1]),
                                  to_string(r[0]) + "" "" + to_string(r[3]),
                                  to_string(r[2]) + "" "" + to_string(r[1]),
                                  to_string(r[2]) + "" "" + to_string(r[3])};
      for (const string& point : points)
        if (!corners.insert(point).second)
          corners.erase(point);
    }

    if (corners.size() != 4)
      return false;
    if (!corners.count(to_string(x1) + "" "" + to_string(y1)) ||
        !corners.count(to_string(x1) + "" "" + to_string(y2)) ||
        !corners.count(to_string(x2) + "" "" + to_string(y1)) ||
        !corners.count(to_string(x2) + "" "" + to_string(y2)))
      return false;

    return area == (x2 - x1) * (y2 - y1);
  }
};","java"
"class Solution {
 public:
  bool isSubsequence(string s, string t) {
    if (s.empty())
      return true;

    int i = 0;
    for (const char c : t)
      if (s[i] == c && ++i == s.length())
        return true;

    return false;
  }
};","java"
"class Solution {
 public:
  bool validUtf8(List<Integer>& data) {
    int leftToCheck = 0;

    for (const int d : data)
      if (leftToCheck == 0) {
        if ((d >> 3) == 0b11110)
          leftToCheck = 3;
        else if ((d >> 4) == 0b1110)
          leftToCheck = 2;
        else if ((d >> 5) == 0b110)
          leftToCheck = 1;
        else if ((d >> 7) == 0b0)
          leftToCheck = 0;
        else
          return false;
      } else {
        if ((d >> 6) != 0b10)
          return false;
        --leftToCheck;
      }

    return leftToCheck == 0;
  }
};","java"
"class Solution {
 public:
  string decodeString(string s) {
    stack<pair<string, int>> stack;  // (prevStr, repeatCount)
    string currStr;
    int currNum = 0;

    for (const char c : s)
      if (isdigit(c)) {
        currNum = currNum * 10 + (c - '0');
      } else {
        if (c == '[') {
          stack.emplace(currStr, currNum);
          currStr = """";
          currNum = 0;
        } else if (c == ']') {
          const auto [prevStr, n] = stack.top();
          stack.pop();
          currStr = prevStr + getRepeatedStr(currStr, n);
        } else {
          currStr += c;
        }
      }

    return currStr;
  }

 private:
  // S * n times
  string getRepeatedStr(const string& s, int n) {
    string repeat;
    while (n--)
      repeat += s;
    return repeat;
  }
};","java"
"class Solution {
 public:
  int longestSubstring(string s, int k) {
    int ans = 0;

    for (int n = 1; n <= 26; ++n)
      ans = max(ans, longestSubstringWithNUniqueCharacters(s, k, n));

    return ans;
  }

 private:
  int longestSubstringWithNUniqueCharacters(const string& s, int k, int n) {
    int ans = 0;
    int uniqueChars = 0;  // # of unique chars in window
    int noLessThanK = 0;  // # of chars >= k in window
    List<Integer> count(128);

    for (int l = 0, r = 0; r < s.length(); ++r) {
      if (count[s[r]] == 0)
        ++uniqueChars;
      if (++count[s[r]] == k)
        ++noLessThanK;
      while (uniqueChars > n) {
        if (count[s[l]] == k)
          --noLessThanK;
        if (--count[s[l]] == 0)
          --uniqueChars;
        ++l;
      }
      if (noLessThanK == n)  // Unique chars also == n
        ans = max(ans, r - l + 1);
    }

    return ans;
  }
};","java"
"class Solution {
 public:
  int maxRotateFunction(List<Integer>& nums) {
    const int sum = accumulate(begin(nums), end(nums), 0);
    int f = 0;

    // Calculate F(0) first
    for (int i = 0; i < nums.size(); ++i)
      f += i * nums[i];

    int ans = f;

    for (int i = nums.size() - 1; i > 0; --i) {
      f += sum - nums.size() * nums[i];
      ans = max(ans, f);
    }

    return ans;
  }
};","java"
"class Solution {
 public:
  int integerReplacement(long n) {
    int ans = 0;

    for (; n > 1; ++ans)
      if ((n & 1) == 0)  // Ends w/ 0
        n >>= 1;
      else if (n == 3 || ((n >> 1) & 1) == 0)  // N = 3 or ends w/ 01
        --n;
      else  // Ends w/ 11
        ++n;

    return ans;
  }
};","java"
"class Solution {
 public:
  Solution(List<Integer>& nums) : nums(move(nums)) {}

  int pick(int target) {
    int ans = -1;
    int range = 0;

    for (int i = 0; i < nums.size(); ++i)
      if (nums[i] == target && rand() % ++range == 0)
        ans = i;

    return ans;
  }

 private:
  List<Integer> nums;
};","java"
"class Solution {
 public:
  vector<double> calcEquation(vector<List<String>>& equations,
                              vector<double>& values,
                              vector<List<String>>& queries) {
    vector<double> ans;
    // graph[A][B] := A / B
    unordered_map<string, unordered_map<string, double>> graph;

    for (int i = 0; i < equations.size(); ++i) {
      const string& A = equations[i][0];
      const string& B = equations[i][1];
      graph[A][B] = values[i];
      graph[B][A] = 1 / values[i];
    }

    for (const List<String>& query : queries) {
      const string& A = query[0];
      const string& C = query[1];
      if (!graph.count(A) || !graph.count(C))
        ans.push_back(-1);
      else
        ans.push_back(divide(graph, A, C, unordered_set<string>()));
    }

    return ans;
  }

 private:
  // Returns A / C
  double divide(
      const unordered_map<string, unordered_map<string, double>>& graph,
      const string& A, const string& C, unordered_set<string>&& seen) {
    if (A == C)
      return 1.0;

    seen.insert(A);

    // Value := A / B
    for (const auto& [B, value] : graph.at(A)) {
      if (seen.count(B))
        continue;
      const double res = divide(graph, B, C, move(seen));  // B / C
      if (res > 0)                                         // Valid result
        return value * res;  // A / C = (A / B) * (B / C)
    }

    return -1;  // Invalid result
  }
};","java"
"class Solution {
 public:
  int findNthDigit(int n) {
    int digitSize = 1;
    int startNum = 1;
    long count = 9;

    while (digitSize * count < n) {
      n -= digitSize * count;
      ++digitSize;
      startNum *= 10;
      count *= 10;
    }

    const int targetNum = startNum + (n - 1) / digitSize;
    const int index = (n - 1) % digitSize;
    return to_string(targetNum)[index] - '0';
  }
};","java"
"class Solution {
 public:
  List<String> readBinaryWatch(int num) {
    List<String> ans;
    dfs(num, 0, 0, 0, ans);
    return ans;
  }

 private:
  const List<Integer> hours{1, 2, 4, 8};
  const List<Integer> minutes{1, 2, 4, 8, 16, 32};

  void dfs(int n, int s, int h, int m, List<String>& ans) {
    if (n == 0) {
      string time = to_string(h) + "":"" + (m < 10 ? ""0"" : """") + to_string(m);
      ans.push_back(time);
      return;
    }

    for (int i = s; i < hours.size() + minutes.size(); ++i)
      if (i < 4 && h + hours[i] < 12)
        dfs(n - 1, i + 1, h + hours[i], m, ans);
      else if (i >= 4 && m + minutes[i - 4] < 60)
        dfs(n - 1, i + 1, h, m + minutes[i - 4], ans);
  }
};","java"
"class Solution {
 public:
  string removeKdigits(string num, int k) {
    if (num.length() == k)
      return ""0"";

    string ans;
    vector<char> stack;

    for (int i = 0; i < num.length(); ++i) {
      while (k > 0 && !stack.empty() && stack.back() > num[i]) {
        stack.pop_back();
        --k;
      }
      stack.push_back(num[i]);
    }

    while (k-- > 0)
      stack.pop_back();

    for (const char c : stack) {
      if (c == '0' && ans.empty())
        continue;
      ans += c;
    }

    return ans.empty() ? ""0"" : ans;
  }
};","java"
"class Solution {
 public:
  bool canCross(List<Integer>& stones) {
    const int n = stones.size();
    // dp[i][j] := true if a frog can make a size j jump to stones[i]
    vector<vector<bool>> dp(n, vector<bool>(n + 1));
    dp[0][0] = true;

    for (int i = 1; i < n; ++i)
      for (int j = 0; j < i; ++j) {
        const int k = stones[i] - stones[j];
        if (k > n)
          continue;
        for (const int x : {k - 1, k, k + 1})
          if (0 <= x && x <= n)
            dp[i][k] = dp[i][k] || dp[j][x];
      }

    return any_of(begin(dp.back()), end(dp.back()),
                  [](bool val) { return val; });
  }
};","java"
"class Solution {
 public:
  int sumOfLeftLeaves(TreeNode* root) {
    if (root == nullptr)
      return 0;

    int ans = 0;

    if (root->left) {
      if (root->left->left == nullptr && root->left->right == nullptr)
        ans += root->left->val;
      else
        ans += sumOfLeftLeaves(root->left);
    }
    ans += sumOfLeftLeaves(root->right);

    return ans;
  }
};","java"
"class Solution {
 public:
  string toHex(unsigned num) {
    const vector<char> hex{'0', '1', '2', '3', '4', '5', '6', '7',
                           '8', '9', 'a', 'b', 'c', 'd', 'e', 'f'};
    string ans;

    while (num) {
      ans += hex[num & 0xf];
      num >>= 4;
    }

    reverse(begin(ans), end(ans));
    return ans.empty() ? ""0"" : ans;
  }
};","java"
"class Solution {
 public:
  vector<List<Integer>> reconstructQueue(vector<List<Integer>>& people) {
    vector<List<Integer>> ans;

    sort(begin(people), end(people), [](const auto& a, const auto& b) {
      return a[0] == b[0] ? a[1] < b[1] : a[0] > b[0];
    });

    for (const List<Integer>& p : people)
      ans.insert(begin(ans) + p[1], p);

    return ans;
  }
};","java"
"struct T {
  int i;
  int j;
  int h;  // heightMap[i][j] or the height after filling water
  T(int i, int j, int h) : i(i), j(j), h(h) {}
};

class Solution {
 public:
  int trapRainWater(vector<List<Integer>>& heightMap) {
    const int m = heightMap.size();
    const int n = heightMap[0].size();
    const List<Integer> dirs{0, 1, 0, -1, 0};
    int ans = 0;
    auto compare = [](const T& a, const T& b) { return a.h > b.h; };
    priority_queue<T, vector<T>, decltype(compare)> minHeap(compare);
    vector<vector<bool>> seen(m, vector<bool>(n));

    for (int i = 0; i < m; ++i) {
      minHeap.emplace(i, 0, heightMap[i][0]);
      minHeap.emplace(i, n - 1, heightMap[i][n - 1]);
      seen[i][0] = true;
      seen[i][n - 1] = true;
    }

    for (int j = 1; j < n - 1; ++j) {
      minHeap.emplace(0, j, heightMap[0][j]);
      minHeap.emplace(m - 1, j, heightMap[m - 1][j]);
      seen[0][j] = true;
      seen[m - 1][j] = true;
    }

    while (!minHeap.empty()) {
      const auto [i, j, h] = minHeap.top();
      minHeap.pop();
      for (int k = 0; k < 4; ++k) {
        const int x = i + dirs[k];
        const int y = j + dirs[k + 1];
        if (x < 0 || x == m || y < 0 || y == n)
          continue;
        if (seen[x][y])
          continue;
        if (heightMap[x][y] < h) {
          ans += h - heightMap[x][y];
          minHeap.emplace(x, y, h);  // Fill the water on grid[x][y]
        } else {
          minHeap.emplace(x, y, heightMap[x][y]);
        }
        seen[x][y] = true;
      }
    }

    return ans;
  }
};","java"
"class Solution {
 public:
  bool validWordAbbreviation(const string& word, const string& abbr) {
    int i = 0;  // word's index
    int j = 0;  // abbr's index

    while (i < word.length() && j < abbr.length()) {
      if (word[i] == abbr[j]) {
        ++i;
        ++j;
        continue;
      }
      if (abbr[j] <= '0' || abbr[j] > '9')
        return false;
      int num = 0;
      while (j < abbr.length() && isdigit(abbr[j])) {
        num = num * 10 + abbr[j] - '0';
        ++j;
      }
      i += num;
    }

    return i == word.length() && j == abbr.length();
  }
};","java"
"class Solution {
 public:
  int longestPalindrome(string s) {
    int ans = 0;
    List<Integer> count(128);

    for (const char c : s)
      ++count[c];

    for (const int c : count)
      ans += c % 2 == 0 ? c : c - 1;

    const bool hasOddCount =
        any_of(begin(count), end(count), [](int c) { return c & 1; });

    return ans + hasOddCount;
  }
};","java"
"class Solution {
 public:
  int splitArray(List<Integer>& nums, int m) {
    const int n = nums.size();
    // dp[i][k] := min of largest sum to split first i nums into k groups
    dp.resize(n + 1, List<Integer>(m + 1, INT_MAX));
    prefix.resize(n + 1);

    partial_sum(begin(nums), end(nums), begin(prefix) + 1);
    return splitArray(nums, n, m);
  }

 private:
  vector<List<Integer>> dp;
  List<Integer> prefix;

  int splitArray(const List<Integer>& nums, int i, int k) {
    if (k == 1)
      return prefix[i];
    if (dp[i][k] < INT_MAX)
      return dp[i][k];

    // Try all possible partitions
    for (int j = k - 1; j < i; ++j)
      dp[i][k] =
          min(dp[i][k], max(splitArray(nums, j, k - 1), prefix[i] - prefix[j]));

    return dp[i][k];
  }
};","java"
"class Solution {
 public:
  string minAbbreviation(string target, List<String>& dictionary) {
    const int m = target.length();
    List<Integer> masks;

    for (const string& word : dictionary) {
      if (word.length() != m)
        continue;
      masks.push_back(getMask(target, word));
    }

    if (masks.empty())
      return to_string(m);

    List<String> abbrs;

    const int maxCand = pow(2, m);
    // For all candidate representation of target
    for (int cand = 0; cand < maxCand; ++cand)
      // All masks have at lease one bit different from candidate
      if (all_of(begin(masks), end(masks),
                 [cand](int mask) { return cand & mask; }))
        abbrs.push_back(getAbbr(target, cand));

    string ans = target;

    for (const string& abbr : abbrs)
      if (getAbbrLen(abbr) < getAbbrLen(ans))
        ans = abbr;

    return ans;
  }

 private:
  int getMask(const string& target, const string& word) {
    const int m = target.length();
    // mask[i] = 0 := target[i] == word[i]
    // mask[i] = 1 := target[i] != word[i]
    // E.g. target = ""apple""
    //        word = ""blade""
    //        mask =  11110
    int mask = 0;
    for (int i = 0; i < m; ++i)
      if (word[i] != target[i])
        mask |= 1 << m - 1 - i;
    return mask;
  }

  string getAbbr(const string& target, int cand) {
    const int m = target.length();
    string abbr;
    int replacedCount = 0;
    for (int i = 0; i < m; ++i)
      if (cand >> m - 1 - i & 1) {
        // cand[i] = 1, abbr should show the original character
        if (replacedCount > 0)
          abbr += to_string(replacedCount);
        abbr += target[i];
        replacedCount = 0;
      } else {
        // cand[i] = 0, abbr can be replaced
        ++replacedCount;
      }
    if (replacedCount > 0)
      abbr += to_string(replacedCount);
    return abbr;
  }

  int getAbbrLen(const string& abbr) {
    int abbrLen = 0;
    int i = 0;
    int j = 0;
    while (i < abbr.length()) {
      if (isalpha(abbr[j]))
        ++j;
      else
        while (j < abbr.length() && isdigit(abbr[j]))
          ++j;
      ++abbrLen;
      i = j;
    }
    return abbrLen;
  }
};","java"
"class Solution {
 public:
  List<String> fizzBuzz(int n) {
    List<String> ans;

    for (int i = 1; i <= n; ++i) {
      string s;
      if (i % 3 == 0)
        s += ""Fizz"";
      if (i % 5 == 0)
        s += ""Buzz"";
      ans.push_back(s.empty() ? to_string(i) : s);
    }

    return ans;
  }
};","java"
"class Solution {
 public:
  int numberOfArithmeticSlices(List<Integer>& nums) {
    const int n = nums.size();
    if (n < 3)
      return 0;

    List<Integer> dp(n);  // # arithmetic slices ends at i

    for (int i = 2; i < nums.size(); ++i)
      if (nums[i] - nums[i - 1] == nums[i - 1] - nums[i - 2])
        dp[i] = dp[i - 1] + 1;

    return accumulate(begin(dp), end(dp), 0);
  }
};","java"
"class Solution {
 public:
  int thirdMax(List<Integer>& nums) {
    long max1 = LONG_MIN;  // The maximum
    long max2 = LONG_MIN;  // 2nd maximum
    long max3 = LONG_MIN;  // 3rd maximum

    for (const int num : nums)
      if (num > max1) {
        max3 = max2;
        max2 = max1;
        max1 = num;
      } else if (max1 > num && num > max2) {
        max3 = max2;
        max2 = num;
      } else if (max2 > num && num > max3) {
        max3 = num;
      }

    return max3 == LONG_MIN ? max1 : max3;
  }
};","java"
"class Solution {
 public:
  string addStrings(string num1, string num2) {
    string ans;
    int carry = 0;
    int i = num1.length() - 1;
    int j = num2.length() - 1;

    while (i >= 0 || j >= 0 || carry) {
      if (i >= 0)
        carry += num1[i--] - '0';
      if (j >= 0)
        carry += num2[j--] - '0';
      ans += carry % 10 + '0';
      carry /= 10;
    }

    reverse(begin(ans), end(ans));
    return ans;
  }
};","java"
"class Solution {
 public:
  bool canPartition(List<Integer>& nums) {
    const int sum = accumulate(begin(nums), end(nums), 0);
    if (sum & 1)
      return false;
    return knapsack(nums, sum / 2);
  }

 private:
  bool knapsack(const List<Integer>& nums, int subsetSum) {
    const int n = nums.size();
    // dp[i][j] := true if j can be formed by nums[0..i)
    vector<vector<bool>> dp(n + 1, vector<bool>(subsetSum + 1));
    dp[0][0] = true;

    for (int i = 1; i <= n; ++i) {
      const int num = nums[i - 1];
      for (int j = 0; j <= subsetSum; ++j)
        if (j < num)
          dp[i][j] = dp[i - 1][j];
        else
          dp[i][j] = dp[i - 1][j] || dp[i - 1][j - num];
    }

    return dp[n][subsetSum];
  }
};","java"
"class Solution {
 public:
  vector<List<Integer>> pacificAtlantic(vector<List<Integer>>& heights) {
    const int m = heights.size();
    const int n = heights[0].size();
    const List<Integer> dirs{0, 1, 0, -1, 0};
    vector<List<Integer>> ans;
    queue<pair<int, int>> qP;
    queue<pair<int, int>> qA;
    vector<vector<bool>> seenP(m, vector<bool>(n));
    vector<vector<bool>> seenA(m, vector<bool>(n));

    auto bfs = [&](queue<pair<int, int>>& q, vector<vector<bool>>& seen) {
      while (!q.empty()) {
        const auto [i, j] = q.front();
        q.pop();
        const int h = heights[i][j];
        for (int k = 0; k < 4; ++k) {
          const int x = i + dirs[k];
          const int y = j + dirs[k + 1];
          if (x < 0 || x == m || y < 0 || y == n)
            continue;
          if (seen[x][y] || heights[x][y] < h)
            continue;
          q.emplace(x, y);
          seen[x][y] = true;
        }
      }
    };

    for (int i = 0; i < m; ++i) {
      qP.emplace(i, 0);
      qA.emplace(i, n - 1);
      seenP[i][0] = true;
      seenA[i][n - 1] = true;
    }

    for (int j = 0; j < n; ++j) {
      qP.emplace(0, j);
      qA.emplace(m - 1, j);
      seenP[0][j] = true;
      seenA[m - 1][j] = true;
    }

    bfs(qP, seenP);
    bfs(qA, seenA);

    for (int i = 0; i < m; ++i)
      for (int j = 0; j < n; ++j)
        if (seenP[i][j] && seenA[i][j])
          ans.push_back({i, j});

    return ans;
  }
};","java"
"class Solution {
 public:
  int wordsTyping(List<String>& sentence, int rows, int cols) {
    const string& combined = getCombined(sentence);
    const int n = combined.length();
    int i = 0;  // (i % n) points to the index of combined in each row

    while (rows--) {
      i += cols;
      if (combined[i % n] == ' ') {
        ++i;
      } else {
        while (i > 0 && combined[(i - 1) % n] != ' ')
          --i;
      }
    }

    return i / n;
  }

 private:
  string getCombined(const List<String>& sentence) {
    string combined;
    for (const string& word : sentence)
      combined += (word + ' ');
    return combined;
  }
};","java"
"class Solution {
 public:
  int countBattleships(vector<vector<char>>& board) {
    int ans = 0;

    for (int i = 0; i < board.size(); ++i)
      for (int j = 0; j < board[0].size(); ++j) {
        if (board[i][j] == '.')
          continue;
        if (i > 0 && board[i - 1][j] == 'X')
          continue;
        if (j > 0 && board[i][j - 1] == 'X')
          continue;
        ++ans;
      }

    return ans;
  }
};","java"
"class Solution {
 public:
  int strongPasswordChecker(string s) {
    const int n = s.length();
    const int missing = getMissing(s);
    // # of replacements to deal with 3 repeating characters
    int replaces = 0;
    // # of seqs that can be substituted with 1 deletions, (3k)-seqs
    int oneSeq = 0;
    // # of seqs that can be substituted with 2 deletions, (3k + 1)-seqs
    int twoSeq = 0;

    for (int i = 2; i < n;)
      if (s[i] == s[i - 1] && s[i - 1] == s[i - 2]) {
        int length = 2;  // Length of repeating s
        while (i < n && s[i] == s[i - 1]) {
          ++length;
          ++i;
        }
        replaces += length / 3;  // 'aaaaaaa' -> 'aaxaaxa'
        if (length % 3 == 0)
          ++oneSeq;
        if (length % 3 == 1)
          ++twoSeq;
      } else {
        ++i;
      }

    if (n < 6)
      return max(6 - n, missing);
    if (n <= 20)
      return max(replaces, missing);

    const int deletes = n - 20;
    // Each replacement in (3k)-seqs can be substituted with 1 deletions
    replaces -= min(oneSeq, deletes);
    // Each replacement in (3k + 1)-seqs can be substituted with 2 deletions
    replaces -= min(max(deletes - oneSeq, 0), twoSeq * 2) / 2;
    // Each replacement in other seqs can be substituted with 3 deletions
    replaces -= max(deletes - oneSeq - twoSeq * 2, 0) / 3;
    return deletes + max(replaces, missing);
  }

 private:
  int getMissing(const string& s) {
    int missing = 3;
    if (any_of(begin(s), end(s), [](char c) { return isupper(c); }))
      --missing;
    if (any_of(begin(s), end(s), [](char c) { return islower(c); }))
      --missing;
    if (any_of(begin(s), end(s), [](char c) { return isdigit(c); }))
      --missing;
    return missing;
  }
};","java"
"class Solution {
 public:
  int findMaximumXOR(List<Integer>& nums) {
    const int maxNum = *max_element(begin(nums), end(nums));
    if (maxNum == 0)
      return 0;
    const int maxBit = static_cast<int>(log2(maxNum));
    int ans = 0;
    int mask = 0;

    // If ans is 11100 when i = 2, it means that before we reach the last two
    // bits, 11100 is the maximum XOR we have, and we're going to explore if we
    // can get another two '1's and put them into ans.
    for (int i = maxBit; i >= 0; --i) {
      // Mask grows like: 100...000, 110...000, 111...000, ..., 111...111.
      mask |= 1 << i;
      unordered_set<int> prefixes;
      // We only care about the left parts,
      // If i = 2, nums = {1110, 1011, 0111}
      //    -> prefixes = {1100, 1000, 0100}
      for (const int num : nums)
        prefixes.insert(num & mask);
      // If i = 1 and before this iteration, the ans is 10100, it means that we
      // want to grow the ans to 10100 | 1 << 1 = 10110 and we're looking for
      // XOR of two prefixes = candidate.
      const int candidate = ans | 1 << i;
      for (const int prefix : prefixes)
        if (prefixes.count(prefix ^ candidate)) {
          ans = candidate;
          break;
        }
    }

    return ans;
  }
};","java"
"class Solution {
 public:
  bool validWordSquare(List<String>& words) {
    for (int i = 0; i < words.size(); ++i)
      for (int j = 0; j < words[i].size(); ++j) {
        if (words.size() <= j || words[j].size() <= i)  // Out of bound
          return false;
        if (words[i][j] != words[j][i])
          return false;
      }

    return true;
  }
};","java"
"class Solution {
 public:
  string originalDigits(string s) {
    string ans;
    List<Integer> count(10);

    for (const char c : s) {
      if (c == 'z')
        ++count[0];
      if (c == 'o')
        ++count[1];
      if (c == 'w')
        ++count[2];
      if (c == 'h')
        ++count[3];
      if (c == 'u')
        ++count[4];
      if (c == 'f')
        ++count[5];
      if (c == 'x')
        ++count[6];
      if (c == 's')
        ++count[7];
      if (c == 'g')
        ++count[8];
      if (c == 'i')
        ++count[9];
    }

    count[1] -= count[0] + count[2] + count[4];
    count[3] -= count[8];
    count[5] -= count[4];
    count[7] -= count[6];
    count[9] -= count[5] + count[6] + count[8];

    for (int i = 0; i < 10; ++i)
      for (int j = 0; j < count[i]; ++j)
        ans += i + '0';

    return ans;
  }
};","java"
"class Solution {
 public:
  int characterReplacement(string s, int k) {
    int ans = 0;
    int maxCount = 0;
    List<Integer> count(128);

    for (int l = 0, r = 0; r < s.length(); ++r) {
      maxCount = max(maxCount, ++count[s[r]]);
      while (maxCount + k < r - l + 1)
        --count[s[l++]];
      ans = max(ans, r - l + 1);
    }

    return ans;
  }
};","java"
"struct TrieNode {
  vector<shared_ptr<TrieNode>> children;
  vector<const string*> startsWith;
  TrieNode() : children(26) {}
};

class Trie {
 public:
  Trie(const List<String>& words) {
    for (const string& word : words)
      insert(word);
  }

  vector<const string*> findBy(const string& prefix) {
    shared_ptr<TrieNode> node = root;
    for (const char c : prefix) {
      const int i = c - 'a';
      if (node->children[i] == nullptr)
        return {};
      node = node->children[i];
    }
    return node->startsWith;
  }

 private:
  shared_ptr<TrieNode> root = make_shared<TrieNode>();

  void insert(const string& word) {
    shared_ptr<TrieNode> node = root;
    for (const char c : word) {
      const int i = c - 'a';
      if (node->children[i] == nullptr)
        node->children[i] = make_shared<TrieNode>();
      node = node->children[i];
      node->startsWith.push_back(&word);
    }
  }
};

class Solution {
 public:
  vector<List<String>> wordSquares(List<String>& words) {
    if (words.empty())
      return {};

    const int n = words[0].length();
    vector<List<String>> ans;
    List<String> path;
    Trie trie(words);

    for (const string& word : words) {
      path.push_back(word);
      dfs(trie, n, path, ans);
      path.pop_back();
    }

    return ans;
  }

 private:
  void dfs(Trie& trie, const int n, List<String>& path,
           vector<List<String>>& ans) {
    if (path.size() == n) {
      ans.push_back(path);
      return;
    }

    const string prefix = getPrefix(path);

    for (const string* s : trie.findBy(prefix)) {
      path.push_back(*s);
      dfs(trie, n, path, ans);
      path.pop_back();
    }
  }

  // E.g. path = [""wall"",
  //              ""area""]
  //    prefix =  ""le..""
  string getPrefix(const List<String>& path) {
    string prefix;
    const int index = path.size();
    for (const string& s : path)
      prefix += s[index];
    return prefix;
  }
};","java"
"class Solution {
 public:
  Node* treeToDoublyList(Node* root) {
    if (root == nullptr)
      return nullptr;

    Node* leftHead = treeToDoublyList(root->left);
    Node* rightHead = treeToDoublyList(root->right);
    root->left = root;
    root->right = root;
    return connect(connect(leftHead, root), rightHead);
  }

 private:
  Node* connect(Node* node1, Node* node2) {
    if (node1 == nullptr)
      return node2;
    if (node2 == nullptr)
      return node1;

    Node* tail1 = node1->left;
    Node* tail2 = node2->left;

    // Connect node1's tail with node2
    tail1->right = node2;
    node2->left = tail1;

    // Connect node2's tail with node1
    tail2->right = node1;
    node1->left = tail2;
    return node1;
  }
};","java"
"class Solution {
 public:
  Node* construct(vector<List<Integer>>& grid) {
    return helper(grid, 0, 0, grid.size());
  }

 private:
  Node* helper(const vector<List<Integer>>& grid, int i, int j, int w) {
    if (allSame(grid, i, j, w))
      return new Node(grid[i][j], true);

    Node* node = new Node(true, false);
    node->topLeft = helper(grid, i, j, w / 2);
    node->topRight = helper(grid, i, j + w / 2, w / 2);
    node->bottomLeft = helper(grid, i + w / 2, j, w / 2);
    node->bottomRight = helper(grid, i + w / 2, j + w / 2, w / 2);
    return node;
  }

  bool allSame(const vector<List<Integer>>& grid, int i, int j, int w) {
    return all_of(begin(grid) + i, begin(grid) + i + w,
                  [&](const List<Integer>& row) {
      return all_of(begin(row) + j, begin(row) + j + w,
                    [&](int num) { return num == grid[i][j]; });
    });
  }
};","java"
"class Codec {
 public:
  // Encodes a tree to a single string.
  string serialize(Node* root) {
    if (root == nullptr)
      return """";

    string s;
    queue<Node*> q{{root}};
    s += to_string(root->val) + "" "";

    while (!q.empty())
      for (int sz = q.size(); sz > 0; --sz) {
        Node* node = q.front();
        q.pop();
        if (node->children.empty()) {
          s += ""n"";
        } else {
          for (Node* child : node->children) {
            q.push(child);
            s += to_string(child->val) + ""#"";
          }
        }
        s += "" "";
      }

    return s;
  }

  // Decodes your encoded data to tree.
  Node* deserialize(string data) {
    if (data.empty())
      return nullptr;

    istringstream iss(data);
    string word;
    iss >> word;
    Node* root = new Node(stoi(word));
    queue<Node*> q{{root}};

    while (iss >> word) {
      Node* parent = q.front();
      q.pop();
      List<String> kids = getKids(word);
      vector<Node*> children;
      for (const string& kid : kids) {
        if (kid == ""n"")
          continue;
        Node* child = new Node(stoi(kid));
        children.push_back(child);
        q.push(child);
      }
      parent->children = children;
    }

    return root;
  }

 private:
  List<String> getKids(const string& word) {
    List<String> kids;
    for (int i = 0, j = 0; j < word.length(); ++j)
      if (word[j] == '#') {
        kids.push_back(word.substr(i, j - i));
        i = j + 1;
      }
    return kids;
  }
};","java"
"class Solution {
 public:
  vector<List<Integer>> levelOrder(Node* root) {
    if (root == nullptr)
      return {};

    vector<List<Integer>> ans;
    queue<Node*> q{{root}};

    while (!q.empty()) {
      List<Integer> currLevel;
      for (int sz = q.size(); sz > 0; --sz) {
        Node* node = q.front();
        q.pop();
        currLevel.push_back(node->val);
        for (Node* child : node->children)
          q.push(child);
      }
      ans.push_back(currLevel);
    }

    return ans;
  }
};","java"
"class Solution {
 public:
  Node* flatten(Node* head, Node* rest = nullptr) {
    if (head == nullptr)
      return rest;

    head->next = flatten(head->child, flatten(head->next, rest));
    if (head->next)
      head->next->prev = head;
    head->child = nullptr;
    return head;
  }
};","java"
"class Codec {
 public:
  // Encodes an n-ary tree to a binary tree.
  TreeNode* encode(Node* root) {
    if (root == nullptr)
      return nullptr;

    TreeNode* rootTreeNode = new TreeNode(root->val);
    queue<pair<Node*, TreeNode*>> q{{{root, rootTreeNode}}};

    while (!q.empty()) {
      const auto [parentNode, parentTreeNode] = q.front();
      q.pop();
      TreeNode* prevTreeNode = nullptr;
      TreeNode* headTreeNode = nullptr;
      for (Node* child : parentNode->children) {
        TreeNode* currTreeNode = new TreeNode(child->val);
        if (prevTreeNode != nullptr)
          prevTreeNode->right = currTreeNode;
        else
          headTreeNode = currTreeNode;
        prevTreeNode = currTreeNode;
        q.emplace(child, currTreeNode);
      }
      parentTreeNode->left = headTreeNode;
    }

    return rootTreeNode;
  }

  // Decodes your binary tree to an n-ary tree.
  Node* decode(TreeNode* root) {
    if (root == nullptr)
      return nullptr;

    Node* rootNode = new Node(root->val);
    queue<pair<Node*, TreeNode*>> q{{{rootNode, root}}};

    while (!q.empty()) {
      const auto [parentNode, parentTreeNode] = q.front();
      q.pop();
      TreeNode* sibling = parentTreeNode->left;
      while (sibling) {
        Node* currNode = new Node(sibling->val);
        parentNode->children.push_back(currNode);
        q.emplace(currNode, sibling);
        sibling = sibling->right;
      }
    }

    return rootNode;
  }
};","java"
"class AllOne {
 public:
  void inc(string key) {
    const auto it = keyToIterator.find(key);

    // doesn't find the key
    if (it == cend(keyToIterator)) {
      if (l.empty() || l.front().value > 1)
        l.push_front({1, {key}});
      else
        l.front().keys.insert(key);
      keyToIterator[key] = begin(l);
      return;
    }

    const auto lit = it->second;  // List iterator
    auto nit = next(lit);         // Next iterator

    if (nit == end(l) || nit->value > lit->value + 1)
      nit = l.insert(nit, {lit->value + 1, {key}});
    else  // Nit->value == lit->value + 1
      nit->keys.insert(key);
    keyToIterator[key] = nit;  // Reset the mapping

    // Remove the key in keys set
    lit->keys.erase(key);
    if (lit->keys.empty())
      l.erase(lit);
  }

  void dec(string key) {
    const auto it = keyToIterator.find(key);

    // doens't find the key
    if (it == cend(keyToIterator))
      return;

    const auto lit = it->second;  // List iterator

    if (lit->value == 1) {  // No need to find prev iterator in this case
      keyToIterator.erase(key);
    } else {
      auto pit = prev(lit);  // Prev iterator

      if (lit == begin(l) || pit->value < lit->value - 1)
        pit = l.insert(lit, {lit->value - 1, {key}});
      else  // Pit->value == lit-value - 1
        pit->keys.insert(key);
      keyToIterator[key] = pit;  // Reset the mapping
    }

    // Remove the key in keys set
    lit->keys.erase(key);
    if (lit->keys.empty())
      l.erase(lit);
  }

  string getMaxKey() {
    return l.empty() ? """" : *cbegin(l.back().keys);
  }

  string getMinKey() {
    return l.empty() ? """" : *cbegin(l.front().keys);
  }

 private:
  struct Node {
    int value;
    unordered_set<string> keys;
  };

  list<Node> l;
  unordered_map<string, list<Node>::iterator> keyToIterator;
};","java"
"class Solution {
 public:
  int minMutation(string start, string end, List<String>& bank) {
    unordered_set<string> bankSet{bank.begin(), bank.end()};
    if (!bankSet.count(end))
      return -1;

    int ans = 0;
    queue<string> q{{start}};

    while (!q.empty()) {
      ++ans;
      for (int sz = q.size(); sz > 0; --sz) {
        string word = q.front();
        q.pop();
        for (int j = 0; j < word.length(); ++j) {
          const char cache = word[j];
          for (const char c : {'A', 'C', 'G', 'T'}) {
            word[j] = c;
            if (word == end)
              return ans;
            if (bankSet.count(word)) {
              bankSet.erase(word);
              q.push(word);
            }
          }
          word[j] = cache;
        }
      }
    }

    return -1;
  }
};","java"
"class Solution {
 public:
  int countSegments(string s) {
    int ans = 0;

    for (int i = 0; i < s.length(); ++i)
      if (s[i] != ' ' && (i == 0 || s[i - 1] == ' '))
        ++ans;

    return ans;
  }
};","java"
"class Solution {
 public:
  int eraseOverlapIntervals(vector<List<Integer>>& intervals) {
    if (intervals.empty())
      return 0;

    sort(begin(intervals), end(intervals),
         [](const auto& a, const auto& b) { return a[1] < b[1]; });

    int ans = 0;
    int currentEnd = intervals[0][1];

    for (int i = 1; i < intervals.size(); ++i)
      if (intervals[i][0] >= currentEnd)
        currentEnd = intervals[i][1];
      else
        ++ans;

    return ans;
  }
};","java"
"class Solution {
 public:
  List<Integer> findRightInterval(vector<List<Integer>>& intervals) {
    List<Integer> ans;
    map<int, int> startToIndex;

    for (int i = 0; i < intervals.size(); ++i)
      startToIndex[intervals[i][0]] = i;

    for (const List<Integer>& interval : intervals) {
      const auto it = startToIndex.lower_bound(interval[1]);
      if (it == cend(startToIndex))
        ans.push_back(-1);
      else
        ans.push_back(it->second);
    }

    return ans;
  }
};","java"
"class Solution {
 public:
  int pathSum(TreeNode* root, int sum) {
    if (root == nullptr)
      return 0;
    return dfs(root, sum) +            //
           pathSum(root->left, sum) +  //
           pathSum(root->right, sum);
  }

 private:
  int dfs(TreeNode* root, int sum) {
    if (root == nullptr)
      return 0;
    return (sum == root->val) +                //
           dfs(root->left, sum - root->val) +  //
           dfs(root->right, sum - root->val);
  }
};","java"
"class Solution {
 public:
  List<Integer> findAnagrams(string s, string p) {
    List<Integer> ans;
    List<Integer> count(128);
    int required = p.length();

    for (const char c : p)
      ++count[c];

    for (int l = 0, r = 0; r < s.length(); ++r) {
      if (--count[s[r]] >= 0)
        --required;
      while (required == 0) {
        if (r - l + 1 == p.length())
          ans.push_back(l);
        if (++count[s[l++]] > 0)
          ++required;
      }
    }

    return ans;
  }
};","java"
"class Solution {
 public:
  string parseTernary(string expression) {
    const char c = expression[i];

    if (i + 1 == expression.length() || expression[i + 1] == ':') {
      i += 2;  // Skip ':'
      return string(1, c);
    }

    i += 2;  // Skip '?'
    const string& first = parseTernary(expression);
    const string& second = parseTernary(expression);
    return c == 'T' ? first : second;
  }

 private:
  int i = 0;
};","java"
"class Solution {
 public:
  int findKthNumber(long n, int k) {
    auto getGap = [&n](long a, long b) {
      long gap = 0;
      while (a <= n) {
        gap += min(n + 1, b) - a;
        a *= 10;
        b *= 10;
      }
      return gap;
    };

    long currNum = 1;

    for (int i = 1; i < k;) {
      long gap = getGap(currNum, currNum + 1);
      if (i + gap <= k) {
        i += gap;
        ++currNum;
      } else {
        ++i;
        currNum *= 10;
      }
    }

    return currNum;
  }
};","java"
"class Solution {
 public:
  int arrangeCoins(long n) {
    return (-1 + sqrt(8 * n + 1)) / 2;
  }
};","java"
"class Solution {
 public:
  List<Integer> findDuplicates(List<Integer>& nums) {
    List<Integer> ans;

    for (const int num : nums) {
      nums[abs(num) - 1] *= -1;
      if (nums[abs(num) - 1] > 0)
        ans.push_back(abs(num));
    }

    return ans;
  }
};","java"
"class Solution {
 public:
  int compress(vector<char>& chars) {
    int ans = 0;

    for (int i = 0; i < chars.size();) {
      const char letter = chars[i];
      int count = 0;
      while (i < chars.size() && chars[i] == letter) {
        ++count;
        ++i;
      }
      chars[ans++] = letter;
      if (count > 1)
        for (const char c : to_string(count))
          chars[ans++] = c;
    }

    return ans;
  }
};","java"
"class Solution {
 public:
  bool sequenceReconstruction(List<Integer>& org, vector<List<Integer>>& seqs) {
    if (seqs.empty())
      return false;

    const int n = org.size();
    vector<List<Integer>> graph(n);
    List<Integer> inDegree(n);

    // Build graph
    for (const List<Integer>& seq : seqs) {
      if (seq.size() == 1 && seq[0] < 1 || seq[0] > n)
        return false;
      for (int i = 0; i + 1 < seq.size(); ++i) {
        const int u = seq[i];
        const int v = seq[i + 1];
        if (u < 1 || u > n || v < 1 || v > n)
          return false;
        graph[u - 1].push_back(v - 1);
        ++inDegree[v - 1];
      }
    }

    // Topology
    queue<int> q;

    for (int i = 0; i < n; ++i)
      if (inDegree[i] == 0)
        q.push(i);

    int i = 0;  // org's index

    while (!q.empty()) {
      if (q.size() > 1)
        return false;
      const int u = q.front();
      q.pop();
      if (u != org[i] - 1)
        return false;
      ++i;
      for (const int v : graph[u])
        if (--inDegree[v] == 0)
          q.push(v);
    }

    return i == n;
  }
};","java"
"class Solution {
 public:
  ListNode* addTwoNumbers(ListNode* l1, ListNode* l2) {
    stack<ListNode*> stack1;
    stack<ListNode*> stack2;

    while (l1) {
      stack1.push(l1);
      l1 = l1->next;
    }

    while (l2) {
      stack2.push(l2);
      l2 = l2->next;
    }

    ListNode* head = nullptr;
    int carry = 0;

    while (carry || !stack1.empty() || !stack2.empty()) {
      if (!stack1.empty())
        carry += stack1.top()->val, stack1.pop();
      if (!stack2.empty())
        carry += stack2.top()->val, stack2.pop();
      ListNode* node = new ListNode(carry % 10);
      node->next = head;
      head = node;
      carry /= 10;
    }

    return head;
  }
};","java"
"class Solution {
 public:
  int numberOfArithmeticSlices(List<Integer>& nums) {
    const int n = nums.size();
    int ans = 0;
    // dp[i][j] := # of subseqs end w/ nums[j] nums[i]
    vector<List<Integer>> dp(n, List<Integer>(n));
    unordered_map<long, List<Integer>> numToIndices;

    for (int i = 0; i < n; ++i)
      numToIndices[nums[i]].push_back(i);

    for (int i = 0; i < n; ++i)
      for (int j = 0; j < i; ++j) {
        const long target = nums[j] * 2L - nums[i];
        if (const auto it = numToIndices.find(target); it != cend(numToIndices))
          for (const int k : it->second)
            if (k < j)
              dp[i][j] += (dp[j][k] + 1);
        ans += dp[i][j];
      }

    return ans;
  }
};","java"
"class Solution {
 public:
  int numberOfBoomerangs(vector<List<Integer>>& points) {
    int ans = 0;

    for (const List<Integer>& p : points) {
      unordered_map<int, int> distCount;
      for (const List<Integer>& q : points) {
        const int dist = getDist(p, q);
        ++distCount[dist];
      }
      for (const auto& [_, freq] : distCount)
        ans += freq * (freq - 1);  // C(freq, 2)
    }

    return ans;
  }

 private:
  int getDist(const List<Integer>& p, const List<Integer>& q) {
    return pow(p[0] - q[0], 2) + pow(p[1] - q[1], 2);
  }
};","java"
"class Solution {
 public:
  List<Integer> findDisappearedNumbers(List<Integer>& nums) {
    List<Integer> ans;

    for (const int num : nums) {
      const int index = abs(num) - 1;
      nums[index] = -abs(nums[index]);
    }

    for (int i = 0; i < nums.size(); ++i)
      if (nums[i] > 0)
        ans.push_back(i + 1);

    return ans;
  }
};","java"
"class Codec {
 public:
  string serialize(TreeNode* root) {
    if (root == nullptr)
      return """";

    string s;

    serialize(root, s);
    return s;
  }

  TreeNode* deserialize(string data) {
    if (data.empty())
      return nullptr;

    istringstream iss(data);
    queue<int> q;

    for (string s; iss >> s;)
      q.push(stoi(s));

    return deserialize(INT_MIN, INT_MAX, q);
  }

 private:
  void serialize(TreeNode* root, string& s) {
    if (root == nullptr)
      return;

    s += to_string(root->val) + "" "";
    serialize(root->left, s);
    serialize(root->right, s);
  }

  TreeNode* deserialize(int min, int max, queue<int>& q) {
    if (q.empty())
      return nullptr;

    const int val = q.front();
    if (val < min || val > max)
      return nullptr;

    q.pop();
    TreeNode* root = new TreeNode(val);
    root->left = deserialize(min, val, q);
    root->right = deserialize(val, max, q);
    return root;
  }
};","java"
"class Solution {
 public:
  TreeNode* deleteNode(TreeNode* root, int key) {
    if (root == nullptr)
      return nullptr;
    if (root->val == key) {
      if (root->left == nullptr)
        return root->right;
      if (root->right == nullptr)
        return root->left;
      TreeNode* minNode = getMin(root->right);
      root->right = deleteNode(root->right, minNode->val);
      minNode->left = root->left;
      minNode->right = root->right;
      root = minNode;
    } else if (root->val < key) {
      root->right = deleteNode(root->right, key);
    } else {  // root->val > key
      root->left = deleteNode(root->left, key);
    }
    return root;
  }

 private:
  TreeNode* getMin(TreeNode* node) {
    while (node->left)
      node = node->left;
    return node;
  }
};","java"
"class Solution {
 public:
  string frequencySort(string s) {
    const int n = s.length();
    string ans;
    List<Integer> count(128);
    // bucket[i] := stores chars that appear i times in s
    vector<vector<char>> bucket(n + 1);

    for (const char c : s)
      ++count[c];

    for (int i = 0; i < 128; ++i) {
      const int freq = count[i];
      if (freq > 0)
        bucket[freq].push_back((char)i);
    }

    for (int freq = n; freq > 0; --freq)
      for (const char c : bucket[freq])
        ans += string(freq, c);

    return ans;
  }
};","java"
"class Solution {
 public:
  int findMinArrowShots(vector<List<Integer>>& points) {
    sort(begin(points), end(points),
         [](const auto& a, const auto& b) { return a[1] < b[1]; });

    int ans = 1;
    int arrowX = points[0][1];

    for (int i = 1; i < points.size(); ++i)
      if (points[i][0] > arrowX) {
        arrowX = points[i][1];
        ++ans;
      }

    return ans;
  }
};","java"
"class Solution {
 public:
  int minMoves(List<Integer>& nums) {
    const int min = *min_element(begin(nums), end(nums));
    return accumulate(begin(nums), end(nums), 0,
                      [&](int a, int b) { return a + (b - min); });
  }
};","java"
"class Solution {
 public:
  int fourSumCount(List<Integer>& nums1, List<Integer>& nums2, List<Integer>& nums3,
                   List<Integer>& nums4) {
    int ans = 0;
    unordered_map<int, int> count;

    for (const int a : nums1)
      for (const int b : nums2)
        ++count[a + b];

    for (const int c : nums3)
      for (const int d : nums4)
        if (const auto it = count.find(-c - d); it != cend(count))
          ans += it->second;

    return ans;
  }
};","java"
"class Solution {
 public:
  int findContentChildren(List<Integer>& g, List<Integer>& s) {
    sort(begin(g), end(g));
    sort(begin(s), end(s));

    int i = 0;
    for (int j = 0; j < s.size() && i < g.size(); ++j)
      if (g[i] <= s[j])
        ++i;

    return i;
  }
};","java"
"class Solution {
 public:
  bool find132pattern(List<Integer>& nums) {
    stack<int> stack;  // decreasing stack
    int ak = INT_MIN;  // We want to find a seq ai < ak < aj.

    for (int i = nums.size() - 1; i >= 0; --i) {
      // ai < ak, we're done because ai must also smaller than aj.
      if (nums[i] < ak)
        return true;
      while (!stack.empty() && stack.top() < nums[i])
        ak = stack.top(), stack.pop();
      stack.push(nums[i]);  // nums[i] is a candidate of aj.
    }

    return false;
  }
};","java"
"class Solution {
 public:
  bool circularArrayLoop(List<Integer>& nums) {
    const int n = nums.size();
    if (n < 2)
      return false;

    auto advance = [&](int i) {
      const int val = (i + nums[i]) % n;
      return i + nums[i] >= 0 ? val : n + val;
    };

    for (int i = 0; i < n; ++i) {
      if (nums[i] == 0)
        continue;
      int slow = i;
      int fast = advance(slow);
      while (nums[i] * nums[fast] > 0 && nums[i] * nums[advance(fast)] > 0) {
        if (slow == fast) {
          if (slow == advance(slow))
            break;
          return true;
        }
        slow = advance(slow);
        fast = advance(advance(fast));
      }

      slow = i;
      const int sign = nums[i];
      while (sign * nums[slow] > 0) {
        const int next = advance(slow);
        nums[slow] = 0;
        slow = next;
      }
    }

    return false;
  }
};","java"
"class Solution {
 public:
  int poorPigs(int buckets, int minutesToDie, int minutesToTest) {
    return ceil(log(buckets) / log(minutesToTest / minutesToDie + 1));
  }
};","java"
"class Solution {
 public:
  bool repeatedSubstringPattern(string s) {
    const string ss = s + s;
    return ss.substr(1, ss.length() - 2).find(s) != string::npos;
  }
};","java"
"struct Node {
  int key;
  int value;
  int freq;
  list<int>::const_iterator it;
};

class LFUCache {
 public:
  LFUCache(int capacity) : capacity(capacity), minFreq(0) {}

  int get(int key) {
    const auto it = keyToNode.find(key);
    if (it == cend(keyToNode))
      return -1;

    Node& node = it->second;
    touch(node);
    return node.value;
  }

  void put(int key, int value) {
    if (capacity == 0)
      return;
    if (const auto it = keyToNode.find(key); it != cend(keyToNode)) {
      Node& node = it->second;
      node.value = value;
      touch(node);
      return;
    }

    if (keyToNode.size() == capacity) {
      // Evict LRU key from the minFreq list
      const int keyToEvict = freqToList[minFreq].back();
      freqToList[minFreq].pop_back();
      keyToNode.erase(keyToEvict);
    }

    minFreq = 1;
    freqToList[1].push_front(key);
    keyToNode[key] = {key, value, 1, cbegin(freqToList[1])};
  }

 private:
  int capacity;
  int minFreq;
  unordered_map<int, Node> keyToNode;
  unordered_map<int, list<int>> freqToList;

  void touch(Node& node) {
    // Update the node's frequency
    const int prevFreq = node.freq;
    const int newFreq = ++node.freq;

    // Remove the iterator from prevFreq's list
    freqToList[prevFreq].erase(node.it);
    if (freqToList[prevFreq].empty()) {
      freqToList.erase(prevFreq);
      // Update minFreq if needed
      if (prevFreq == minFreq)
        ++minFreq;
    }

    // Insert the key to the front of newFreq's list
    freqToList[newFreq].push_front(node.key);
    node.it = cbegin(freqToList[newFreq]);
  }
};","java"
"class Solution {
 public:
  int hammingDistance(int x, int y) {
    int ans = 0;

    while (x || y) {
      ans += (x & 1) ^ (y & 1);
      x >>= 1;
      y >>= 1;
    }

    return ans;
  }
};","java"
"class Solution {
 public:
  int minMoves2(List<Integer>& nums) {
    const int n = nums.size();
    nth_element(begin(nums), begin(nums) + n / 2, end(nums));
    const int median = nums[n / 2];
    return accumulate(begin(nums), end(nums), 0,
                      [&](int a, int b) { return a + abs(b - median); });
  }
};","java"
"class Solution {
 public:
  int islandPerimeter(vector<List<Integer>>& grid) {
    int islands = 0;
    int neighbors = 0;

    for (int i = 0; i < grid.size(); ++i)
      for (int j = 0; j < grid[0].size(); ++j)
        if (grid[i][j]) {
          ++islands;
          if (i - 1 >= 0 && grid[i - 1][j])
            ++neighbors;
          if (j - 1 >= 0 && grid[i][j - 1])
            ++neighbors;
        }

    return islands * 4 - neighbors * 2;
  }
};","java"
"class Solution {
 public:
  bool canIWin(int maxChoosableInteger, int desiredTotal) {
    if (desiredTotal <= 0)
      return true;

    const int sum = maxChoosableInteger * (maxChoosableInteger + 1) / 2;
    if (sum < desiredTotal)
      return false;

    return dp(desiredTotal, 0, maxChoosableInteger);
  }

 private:
  unordered_map<int, bool> memo;  // true: can win, false: can't win

  // state: record integers that have been chosen
  bool dp(int total, int state, int n) {
    if (total <= 0)
      return false;
    if (const auto it = memo.find(state); it != cend(memo))
      return it->second;

    for (int i = 1; i <= n; ++i) {
      if (state & 1 << i)  // Integer i is used
        continue;
      if (!dp(total - i, state | 1 << i, n))
        return true;
    }

    return memo[state] = false;
  }
};","java"
"class Solution {
 public:
  int minTransfers(vector<List<Integer>>& transactions) {
    List<Integer> balance(21);
    List<Integer> debt;

    for (const List<Integer>& t : transactions) {
      const int from = t[0];
      const int to = t[1];
      const int amount = t[2];
      balance[from] -= amount;
      balance[to] += amount;
    }

    for (const int b : balance)
      if (b > 0)
        debt.push_back(b);

    return dfs(debt, 0);
  }

 private:
  int dfs(List<Integer>& debt, int s) {
    while (s < debt.size() && !debt[s])
      ++s;
    if (s == debt.size())
      return 0;

    int ans = INT_MAX;

    for (int i = s + 1; i < debt.size(); ++i)
      if (debt[i] * debt[s] < 0) {
        debt[i] += debt[s];  // debt[s] is settled
        ans = min(ans, 1 + dfs(debt, s + 1));
        debt[i] -= debt[s];  // Backtrack
      }

    return ans;
  }
};","java"
"struct Record {
  int count;
  int nextIndex;
  Record(int count, int nextIndex) : count(count), nextIndex(nextIndex) {}
};

class Solution {
 public:
  int getMaxRepetitions(string s1, int n1, string s2, int n2) {
    vector<Record> records;  // [count(s1 matches s2[i:]), next index of s2[i:]]

    for (int i = 0; i < s2.length(); ++i) {
      int count = 0;
      int nextIndex = i;
      for (int j = 0; j < s1.length(); ++j)
        if (s2[nextIndex] == s1[j])
          if (++nextIndex == s2.length()) {  // Have a match
            ++count;
            nextIndex = 0;
          }
      records.emplace_back(count, nextIndex);
    }

    int matches = 0;  // S1 matches s2
    int index = 0;

    while (n1--) {
      matches += records[index].count;
      index = records[index].nextIndex;
    }

    return matches / n2;  // S1 matches S2
  }
};","java"
"class Solution {
 public:
  int findSubstringInWraproundString(string p) {
    int maxLength = 1;
    List<Integer> count(26);  // Substrings end at i

    for (int i = 0; i < p.length(); ++i) {
      if (i > 0 && (p[i] - p[i - 1] == 1 || p[i - 1] - p[i] == 25))
        ++maxLength;
      else
        maxLength = 1;
      const int index = p[i] - 'a';
      count[index] = max(count[index], maxLength);
    }

    return accumulate(begin(count), end(count), 0);
  }
};","java"
"class Solution {
 public:
  string validIPAddress(string IP) {
    string digit;
    istringstream iss(IP);

    if (count(begin(IP), end(IP), '.') == 3) {
      for (int i = 0; i < 4; ++i)  // Make sure we have 4 parts
        if (!getline(iss, digit, '.') || !isIPv4(digit))
          return ""Neither"";
      return ""IPv4"";
    }

    if (count(begin(IP), end(IP), ':') == 7) {
      for (int i = 0; i < 8; ++i)  // Make sure we have 8 parts
        if (!getline(iss, digit, ':') || !isIPv6(digit))
          return ""Neither"";
      return ""IPv6"";
    }

    return ""Neither"";
  }

 private:
  static inline string validIPv6Chars = ""0123456789abcdefABCDEF"";

  bool isIPv4(const string& digit) {
    if (digit.empty() || digit.length() > 3)
      return false;
    if (digit.length() > 1 && digit[0] == '0')
      return false;

    for (const char c : digit)
      if (c < '0' || c > '9')
        return false;

    const int num = stoi(digit);
    return 0 <= num && num <= 255;
  }

  bool isIPv6(const string& digit) {
    if (digit.empty() || digit.length() > 4)
      return false;

    for (const char c : digit)
      if (validIPv6Chars.find(c) == string::npos)
        return false;

    return true;
  }
};","java"
"class Solution {
 public:
  bool isConvex(vector<List<Integer>>& points) {
    auto getCross = [](const List<Integer>& p, const List<Integer>& q,
                       const List<Integer>& r) -> int {
      return (q[0] - p[0]) * (r[1] - p[1]) - (q[1] - p[1]) * (r[0] - p[0]);
    };

    const int n = points.size();
    long sign = 0;

    for (int i = 0; i < points.size(); ++i) {
      const int cross =
          getCross(points[i], points[(i + 1) % n], points[(i + 2) % n]);
      if (cross == 0)  // P, q, r are collinear
        continue;
      if (sign == 0)  // Find first cross that's not 0
        sign = cross;
      else if (cross * sign < 0)
        return false;
    }

    return true;
  }
};","java"
"// The rand7() API is already defined for you.
// int rand7();
// @return a random integer in the range 1 to 7

class Solution {
 public:
  int rand10() {
    int num = 40;

    while (num >= 40)
      num = (rand7() - 1) * 7 + rand7() - 1;

    return num % 10 + 1;
  }
};","java"
"class Solution {
 public:
  string encode(string s) {
    const int n = s.length();
    // dp[i][j] := shortest encoded string of s[i..j]
    dp.resize(n, List<String>(n));
    return encode(s, 0, n - 1);
  }

 private:
  vector<List<String>> dp;

  string encode(const string& s, int i, int j) {
    if (!dp[i][j].empty())
      return dp[i][j];

    const string& curr = s.substr(i, j - i + 1);
    dp[i][j] = curr;

    if (dp[i][j].length() < 5)
      return dp[i][j];

    // Try all possible partitions
    for (int k = i; k < j; ++k) {
      const string& l = encode(s, i, k);
      const string& r = encode(s, k + 1, j);
      if (l.length() + r.length() < dp[i][j].length())
        dp[i][j] = l + r;
    }

    // Try to compress the string
    // E.g. s = aabaabaab -> 3[aab]
    for (int k = i; k <= j; ++k) {
      const string& pattern = s.substr(i, k - i + 1);
      if (curr.length() % pattern.length() == 0 &&
          regex_replace(curr, regex(pattern), """").empty()) {
        const string& candidate = to_string(curr.length() / pattern.length()) +
                                  '[' + encode(s, i, k) + ']';
        if (candidate.length() < dp[i][j].length())
          dp[i][j] = candidate;
      }
    }

    return dp[i][j];
  }
};","java"
"class Solution {
 public:
  List<String> findAllConcatenatedWordsInADict(List<String>& words) {
    List<String> ans;
    unordered_set<string> wordSet{begin(words), end(words)};
    unordered_map<string, bool> memo;

    for (const string& word : words)
      if (isConcat(word, wordSet, memo))
        ans.push_back(word);

    return ans;
  }

 private:
  bool isConcat(const string& s, const unordered_set<string>& wordSet,
                unordered_map<string, bool>& memo) {
    if (const auto it = memo.find(s); it != cend(memo))
      return it->second;

    for (int i = 1; i < s.length(); ++i) {
      const string prefix = s.substr(0, i);
      const string suffix = s.substr(i);
      if (wordSet.count(prefix) &&
          (wordSet.count(suffix) || isConcat(suffix, wordSet, memo)))
        return memo[s] = true;
    }

    return memo[s] = false;
  }
};","java"
"class Solution {
 public:
  bool makesquare(List<Integer>& matchsticks) {
    if (matchsticks.size() < 4)
      return false;

    const int perimeter = accumulate(begin(matchsticks), end(matchsticks), 0);
    if (perimeter % 4 != 0)
      return false;

    sort(begin(matchsticks), end(matchsticks), greater<int>());
    return dfs(matchsticks, 0, List<Integer>(4, perimeter / 4));
  }

 private:
  bool dfs(const List<Integer>& matchsticks, int selected, List<Integer>&& edges) {
    if (selected == matchsticks.size())
      return all_of(begin(edges), end(edges),
                    [](int edge) { return edge == 0; });

    for (int i = 0; i < 4; ++i) {
      if (matchsticks[selected] > edges[i])
        continue;
      edges[i] -= matchsticks[selected];
      if (dfs(matchsticks, selected + 1, move(edges)))
        return true;
      edges[i] += matchsticks[selected];
    }

    return false;
  }
};","java"
"class Solution {
 public:
  int findMaxForm(List<String>& strs, int m, int n) {
    // dp[i][j] := max size of the subset given i 0's and j 1's are available
    vector<List<Integer>> dp(m + 1, List<Integer>(n + 1));

    for (const string& s : strs) {
      const int count0 = count(begin(s), end(s), '0');
      const int count1 = s.length() - count0;
      for (int i = m; i >= count0; --i)
        for (int j = n; j >= count1; --j)
          dp[i][j] = max(dp[i][j], dp[i - count0][j - count1] + 1);
    }

    return dp[m][n];
  }
};","java"
"class Solution {
 public:
  int findRadius(List<Integer>& houses, List<Integer>& heaters) {
    sort(begin(houses), end(houses));
    sort(begin(heaters), end(heaters));

    int ans = 0;
    int i = 0;  // Point to the heater that currently used

    for (const int house : houses) {
      while (i + 1 < heaters.size() &&
             house - heaters[i] > heaters[i + 1] - house)
        ++i;  // Next heater is better
      ans = max(ans, abs(heaters[i] - house));
    }

    return ans;
  }
};","java"
"class Solution {
 public:
  int findComplement(long num) {
    for (long i = 1; i <= num; i <<= 1)
      num ^= i;
    return num;
  }
};","java"
"class Solution {
 public:
  int totalHammingDistance(List<Integer>& nums) {
    int ans = 0;
    int mask = 1;

    for (int i = 0; i < 30; ++i) {
      const int onesCount = count_if(begin(nums), end(nums),
                                     [&mask](int num) { return num & mask; });
      const int zerosCount = nums.size() - onesCount;
      ans += onesCount * zerosCount;
      mask <<= 1;
    }

    return ans;
  }
};","java"
"class Solution {
 public:
  Solution(double radius, double x_center, double y_center)
      : radius(radius), x_center(x_center), y_center(y_center) {}

  vector<double> randPoint() {
    const double length = sqrt(distribution(generator)) * radius;
    const double degree = distribution(generator) * 2 * M_PI;
    const double x = x_center + length * cos(degree);
    const double y = y_center + length * sin(degree);
    return {x, y};
  }

 private:
  const double radius;
  const double x_center;
  const double y_center;
  default_random_engine generator;
  uniform_real_distribution<double> distribution =
      uniform_real_distribution<double>(0.0, 1.0);
};","java"
"class Solution {
 public:
  int largestPalindrome(int n) {
    if (n == 1)
      return 9;

    constexpr int kMod = 1337;
    const int upper = pow(10, n) - 1;
    const int lower = pow(10, n - 1) - 1;

    for (int i = upper; i > lower; --i) {
      const long cand = getPalindromeCandidate(i);
      for (long j = upper; j * j >= cand; --j)
        if (cand % j == 0)
          return cand % kMod;
    }

    throw;
  }

 private:
  long getPalindromeCandidate(int i) {
    string reversed = to_string(i);
    reverse(begin(reversed), end(reversed));
    return stol(to_string(i) + reversed);
  }
};","java"
"class Solution {
 public:
  vector<double> medianSlidingWindow(List<Integer>& nums, int k) {
    vector<double> ans;
    multiset<double> window(begin(nums), begin(nums) + k);
    auto it = next(begin(window), (k - 1) / 2);

    for (int i = k;; ++i) {
      const double median = k & 1 ? *it : (*it + *next(it)) / 2.0;
      ans.push_back(median);
      if (i == nums.size())
        break;
      window.insert(nums[i]);
      if (nums[i] < *it)
        --it;
      if (nums[i - k] <= *it)
        ++it;
      window.erase(window.lower_bound(nums[i - k]));
    }

    return ans;
  }
};","java"
"class Solution {
 public:
  int magicalString(int n) {
    string s = "" 122"";

    for (int i = 3; i <= n; ++i)
      if (i & 1)
        s.append(s[i] - '0', '1');
      else
        s.append(s[i] - '0', '2');

    return count(begin(s), begin(s) + n + 1, '1');
  }
};","java"
"class Solution {
 public:
  string licenseKeyFormatting(string s, int k) {
    string ans;
    int length = 0;

    for (int i = s.length() - 1; i >= 0; --i) {
      if (s[i] == '-')
        continue;
      if (length > 0 && length % k == 0)
        ans += ""-"";
      ans += toupper(s[i]);
      ++length;
    }

    return {rbegin(ans), rend(ans)};
  }
};","java"
"class Solution {
 public:
  string smallestGoodBase(string n) {
    const long num = stol(n);

    for (int m = log2(num); m >= 2; --m) {
      const int k = pow(num, 1.0 / m);
      long sum = 1;
      long prod = 1;
      for (int i = 0; i < m; ++i) {
        prod *= k;
        sum += prod;
      }
      if (sum == num)
        return to_string(k);
    }

    return to_string(num - 1);
  }
};","java"
"class Solution {
 public:
  List<Integer> findPermutation(string s) {
    List<Integer> ans;
    stack<int> stack;

    for (int i = 0; i < s.length(); ++i) {
      stack.push(i + 1);
      if (s[i] == 'I')
        while (!stack.empty())
          ans.push_back(stack.top()), stack.pop();
    }
    stack.push(s.length() + 1);

    while (!stack.empty())
      ans.push_back(stack.top()), stack.pop();

    return ans;
  }
};","java"
"class Solution {
 public:
  int findMaxConsecutiveOnes(List<Integer>& nums) {
    int ans = 0;
    int sum = 0;

    for (const int num : nums)
      if (num == 1)
        ans = max(ans, ++sum);
      else
        sum = 0;

    return ans;
  }
};","java"
"class Solution {
 public:
  bool PredictTheWinner(List<Integer>& nums) {
    const int n = nums.size();
    // dp[i][j] := max number you can get more than your opponent in nums[i..j]
    vector<List<Integer>> dp(n, List<Integer>(n));

    for (int i = 0; i < n; ++i)
      dp[i][i] = nums[i];

    for (int d = 1; d < n; ++d)
      for (int i = 0; i + d < n; ++i) {
        const int j = i + d;
        dp[i][j] = max(nums[i] - dp[i + 1][j], nums[j] - dp[i][j - 1]);
      }

    return dp[0][n - 1] >= 0;
  }
};","java"
"class Solution {
 public:
  int findMaxConsecutiveOnes(List<Integer>& nums) {
    int ans = 0;
    int zeros = 0;

    for (int l = 0, r = 0; r < nums.size(); ++r) {
      if (nums[r] == 0)
        ++zeros;
      while (zeros == 2)
        if (nums[l++] == 0)
          --zeros;
      ans = max(ans, r - l + 1);
    }

    return ans;
  }
};","java"
"class Solution {
 public:
  int findMinStep(string board, string hand) {
    const int ans = dfs(board + ""#"", hand, {});
    return ans == INT_MAX ? -1 : ans;
  }

 private:
  int dfs(string&& board, const string& hand,
          unordered_map<string, int>&& memo) {
    const string hashKey = board + '#' + hand;
    if (const auto it = memo.find(hashKey); it != cend(memo))
      return it->second;
    board = deDup(board);
    if (board == ""#"")
      return 0;

    unordered_set<char> boardSet = unordered_set(begin(board), end(board));

    string hs;  // Hand that in board
    for (const char h : hand)
      if (boardSet.count(h))
        hs += h;
    if (hs.empty())  // Infeasible
      return INT_MAX;

    int ans = INT_MAX;

    for (int i = 0; i < board.size(); ++i)
      for (int j = 0; j < hs.size(); ++j) {
        // Place hs[j] in board[i]
        const string& newHand = hs.substr(0, j) + hs.substr(j + 1);
        string newBoard = board.substr(0, i) + hs[j] + board.substr(i);
        const int res = dfs(move(newBoard), newHand, move(memo));
        if (res < INT_MAX)
          ans = min(ans, 1 + res);
      }

    return memo[hashKey] = ans;
  }

  string deDup(string board) {
    int start = 0;  // Start index of a color sequenece
    for (int i = 0; i < board.size(); ++i)
      if (board[i] != board[start]) {
        if (i - start >= 3)
          return deDup(board.substr(0, start) + board.substr(i));
        start = i;  // Meet a new sequence
      }
    return board;
  }
};","java"
"/**
 * // This is the robot's control interface.
 * // You should not implement it, or speculate about its implementation
 * class Robot {
 *  public:
 *   // Returns true if the cell in front is open and robot moves into the cell.
 *   // Returns false if the cell in front is blocked and robot stays in the
 *   // Current cell. bool move();
 *
 *   // Robot will stay in the same cell after calling turnLeft/turnRight.
 *   // Each turn will be 90 degrees.
 *   void turnLeft();
 *   void turnRight();
 *
 *   // Clean the current cell.
 *   void clean();
 * };
 */

class Solution {
 public:
  void cleanRoom(Robot& robot) {
    dfs(robot, 0, 0, 0, unordered_set<pair<int, int>, pairHash>());
  }

 private:
  const List<Integer> dirs{0, 1, 0, -1, 0};

  struct pairHash {
    size_t operator()(const pair<int, int>& p) const {
      return p.first ^ p.second;
    }
  };

  void dfs(Robot& robot, int i, int j, int d,
           unordered_set<pair<int, int>, pairHash>&& seen) {
    seen.insert({i, j});
    robot.clean();

    // Explore clockwise: 0: ^, 1: >, 2: v, 3: <
    // The order is important since the idea is always turn right
    for (int k = 0; k < 4; ++k) {
      const int newD = (d + k) % 4;
      const int x = i + dirs[newD];
      const int y = j + dirs[newD + 1];
      if (!seen.count({x, y}) && robot.move()) {
        dfs(robot, x, y, newD, move(seen));
        // Go back to the previous cell
        robot.turnRight();
        robot.turnRight();
        robot.move();
        // Go back to the original direction
        robot.turnRight();
        robot.turnRight();
      }
      robot.turnRight();  // Always turn the robot clockwise
    }
  }
};","java"
"class Solution {
 public:
  bool hasPath(vector<List<Integer>>& maze, List<Integer>& start,
               List<Integer>& destination) {
    const int m = maze.size();
    const int n = maze[0].size();
    const List<Integer> dirs{0, 1, 0, -1, 0};
    queue<pair<int, int>> q{{{start[0], start[1]}}};
    vector<vector<bool>> seen(m, vector<bool>(n));
    seen[start[0]][start[1]] = true;

    while (!q.empty()) {
      const auto [i, j] = q.front();
      q.pop();
      for (int k = 0; k < 4; ++k) {
        int x = i;
        int y = j;
        while (isValid(maze, x + dirs[k], y + dirs[k + 1])) {
          x += dirs[k];
          y += dirs[k + 1];
        }
        if (x == destination[0] && y == destination[1])
          return true;
        if (seen[x][y])
          continue;
        q.emplace(x, y);
        seen[x][y] = true;
      }
    }

    return false;
  }

 private:
  bool isValid(const vector<List<Integer>>& maze, int x, int y) {
    return 0 <= x && x < maze.size() && 0 <= y && y < maze[0].size() &&
           maze[x][y] == 0;
  }
};","java"
"class Solution {
 public:
  vector<List<Integer>> findSubsequences(List<Integer>& nums) {
    vector<List<Integer>> ans;
    dfs(nums, 0, {}, ans);
    return ans;
  }

 private:
  void dfs(const List<Integer>& nums, int s, List<Integer>&& path,
           vector<List<Integer>>& ans) {
    if (path.size() > 1)
      ans.push_back(path);

    unordered_set<int> used;

    for (int i = s; i < nums.size(); ++i) {
      if (used.count(nums[i]))
        continue;
      if (path.empty() || nums[i] >= path.back()) {
        used.insert(nums[i]);
        path.push_back(nums[i]);
        dfs(nums, i + 1, move(path), ans);
        path.pop_back();
      }
    }
  }
};","java"
"class Solution {
 public:
  List<Integer> constructRectangle(int area) {
    int width = sqrt(area);

    while (area % width)
      --width;

    return {area / width, width};
  }
};","java"
"class FenwickTree {
 public:
  FenwickTree(int n) : sums(n + 1) {}

  void update(int i, int delta) {
    while (i < sums.size()) {
      sums[i] += delta;
      i += lowbit(i);
    }
  }

  int get(int i) const {
    int sum = 0;
    while (i > 0) {
      sum += sums[i];
      i -= lowbit(i);
    }
    return sum;
  }

 private:
  List<Integer> sums;

  static inline int lowbit(int i) {
    return i & -i;
  }
};

class Solution {
 public:
  int reversePairs(List<Integer>& nums) {
    int ans = 0;
    unordered_map<long, int> ranks;
    getRanks(nums, ranks);
    FenwickTree tree(ranks.size());

    for (int i = nums.size() - 1; i >= 0; --i) {
      const long num = nums[i];
      ans += tree.get(ranks[num] - 1);
      tree.update(ranks[num * 2], 1);
    }

    return ans;
  }

 private:
  void getRanks(const List<Integer>& nums, unordered_map<long, int>& ranks) {
    set<long> sorted(begin(nums), end(nums));
    for (const long num : nums)
      sorted.insert(num * 2);
    int rank = 0;
    for (const long num : sorted)
      ranks[num] = ++rank;
  }
};","java"
"class Solution {
 public:
  int findTargetSumWays(List<Integer>& nums, int target) {
    const int sum = accumulate(begin(nums), end(nums), 0);
    if (sum < abs(target) || (sum + target) & 1)
      return 0;
    return knapsack(nums, (sum + target) / 2);
  }

 private:
  int knapsack(const List<Integer>& nums, int target) {
    const int n = nums.size();
    // dp[i][j] := # of ways to sum to j by nums[0..i)
    vector<List<Integer>> dp(n + 1, List<Integer>(target + 1));
    dp[0][0] = 1;

    for (int i = 1; i <= n; ++i) {
      const int num = nums[i - 1];
      for (int j = 0; j <= target; ++j)
        if (j < num)
          dp[i][j] = dp[i - 1][j];
        else
          dp[i][j] = dp[i - 1][j] + dp[i - 1][j - num];
    }

    return dp[n][target];
  }
};","java"
"class Solution {
 public:
  int findPoisonedDuration(List<Integer>& timeSeries, int duration) {
    if (duration == 0)
      return 0;

    int ans = 0;

    for (int i = 0; i + 1 < timeSeries.size(); ++i)
      ans += min(timeSeries[i + 1] - timeSeries[i], duration);

    return ans + duration;
  }
};","java"
"class Solution {
 public:
  List<Integer> nextGreaterElement(List<Integer>& nums1, List<Integer>& nums2) {
    List<Integer> ans;
    unordered_map<int, int> numToNextGreater;
    stack<int> stack;  // decreasing stack

    for (const int num : nums2) {
      while (!stack.empty() && stack.top() < num)
        numToNextGreater[stack.top()] = num, stack.pop();
      stack.push(num);
    }

    for (const int num : nums1)
      if (const auto it = numToNextGreater.find(num);
          it != cend(numToNextGreater))
        ans.push_back(it->second);
      else
        ans.push_back(-1);

    return ans;
  }
};","java"
"class Solution {
 public:
  List<Integer> findDiagonalOrder(vector<List<Integer>>& matrix) {
    const int m = matrix.size();
    const int n = matrix[0].size();
    List<Integer> ans(m * n);
    int d = 1;  // Left-bottom -> right-top
    int row = 0;
    int col = 0;

    for (int i = 0; i < m * n; ++i) {
      ans[i] = matrix[row][col];
      row -= d;
      col += d;
      // Out of bound
      if (row == m)
        row = m - 1, col += 2, d = -d;
      if (col == n)
        col = n - 1, row += 2, d = -d;
      if (row < 0)
        row = 0, d = -d;
      if (col < 0)
        col = 0, d = -d;
    }

    return ans;
  }
};","java"
"class Solution {
 public:
  string findShortestWay(vector<List<Integer>>& maze, List<Integer>& ball,
                         List<Integer>& hole) {
    string ans = ""impossible"";
    dfs(maze, ball[0], ball[1], hole, 0, 0, 0, INT_MAX, """", ans);
    return ans;
  }

 private:
  void dfs(vector<List<Integer>>& maze, int i, int j, const List<Integer>& hole,
           int dx, int dy, int steps, int&& minSteps, string&& path,
           string& ans) {
    if (steps >= minSteps)
      return;

    if (dx != 0 || dy != 0) {  // Both are zero for the initial ball position
      while (i + dx >= 0 && i + dx < maze.size() && j + dy >= 0 &&
             j + dy < maze[0].size() && maze[i + dx][j + dy] != 1) {
        i += dx;
        j += dy;
        ++steps;
        if (i == hole[0] && j == hole[1] && steps < minSteps) {
          minSteps = steps;
          ans = path;
        }
      }
    }

    if (maze[i][j] == 0 || steps + 2 < maze[i][j]) {
      maze[i][j] = steps + 2;  // +2 to because of maze[i][j] == 0 || 1
      if (dx == 0)
        dfs(maze, i, j, hole, 1, 0, steps, move(minSteps), path + ""d"", ans);
      if (dy == 0)
        dfs(maze, i, j, hole, 0, -1, steps, move(minSteps), path + ""l"", ans);
      if (dy == 0)
        dfs(maze, i, j, hole, 0, 1, steps, move(minSteps), path + ""r"", ans);
      if (dx == 0)
        dfs(maze, i, j, hole, -1, 0, steps, move(minSteps), path + ""u"", ans);
    }
  }
};","java"
"class Solution {
 public:
  List<String> findWords(List<String>& words) {
    List<String> ans;
    const List<Integer> rows{2, 3, 3, 2, 1, 2, 2, 2, 1, 2, 2, 2, 3,
                           3, 1, 1, 1, 1, 2, 1, 1, 3, 1, 3, 1, 3};

    for (const string& word : words) {
      string lowerWord = word;
      transform(begin(lowerWord), end(lowerWord), begin(lowerWord), ::tolower);
      const int row = rows[lowerWord[0] - 'a'];
      const bool isValid = all_of(begin(lowerWord), end(lowerWord),
                                  [&](int c) { return rows[c - 'a'] == row; });
      if (isValid)
        ans.push_back(word);
    }

    return ans;
  }
};","java"
"class Solution {
 public:
  List<Integer> findMode(TreeNode* root) {
    List<Integer> ans;
    int count = 0;
    int maxCount = 0;

    inorder(root, count, maxCount, ans);
    return ans;
  }

 private:
  TreeNode* pred = nullptr;

  void inorder(TreeNode* root, int& count, int& maxCount, List<Integer>& ans) {
    if (root == nullptr)
      return;

    inorder(root->left, count, maxCount, ans);
    updateCount(root, count, maxCount, ans);
    inorder(root->right, count, maxCount, ans);
  }

  void updateCount(TreeNode* root, int& count, int& maxCount,
                   List<Integer>& ans) {
    if (pred && pred->val == root->val)
      ++count;
    else
      count = 1;

    if (count > maxCount) {
      maxCount = count;
      ans = {root->val};
    } else if (count == maxCount) {
      ans.push_back(root->val);
    }

    pred = root;
  }
};","java"
"struct T {
  int pro;
  int cap;
  T(int pro, int cap) : pro(pro), cap(cap) {}
};

class Solution {
 public:
  int findMaximizedCapital(int k, int W, List<Integer>& Profits,
                           List<Integer>& Capital) {
    auto compareC = [](const T& a, const T& b) { return a.cap > b.cap; };
    auto compareP = [](const T& a, const T& b) { return a.pro < b.pro; };
    priority_queue<T, vector<T>, decltype(compareC)> minHeap(compareC);
    priority_queue<T, vector<T>, decltype(compareP)> maxHeap(compareP);

    for (int i = 0; i < Capital.size(); ++i)
      minHeap.emplace(Profits[i], Capital[i]);

    while (k--) {
      while (!minHeap.empty() && minHeap.top().cap <= W)
        maxHeap.push(minHeap.top()), minHeap.pop();
      if (maxHeap.empty())
        break;
      W += maxHeap.top().pro, maxHeap.pop();
    }

    return W;
  }
};","java"
"class Solution {
 public:
  List<Integer> nextGreaterElements(List<Integer>& nums) {
    const int n = nums.size();
    List<Integer> ans(n, -1);
    stack<int> stack;  // decreasing stack storing indices

    for (int i = 0; i < n * 2; ++i) {
      const int num = nums[i % n];
      while (!stack.empty() && nums[stack.top()] < num)
        ans[stack.top()] = num, stack.pop();
      if (i < n)
        stack.push(i);
    }

    return ans;
  }
};","java"
"class Solution {
 public:
  string convertToBase7(int num) {
    if (num < 0)
      return ""-"" + convertToBase7(-num);
    if (num < 7)
      return to_string(num);
    return convertToBase7(num / 7) + to_string(num % 7);
  }
};","java"
"class Solution {
 public:
  int shortestDistance(vector<List<Integer>>& maze, List<Integer>& start,
                       List<Integer>& destination) {
    const int m = maze.size();
    const int n = maze[0].size();
    const List<Integer> dirs{0, 1, 0, -1, 0};
    queue<pair<int, int>> q{{{start[0], start[1]}}};
    vector<List<Integer>> dist(m, List<Integer>(n, INT_MAX));
    dist[start[0]][start[1]] = 0;

    while (!q.empty()) {
      const auto [i, j] = q.front();
      q.pop();
      for (int k = 0; k < 4; ++k) {
        int x = i;
        int y = j;
        int steps = dist[i][j];
        while (isValid(maze, x + dirs[k], y + dirs[k + 1])) {
          x += dirs[k];
          y += dirs[k + 1];
          ++steps;
        }
        if (steps < dist[x][y]) {
          dist[x][y] = steps;
          if (x == destination[0] && y == destination[1])
            continue;
          q.emplace(x, y);
        }
      }
    }

    return dist[destination[0]][destination[1]] == INT_MAX
               ? -1
               : dist[destination[0]][destination[1]];
  }

 private:
  bool isValid(const vector<List<Integer>>& maze, int x, int y) {
    return x >= 0 && x < maze.size() && y >= 0 && y < maze[0].size() &&
           maze[x][y] == 0;
  }
};","java"
"class Solution {
 public:
  List<String> findRelativeRanks(List<Integer>& nums) {
    const int n = nums.size();
    List<String> ans(n);
    List<Integer> indices(n);

    iota(begin(indices), end(indices), 0);

    sort(begin(indices), end(indices),
         [&](const int a, const int b) { return nums[a] > nums[b]; });

    for (int i = 0; i < n; ++i)
      if (i == 0)
        ans[indices[0]] = ""Gold Medal"";
      else if (i == 1)
        ans[indices[1]] = ""Silver Medal"";
      else if (i == 2)
        ans[indices[2]] = ""Bronze Medal"";
      else
        ans[indices[i]] = to_string(i + 1);

    return ans;
  }
};","java"
"class Solution {
 public:
  bool checkPerfectNumber(int num) {
    if (num == 1)
      return false;

    int sum = 1;

    for (int i = 2; i <= sqrt(num); ++i)
      if (num % i == 0)
        sum += i + num / i;

    return sum == num;
  }
};","java"
"class Solution {
 public:
  List<Integer> findFrequentTreeSum(TreeNode* root) {
    List<Integer> ans;
    unordered_map<int, int> count;
    int maxCount = 0;

    sumDownFrom(root, count);

    for (const auto& [_, freq] : count)
      maxCount = max(maxCount, freq);

    for (const auto& [sum, freq] : count)
      if (freq == maxCount)
        ans.push_back(sum);

    return ans;
  }

 private:
  int sumDownFrom(TreeNode* root, unordered_map<int, int>& count) {
    if (root == nullptr)
      return 0;

    const int sum = root->val + sumDownFrom(root->left, count) +
                    sumDownFrom(root->right, count);
    ++count[sum];
    return sum;
  }
};","java"
"class Solution {
 public:
  int fib(int n) {
    if (n < 2)
      return n;

    List<Integer> dp{0, 0, 1};

    for (int i = 2; i <= n; ++i) {
      dp[0] = dp[1];
      dp[1] = dp[2];
      dp[2] = dp[0] + dp[1];
    }

    return dp.back();
  }
};","java"
"class Solution {
 public:
  Node* inorderSuccessor(Node* node) {
    // The successor is somewhere lower in the right subtree
    if (node->right) {
      node = node->right;
      while (node->left)
        node = node->left;
      return node;
    }

    // The successor is somewhere upper in the tree
    while (node->parent && node->parent->left != node)
      node = node->parent;
    return node->parent;
  }
};","java"
"class Solution {
 public:
  int findBottomLeftValue(TreeNode* root) {
    queue<TreeNode*> q{{root}};
    TreeNode* node = nullptr;

    while (!q.empty()) {
      node = q.front();
      q.pop();
      if (node->right)
        q.push(node->right);
      if (node->left)
        q.push(node->left);
    }

    return node->val;
  }
};","java"
"class Solution {
 public:
  int findRotateSteps(string ring, string key) {
    return dfs(ring, key, 0, {}) + key.length();
  }

 private:
  // # of rotates of ring to match key[index:]
  int dfs(const string& ring, const string& key, int index,
          unordered_map<string, int>&& memo) {
    if (index == key.length())
      return 0;
    // Add the index to prevent duplicate
    const string hashKey = ring + to_string(index);
    if (const auto it = memo.find(hashKey); it != cend(memo))
      return it->second;

    int ans = INT_MAX;

    // For each ring[i] == key[index]
    // We rotate the ring to match ring[i] w/ key[index]
    // Then recursively match newRing w/ key[index + 1:]
    for (size_t i = 0; i < ring.length(); ++i)
      if (ring[i] == key[index]) {
        const int minRotates = min(i, ring.length() - i);
        const string& newRing = ring.substr(i) + ring.substr(0, i);
        const int remainingRotates = dfs(newRing, key, index + 1, move(memo));
        ans = min(ans, minRotates + remainingRotates);
      }

    return memo[hashKey] = ans;
  }
};","java"
"class Solution {
 public:
  List<Integer> largestValues(TreeNode* root) {
    if (root == nullptr)
      return {};

    List<Integer> ans;
    queue<TreeNode*> q{{root}};

    while (!q.empty()) {
      int maxi = INT_MIN;
      for (int sz = q.size(); sz > 0; --sz) {
        TreeNode* node = q.front();
        q.pop();
        maxi = max(maxi, node->val);
        if (node->left)
          q.push(node->left);
        if (node->right)
          q.push(node->right);
      }
      ans.push_back(maxi);
    }

    return ans;
  }
};","java"
"class Solution {
 public:
  int longestPalindromeSubseq(string s) {
    const int n = s.length();
    // dp[i][j] := LPS's length in s[i..j]
    dp.resize(n, List<Integer>(n));
    return lps(s, 0, n - 1);
  }

 private:
  vector<List<Integer>> dp;

  int lps(const string& s, int i, int j) {
    if (i > j)
      return 0;
    if (i == j)
      return 1;
    if (dp[i][j] > 0)
      return dp[i][j];

    if (s[i] == s[j])
      dp[i][j] = 2 + lps(s, i + 1, j - 1);
    else
      dp[i][j] = max(lps(s, i + 1, j), lps(s, i, j - 1));

    return dp[i][j];
  }
};","java"
"class Solution {
 public:
  int findMinMoves(List<Integer>& machines) {
    const int dresses = accumulate(begin(machines), end(machines), 0);
    if (dresses % machines.size() != 0)
      return -1;

    int ans = 0;
    int inout = 0;
    const int average = dresses / machines.size();

    for (const int dress : machines) {
      inout += dress - average;
      ans = max({ans, abs(inout), dress - average});
    }

    return ans;
  }
};","java"
"class Solution {
 public:
  int change(int amount, List<Integer>& coins) {
    List<Integer> dp(amount + 1);
    dp[0] = 1;

    for (const int coin : coins)
      for (int i = coin; i <= amount; ++i)
        dp[i] += dp[i - coin];

    return dp[amount];
  }
};","java"
"class Solution {
 public:
  Solution(int n_rows, int n_cols)
      : rows(n_rows), cols(n_cols), total(n_rows * n_cols) {}

  List<Integer> flip() {
    // All candidates are used out
    if (used.size() == total)
      return {};

    int index = rand() % total;
    while (used.count(index))
      index = ++index % total;
    used.insert(index);

    return {index / cols, index % cols};
  }

  void reset() {
    used = {};
  }

 private:
  unordered_set<int> used;
  int rows;
  int cols;
  int total;
};","java"
"class Solution {
 public:
  bool detectCapitalUse(string word) {
    for (int i = 1; i < word.length(); ++i)
      if (isupper(word[1]) != isupper(word[i]) ||
          islower(word[0]) && isupper(word[i]))
        return false;
    return true;
  }
};","java"
"class Solution {
 public:
  int findLUSlength(string a, string b) {
    return a == b ? -1 : max(a.length(), b.length());
  }
};","java"
"class Solution {
 public:
  int findLUSlength(List<String>& strs) {
    unordered_set<string> seen;
    unordered_set<string> duplicates;

    for (const string& str : strs)
      if (seen.count(str))
        duplicates.insert(str);
      else
        seen.insert(str);

    sort(begin(strs), end(strs),
         [](const auto& a, const auto& b) { return a.length() > b.length(); });

    for (int i = 0; i < strs.size(); ++i) {
      if (duplicates.count(strs[i]))
        continue;
      bool isASubsequence = false;
      for (int j = 0; j < i; ++j)
        isASubsequence |= isSubsequence(strs[i], strs[j]);
      if (!isASubsequence)
        return strs[i].length();
    }

    return -1;
  }

 private:
  // Returns true if a is a subsequence of b
  bool isSubsequence(const string& a, const string& b) {
    int i = 0;
    for (const char c : b)
      if (i < a.length() && c == a[i])
        ++i;
    return i == a.length();
  };
};","java"
"class Solution {
 public:
  bool checkSubarraySum(List<Integer>& nums, int k) {
    int prefix = 0;
    unordered_map<int, int> prefixToIndex{{0, -1}};

    for (int i = 0; i < nums.size(); ++i) {
      prefix += nums[i];
      if (k != 0)
        prefix %= k;
      if (const auto it = prefixToIndex.find(prefix);
          it != cend(prefixToIndex)) {
        if (i - it->second > 1)
          return true;
      } else {
        // Only add if absent, because the previous index is better
        prefixToIndex[prefix] = i;
      }
    }

    return false;
  }
};","java"
"class Solution {
 public:
  string findLongestWord(string s, List<String>& d) {
    string ans;

    for (const string& word : d)
      if (isSubsequence(word, s))
        if (word.length() > ans.length() ||
            word.length() == ans.length() && word.compare(ans) < 0)
          ans = word;

    return ans;
  }

 private:
  // Returns true if a is a subsequence of b
  bool isSubsequence(const string& a, const string& b) {
    int i = 0;
    for (const char c : b)
      if (i < a.length() && c == a[i])
        ++i;
    return i == a.length();
  };
};","java"
"class Solution {
 public:
  int findMaxLength(List<Integer>& nums) {
    int ans = 0;
    int prefix = 0;
    unordered_map<int, int> prefixToIndex{{0, -1}};

    for (int i = 0; i < nums.size(); ++i) {
      prefix += nums[i] ? 1 : -1;
      if (const auto it = prefixToIndex.find(prefix); it != cend(prefixToIndex))
        ans = max(ans, i - it->second);
      else
        prefixToIndex[prefix] = i;
    }

    return ans;
  }
};","java"
"class Solution {
 public:
  int countArrangement(int n) {
    return dfs(n, 1, string(n + 1, 'x'), {});
  }

 private:
  int dfs(int n, int num, string&& filled, unordered_map<string, int>&& memo) {
    if (num == n + 1)
      return 1;
    if (const auto it = memo.find(filled); it != cend(memo))
      return it->second;

    int count = 0;

    for (int i = 1; i <= n; ++i)
      if (filled[i] == 'x' && (num % i == 0 || i % num == 0)) {
        filled[i] = 'o';
        count += dfs(n, num + 1, move(filled), move(memo));
        filled[i] = 'x';
      }

    return memo[filled] = count;
  }
};","java"
"class Solution {
 public:
  List<String> wordsAbbreviation(List<String>& words) {
    const int n = words.size();
    List<String> ans;
    // prefix[i] := ans[i] takes words[i][0..prefix[i]]
    List<Integer> prefix(n);

    for (const string& word : words)
      ans.push_back(getAbbrev(word, 0));

    for (int i = 0; i < n; ++i) {
      while (true) {
        List<Integer> dupeIndices;
        for (int j = i + 1; j < n; ++j)
          if (ans[i] == ans[j])
            dupeIndices.push_back(j);
        if (dupeIndices.empty())
          break;
        dupeIndices.push_back(i);
        for (const int index : dupeIndices)
          ans[index] = getAbbrev(words[index], ++prefix[index]);
      }
    }

    return ans;
  }

 private:
  string getAbbrev(const string& s, int prefixIndex) {
    const int n = s.length();
    const int num = n - (prefixIndex + 1) - 1;
    const int numLength = num < 10 ? 1 : num < 100 ? 2 : 3;
    const int abbrevLength = (prefixIndex + 1) + numLength + 1;
    if (abbrevLength >= n)
      return s;
    return s.substr(0, prefixIndex + 1) + to_string(num) + s.back();
  }
};","java"
"class Solution {
 public:
  vector<vector<char>> updateBoard(vector<vector<char>>& board,
                                   List<Integer>& click) {
    if (board[click[0]][click[1]] == 'M') {
      board[click[0]][click[1]] = 'X';
      return board;
    }

    dfs(board, click[0], click[1]);
    return board;
  }

 private:
  const vector<pair<int, int>> dirs{{-1, -1}, {-1, 0}, {-1, 1}, {0, -1},
                                    {0, 1},   {1, -1}, {1, 0},  {1, 1}};

  void dfs(vector<vector<char>>& board, int i, int j) {
    if (i < 0 || i == board.size() || j < 0 || j == board[0].size())
      return;
    if (board[i][j] != 'E')
      return;

    const int minesCount = getMinesCount(board, i, j);
    board[i][j] = minesCount == 0 ? 'B' : '0' + minesCount;

    if (minesCount == 0)
      for (const auto& [dx, dy] : dirs)
        dfs(board, i + dx, j + dy);
  }

  int getMinesCount(const vector<vector<char>>& board, int i, int j) {
    int minesCount = 0;
    for (const auto& [dx, dy] : dirs) {
      const int x = i + dx;
      const int y = j + dy;
      if (x < 0 || x == board.size() || y < 0 || y == board[0].size())
        continue;
      if (board[x][y] == 'M')
        ++minesCount;
    }
    return minesCount;
  }
};","java"
"class Solution {
 public:
  // Similar to 94. Binary Tree Inorder Traversal
  int getMinimumDifference(TreeNode* root) {
    int ans = INT_MAX;
    int prev = -1;
    stack<TreeNode*> stack;

    while (root || !stack.empty()) {
      while (root) {
        stack.push(root);
        root = root->left;
      }
      root = stack.top(), stack.pop();
      if (prev >= 0)
        ans = min(ans, root->val - prev);
      prev = root->val;
      root = root->right;
    }

    return ans;
  }
};","java"
