"code","language"
"package main

// Original Python code transformed to Go
// class Solution:
    def twoSum(self, nums: List[int], target: int) -> List[int]:
         left = 0
         right = len(nums)
         while left < right:
             if target-nums[left] in nums and nums.index(target-nums[left]) != left:
                 return [left,nums.index(target-nums[left])]
             else:
                 left+=1
func solution() {
    // Implementation in Go
    fmt.Println(""Hello, World!"")
}","go"
"package main

// Original Python code transformed to Go
// class Solution:
    def lengthOfLongestSubstring(self, s: str) -> int:
        i, j = 0, 0
        n = len(s)
        frequencyArray = [0]*(5 * 10**4)
        maxSize = 0
        while j < n:
            frequencyArray[ord(s[j]) - ord('a')] += 1
            mapSize = (5*10**4) - frequencyArray.count(0)
            
            if mapSize == j - i + 1:
                maxSize = max(maxSize, j - i + 1)
                j += 1
            
            elif mapSize < j - i + 1:
                while mapSize < j - i + 1:
                    frequencyArray[ord(s[i]) - ord('a')] -= 1
                    mapSize = (5*10**4) - frequencyArray.count(0)
                    i += 1
                j += 1
        return maxSize
func solution() {
    // Implementation in Go
    fmt.Println(""Hello, World!"")
}","go"
"package main

// Original Python code transformed to Go
// class Solution:
    def findMedianSortedArrays(self, nums1: List[int], nums2: List[int]) -> float:
        sum_list = nums1 + nums2
        sum_list.sort()
        sum_size = len(sum_list)

        if sum_size % 2 == 0:
            x = (sum_list[int(sum_size/2)] + sum_list[int((sum_size/2) - 1)]) / 2
        else:
            x = sum_list[int(sum_size/2)]

        return x
func solution() {
    // Implementation in Go
    fmt.Println(""Hello, World!"")
}","go"
"package main

// Original Python code transformed to Go
// class Solution:
    def longestPalindrome(self, s: str) -> str:
        self.res = """";
        self.resLen = 0;
        for i in range(len(s)):
            self.getPalindrome(s,i,i);
            self.getPalindrome(s,i,i+1);
        return self.res;
    def getPalindrome(self,s,l,r):
        while l >= 0 and r < len(s) and s[l] == s[r]:
            if (r - l + 1) > self.resLen:
                self.res = s[l:r+1];
                self.resLen = len(self.res);
            l -= 1;
            r += 1;
func solution() {
    // Implementation in Go
    fmt.Println(""Hello, World!"")
}","go"
"package main

// Original Python code transformed to Go
// class Solution:
    def convert(self, s: str, numRows: int) -> str:
        if numRows == 1:
            return s
        a = ['' for i in range(numRows)]
        c = numRows
        inc = False
        for i in s:
            a[numRows-c] += i # If numRows = 3, the range of numRows-c is [0, 2] as c is in the range of [1, 3]
            if not inc:
                c -= 1
                if c == 1:
                    inc = True
            else:
                c += 1
                if c == numRows:
                    inc = False
        return ''.join(a)
func solution() {
    // Implementation in Go
    fmt.Println(""Hello, World!"")
}","go"
"package main

// Original Python code transformed to Go
// class Solution:
    def reverse(self, x: int) -> int:
        reverse = 0
        num, x = x, abs(x)
        while x:
            last = x % 10
            x //= 10
            reverse = reverse * 10 + last
            if not (reverse <= 2 ** 31 and reverse >= -2 ** 31):
                return 0
            
        return reverse if num > 0 else -reverse
func solution() {
    // Implementation in Go
    fmt.Println(""Hello, World!"")
}","go"
"package main

// Original Python code transformed to Go
// class Solution:
    def myAtoi(self, s: str) -> int:
        s= s.strip("" "")
        if len(s) == 0:return 0
        s = list(s)
        sign = 1
        
        if s[0] == ""-"":
            sign = -1
            s.pop(0) # Removing the sign from the first term 
        elif s[0] == ""+"":
            sign = 1
            s.pop(0)
        else:
            pass
        
        if len(s) > 2 and not s[0].isdigit():
            return 0
        _ = ""0""
        
        for i in s:
            if i.isdigit():
                _+=i
            else:
                break
                
        return_val = int(_) * sign
        
        if return_val < -2147483648:
            return -2147483648
        
        elif return_val > 2147483647:
            return 2147483647
        
        else:
            return return_val
func solution() {
    // Implementation in Go
    fmt.Println(""Hello, World!"")
}","go"
"package main

// Original Python code transformed to Go
// class Solution:
    def isPalindrome(self, x: int) -> bool:
        y = list(str(x))
        return y== list(reversed(y))
func solution() {
    // Implementation in Go
    fmt.Println(""Hello, World!"")
}","go"
"package main

// Original Python code transformed to Go
// class Solution:
    @lru_cache
    def isMatch(self, s, p):
        if not p:   return not s
        if p[-1] == '*':
            return (self.isMatch(s, p[:-2])) or (s and (s[-1] == p[-2] or p[-2] == '.') and self.isMatch(s[:-1], p))
        return s and (p[-1] == s[-1] or p[-1] == '.') and self.isMatch(s[:-1], p[:-1])
func solution() {
    // Implementation in Go
    fmt.Println(""Hello, World!"")
}","go"
"package main

// Original Python code transformed to Go
// class Solution:
    def maxArea(self, height: List[int]) -> int:
        """"""Uses two pointers. 
        Left pointer starts with 0th index and
        Right pointer starts at last index.
        Calculate the area and update if greater than
        area variable.
        If heigh[right] is greater than heigh[left], increment
        left, otherwise decrement right.
        """"""
        area = 0
        left = 0
        right = len(height) -1
        while left < right:
            side = min(height[left], height[right])
            width = right - left
            area = max(side * width, area)
            if height[right] > height[left]:
                left += 1
            else:
                right -= 1
        return area
func solution() {
    // Implementation in Go
    fmt.Println(""Hello, World!"")
}","go"
"package main

// Original Python code transformed to Go
// class Solution:
    def intToRoman(self, num: int) -> str:
        """"""
        Symbol       Value
        I             1     ones
        V             5     ones
        X             10    tens
        L             50    tens
        C             100   hundreds
        D             500   hundreds
        M             1000  thousands
        """"""
        # mode the number to get digits
        # based on the digits, append the letter to the ans
        # reverse the ans or use dequeue()
        letters = [[""I"", ""IV"", ""V"", ""IX""],
                  [""X"", ""XL"", ""L"", ""XC""],
                  [""C"", ""CD"", ""D"", ""CM""],
                  [""M"","""","""",""""]]
        place = 0 # value place. 0-> ones, 1->tens
        ans = deque()
        while num > 0:
            digit = num % 10            
            num //= 10
            lt = letters[place]
            if digit < 4:
                ans.appendleft(lt[0]*digit)
            elif digit == 4:
                ans.appendleft(lt[1])
            elif digit < 9:
                ans.appendleft(lt[2]+lt[0]*(digit-5))      
            elif digit == 9:
                ans.appendleft(lt[3])
            place += 1
        return """".join(ans)
func solution() {
    // Implementation in Go
    fmt.Println(""Hello, World!"")
}","go"
"package main

// Original Python code transformed to Go
// class Solution:
    def romanToInt(self, s: str) -> int:
        dic={""I"":1, ""V"":5, ""X"":10, ""L"":50, ""C"":100, ""D"":500, ""M"":1000 }
        m,total=dic[s[0]],0
        for i in s:
            n=dic[i]
            total = (total- 2*m + n) if(m<n) else (total+ n)
            m=n
        return total
func solution() {
    // Implementation in Go
    fmt.Println(""Hello, World!"")
}","go"
"package main

// Original Python code transformed to Go
// class Solution:
    def longestCommonPrefix(self, strs: List[str]) -> str:
        result = """"
        
        strs.sort()
        
		# Loop over the characters in the first index of the array
        for char in range(len(strs[0])):
		
			#If the character is the same in both the first and last string at the same index, append to result and continue with the loop.
            if strs[0][char] == strs[-1][char]:
                result += strs[0][char]
                continue
            else:
				# Break out of the loop here.  Personally, I find this this easier to read, could also just return the result.
                break
                
        return result
func solution() {
    // Implementation in Go
    fmt.Println(""Hello, World!"")
}","go"
"package main

// Original Python code transformed to Go
// class Solution:
    def levelOrder(self, root: Optional[TreeNode]) -> List[List[int]]:
        levels = []
        
        def order(node, level):
            if level >= len(levels):
                levels.append([])
            
            if node:
                levels[level].append(node.val)
            
                if node.left:
                    order(node.left, level + 1)
                
                if node.right:
                    order(node.right, level + 1)
        
        if not root:
            return []
        
        order(root, 0)
        return levels
func solution() {
    // Implementation in Go
    fmt.Println(""Hello, World!"")
}","go"
"package main

// Original Python code transformed to Go
// class Solution:
    def zigzagLevelOrder(self, root: Optional[TreeNode]) -> List[List[int]]:
        if not root:
            return root
        q = [root]
        level = []
        res = [[root.val]]
        x = 0
        while q and root:
            for node in q:
                if node.left:
                    level.append(node.left)
                if node.right:
                    level.append(node.right)
            temp = []
            for i in level:
                temp.append(i.val)
            x += 1
            if temp:
                if x % 2 != 0:
                    res.append(temp[::-1])
                else:
                    res.append(temp)
            q = level
            level = []
        return res
func solution() {
    // Implementation in Go
    fmt.Println(""Hello, World!"")
}","go"
"package main

// Original Python code transformed to Go
// class Solution:

    def maxDepth(self, root: Optional[TreeNode]):
        queue = []
        height = 0
        if not root:
            return 0
        queue.append(root)

        while queue:
            current_length = len(queue)
            height += 1
            for _ in range(0, current_length):
                popped_elem = queue.pop(0)
                if popped_elem.left:
                    queue.append(popped_elem.left)
                if popped_elem.right:
                    queue.append(popped_elem.right)

        return height
func solution() {
    // Implementation in Go
    fmt.Println(""Hello, World!"")
}","go"
"package main

// Original Python code transformed to Go
// class Solution:
    def buildTree(self, preorder: List[int], inorder: List[int]) -> Optional[TreeNode]:
        def buildTree(preorder, inorder):
            if inorder:
                root = TreeNode(preorder.pop(0))
                root_index = inorder.index(root.val)
                root.left = buildTree(preorder,inorder[:root_index])
                root.right = buildTree(preorder,inorder[root_index+1:])
                return root
        return buildTree(preorder, inorder)
func solution() {
    // Implementation in Go
    fmt.Println(""Hello, World!"")
}","go"
"package main

// Original Python code transformed to Go
// class Solution:
    def buildTree(self, inorder: List[int], postorder: List[int]) -> Optional[TreeNode]:
        m = {}
        for i in range(len(inorder)):
            m[inorder[i]] = i
            
        def helper(in_l, in_r, inorder, po_l, po_r, postorder):
            if po_l >= po_r:
                return TreeNode(postorder[po_r])
            curr = TreeNode(postorder[po_r])
            idx = m[postorder[po_r]]
            num_right_tree = in_r - idx
            num_left_tree = idx - in_l
            if num_right_tree > 0:
                curr.right = helper(idx+1, in_r, inorder, po_r-num_right_tree, po_r-1, postorder)
            if num_left_tree > 0:
                curr.left = helper(in_l, idx-1, inorder, po_l, po_l+num_left_tree-1, postorder)
            return curr
        
        return helper(0, len(inorder)-1, inorder, 0, len(postorder)-1, postorder)
func solution() {
    // Implementation in Go
    fmt.Println(""Hello, World!"")
}","go"
"package main

// Original Python code transformed to Go
// class Solution:
    def levelOrderBottom(self, root: TreeNode) -> List[List[int]]:
        if root is None: return
        queue = deque([root])
        op = []
        while queue:
            level = []
            for i in range(len(queue)):
                node = queue.popleft()
                level.append(node.val)
                if node.left: queue.append(node.left)
                if node.right: queue.append(node.right)
            op.append(level)
        return op[::-1]
func solution() {
    // Implementation in Go
    fmt.Println(""Hello, World!"")
}","go"
"package main

// Original Python code transformed to Go
// class Solution:
    def sortedArrayToBST(self, nums: List[int]) -> Optional[TreeNode]:

        def recur(start, end):
            if end < start:
                return None
            mid = floor((start+end)/2)
            node = TreeNode(nums[mid])
            node.left = recur(start, mid-1)
            node.right = recur(mid+1, end)
            return node
        
        return recur(0, len(nums)-1)
func solution() {
    // Implementation in Go
    fmt.Println(""Hello, World!"")
}","go"
"package main

// Original Python code transformed to Go
// class Solution:
    def sortedListToBST(self, head: ListNode) -> TreeNode:
        if not head or not head.next:
            return TreeNode(head.val) if head else None
			
        slow, fast = head, head.next
        while fast.next and fast.next.next:
            slow, fast = slow.next, fast.next.next
        fast, slow.next = slow.next, None
		
        node = TreeNode(fast.val)
        node.left = self.sortedListToBST(head)
        node.right = self.sortedListToBST(fast.next)
        return node
func solution() {
    // Implementation in Go
    fmt.Println(""Hello, World!"")
}","go"
"package main

// Original Python code transformed to Go
// class Solution:
    def isBalanced(self, root: Optional[TreeNode]) -> bool:
        
        if not root:
            return True
        
        def recur(node, level):
            if not node:
                return level-1
            left = recur(node.left, level+1)
            right = recur(node.right, level+1)
            if not left or not right:
                return 0
            if abs(left-right) > 1:
                return 0
            return max(left, right)
        
        level = recur(root, 1)
        
        if not level:
            return False
        return True
func solution() {
    // Implementation in Go
    fmt.Println(""Hello, World!"")
}","go"
"package main

// Original Python code transformed to Go
// class Solution:
    def minDepth(self, root: Optional[TreeNode]) -> int:
        import queue
        if not root:
            return 0

        q = queue.Queue()
        q.put((1, root))
        while not q.empty():
            level, node = q.get()
            if not node.left and not node.right:
                return level
            
            if node.left:
                q.put((level+1, node.left))
                
            if node.right:
                q.put((level+1, node.right))
func solution() {
    // Implementation in Go
    fmt.Println(""Hello, World!"")
}","go"
"package main

// Original Python code transformed to Go
// class Solution:
    def hasPathSum(self, root: Optional[TreeNode], targetSum: int) -> bool:
        f = False
        def util(root, c):
            nonlocal f
            if root:
                c += root.val
                util(root.left, c)
                util(root.right, c)
                if not root.left and not root.right and c == targetSum:
                    f= True
        util(root, 0)
        return f
func solution() {
    // Implementation in Go
    fmt.Println(""Hello, World!"")
}","go"
"package main

// Original Python code transformed to Go
// class Solution:
    def solve(self, root, S , curr , res):
        if(not root):
            return
        curr.append(root.val)
        
        
        if(root.val == S and not root.left and not root.right):
            res.append(list(curr))
            #remeber that when append lisi of list convert into a list
        self.solve(root.left, S - root.val , curr , res)
        
        self.solve(root.right, S - root.val , curr , res)
        
        #del curr[-1]
        curr.pop()
        
        
        
    def pathSum(self, root: Optional[TreeNode], targetSum: int) -> List[List[int]]:
        res = []
        curr = []
        self.solve(root , targetSum , curr , res)
        return res
func solution() {
    // Implementation in Go
    fmt.Println(""Hello, World!"")
}","go"
"package main

// Original Python code transformed to Go
// class Solution:
    def flatten(self, root: Optional[TreeNode]) -> None:
        """"""
        Do not return anything, modify root in-place instead.
        """"""
        if not root:
            return None
        
        # left is the last node of the left subtree.
        # and similarly right is the last node of the right subtree
        left = self.flatten(root.left)
        right = self.flatten(root.right)
        
        if left:
            # First, we join the last node of left subtree to first node in right subtree
            # Then we move the left subtree to the right of the node, and delete the left subtree pointer
            left.right = root.right
            root.right = root.left
            root.left = None
        
        # if theres a right subtree, we return its last node, failing which the last node of the left subtree,
		# and if none are present (i.e. its a leaf node), we return the node itself.
        return right or left or root
func solution() {
    // Implementation in Go
    fmt.Println(""Hello, World!"")
}","go"
"package main

// Original Python code transformed to Go
// class Solution:
    def numDistinct(self, s: str, t: str) -> int:
        m, n = len(s), len(t)
        dp = [[0 for i in range(m + 1)] for i in range(n + 1)]
        
        for i in range(0, m + 1):
            dp[i][0] = 1
        for i in range(1,m + 1):
            for j in range(1,n + 1):
                dp[i][j] += dp[i - 1][j] + (dp[i - 1][j - 1] if s[i - 1] == t[j - 1] else 0)
        return dp[m][n]
func solution() {
    // Implementation in Go
    fmt.Println(""Hello, World!"")
}","go"
"package main

// Original Python code transformed to Go
// class Solution:
    def connect(self, root: 'Node') -> 'Node':
        if root == None:
            return None
        q = collections.deque([root])
        while len(q) > 0:
            size = len(q)
            prev = None
            for _ in range(size):
                node = q.popleft()
                if prev:
                    prev.next = node
                if node.left:
                    q.append(node.left)
                if node.right:
                    q.append(node.right)
                prev = node
            prev.next = None
        return root
func solution() {
    // Implementation in Go
    fmt.Println(""Hello, World!"")
}","go"
"package main

// Original Python code transformed to Go
// class Solution(object):
    def generate(self, numRows):
        """"""
        :type numRows: int
        :rtype: List[List[int]]
        """"""
        response = [[1]*i for i in range(1, numRows+1)]
        
        for i in range(2, numRows):
            for j in range(1,i):
                response[i][j] = response[i-1][j] + response[i-1][j-1]
                
        return response
func solution() {
    // Implementation in Go
    fmt.Println(""Hello, World!"")
}","go"
"package main

// Original Python code transformed to Go
// class Solution:
    def getRow(self, rowIndex: int) -> List[int]:
        l=[[1]*(i+1) for i in range(rowIndex+1)]
        
        if(rowIndex==0):
            l[0]=[1]
        
        else:
            l[0]=[1]
            l[1]=[1,1]
        
            for i in range(2,len(l)):
                for j in range(0,len(l[i])):
                    if(j==0 or j==len(l[i])+1):
                        continue
                    else:
                        l[i][j]=sum(l[i-1][j-1:j+1])
        return l[-1]
func solution() {
    // Implementation in Go
    fmt.Println(""Hello, World!"")
}","go"
"package main

// Original Python code transformed to Go
// class Solution:
    def minimumTotal(self, triangle: List[List[int]]) -> int:
        n = len(triangle)
        dp = [[-1] * n for x in range(n)]
        
        for j in range(n):
            dp[n-1][j] = triangle[n-1][j]
        i = n-2
        while(i>=0):
            j = i
            while(j>=0):
                down = triangle[i][j] + dp[i+1][j]
                dia = triangle[i][j] + dp[i+1][j+1]
                dp[i][j] = min(down,dia)
                j -= 1
            i -= 1
        return dp[0][0]
func solution() {
    // Implementation in Go
    fmt.Println(""Hello, World!"")
}","go"
"package main

// Original Python code transformed to Go
// class Solution:
    def maxProfit(self, prices: List[int]) -> int:
        min_price, max_profit = math.inf, 0
        for p in prices:
            if p < min_price:
                min_price = p
            elif p-min_price > max_profit:
                max_profit = p-min_price
        return max_profit
func solution() {
    // Implementation in Go
    fmt.Println(""Hello, World!"")
}","go"
"package main

// Original Python code transformed to Go
// class Solution:
    def maxProfit(self, prices: List[int]) -> int:
        
        @cache
        def trade(day_d):
            
            if day_d == 0:
                
                # Hold on day_#0 = buy stock at the price of day_#0
                # Not-hold on day_#0 = doing nothing on day_#0
                return -prices[day_d], 0
            
            prev_hold, prev_not_hold = trade(day_d-1)
            
            hold = max(prev_hold, prev_not_hold - prices[day_d] )
            not_hold = max(prev_not_hold, prev_hold + prices[day_d] )
            
            return hold, not_hold
        
        # --------------------------------------------------
        last_day= len(prices)-1
        
        # Max profit must come from not_hold state (i.e., no stock position) on last day
        return trade(last_day)[1]
func solution() {
    // Implementation in Go
    fmt.Println(""Hello, World!"")
}","go"
"package main

// Original Python code transformed to Go
// class Solution:
    def maxProfit(self, prices: List[int]) -> int:
        @cache
        def dfs(i, hasBought, transactions):
            if (i >= len(prices) or transactions >= 2):
                return 0
            maxProfit = 0
            if (hasBought):
                maxProfit = prices[i] + dfs(i + 1, False, transactions + 1)
            else:
                maxProfit = -prices[i] + dfs(i + 1, True, transactions)     
            return max(maxProfit, dfs(i + 1, hasBought, transactions))
        return dfs(0, False, 0)
func solution() {
    // Implementation in Go
    fmt.Println(""Hello, World!"")
}","go"
"package main

// Original Python code transformed to Go
// class Solution:
    def maxPathSum(self, root: TreeNode) -> int:
        return self.maxPathSumHelper(root)[2]

    def maxPathSumHelper(self, root: TreeNode):
        """"""
            (alo, connected, sum)
        """"""
        if root == None:
            return (False, False, 0)
        
        (l_alo, l_connected, l_subtree) = self.maxPathSumHelper(root.left)
        (r_alo, r_connected, r_subtree) = self.maxPathSumHelper(root.right)
        
        max_sum = max( \
            (root.val + l_subtree + r_subtree) if r_connected and l_connected else root.val, \
            (root.val + l_subtree) if l_connected else root.val, \
            (root.val + r_subtree) if r_connected else root.val, \
            root.val
         )
        
        
        if (l_alo and l_subtree > max_sum) or (r_alo and r_subtree > max_sum):
            if l_alo and not r_alo:
                return (True, False, l_subtree)
            elif not l_alo and r_alo:
                return (True, False, r_subtree)
            else:
                return (True, False, max(l_subtree, r_subtree))
        else:
func solution() {
    // Implementation in Go
    fmt.Println(""Hello, World!"")
}","go"
"package main

// Original Python code transformed to Go
// class Solution:
    def isPalindrome(self, s: str) -> bool:
        Snew = """"
        for char in s:
            if char.isalnum():
                Snew += char.lower()
        return Snew == Snew[::-1]
func solution() {
    // Implementation in Go
    fmt.Println(""Hello, World!"")
}","go"
"package main

// Original Python code transformed to Go
// class Solution:
    def findLadders(self, beginWord: str, endWord: str, wordList: List[str]) -> List[List[str]]:
        """"""
        cog
        + log
          + 
        + dog
        """"""
        def ppath(p):
            if d.get(p):
                path.append(p)
                if d[p][1]==-1:
                    print(path[::-1])
                    ans.append([v for v in path[::-1]])
                else:
                    for v in d:
                        if d[v][0]+1==d[p][0] and sum([1 for i in range(k) if v[i]!=p[i]])<=1:
                            ppath(v)
                path.pop(-1)
            pass
            
        n, k = len(wordList), len(wordList[0])
        
        # build tries
        tries = {}
        for i in range(n):
            for j in range(k):
                w = wordList[i][:j] + ""?"" + wordList[i][j+1:]
                tries[w] = tries.get(w, [])                
                tries[w].append(wordList[i])
            pass
        
        print(beginWord, endWord)
        print(""[build] tries: "", tries)
        
        # bfs (only closing node after 1-level)
        q = [beginWord]
        d = {q[0]: (0, -1)}
        flag = False
        while len(q)>0:
            u = q.pop(0)
            for j in range(k):
                w = u[:j] + ""?"" + u[j+1:]
                for v in tries.get(w, []): # for all v adjacent u
                    if not d.get(v):
                        d[v] = (d[u][0]+1, u)
                        q.append(v)
                    if v==endWord:
                        break
                if d.get(endWord):
                    break
            if d.get(endWord):
                    break
                        
        print(""\n[bfs] d: "", d)
        
        print(""\npath: "")
        
        path = []
        ans = []
        ppath(endWord)
        print(""="" * 20)
        return ans

print = lambda *a,**aa: ()
func solution() {
    // Implementation in Go
    fmt.Println(""Hello, World!"")
}","go"
"package main

// Original Python code transformed to Go
// class Solution:
    def ladderLength(self, beginWord: 'str', endWord: 'str', wordList: 'List[str]') -> 'int':
        wordSet = set(wordList)
        if endWord not in wordSet:
            return 0
        wordDict = {1:[beginWord]}
        output = 1
        while True:
            words = wordDict[output] 
            wordDict[output + 1] = []
            for word in words:
                for i in range(len(word)):
                    for j in string.ascii_lowercase:
                        wordChange = word[:i] + j + word[i+1:]
                        if wordChange == endWord:
                            return output + 1
                        if wordChange in wordSet:
                            wordDict[output+1].append(wordChange)
                            wordSet.remove(wordChange)
            if wordDict[output+1] == []:
                break
            output += 1
        return 0
func solution() {
    // Implementation in Go
    fmt.Println(""Hello, World!"")
}","go"
"package main

// Original Python code transformed to Go
// class Solution:
    def longestConsecutive(self, nums: List[int]) -> int:
        lengthLong=0
        prevMap = {}
        for i, n in enumerate(nums):
            prevMap[n]=i
        for i, n in enumerate(nums):
            count=1
            while n+1 in prevMap:
                count+=1
                n+=1
            lengthLong=max(lengthLong,count)
        return lengthLong
func solution() {
    // Implementation in Go
    fmt.Println(""Hello, World!"")
}","go"
"package main

// Original Python code transformed to Go
// class Solution:
def sumNumbers(self, root: Optional[TreeNode]) -> int:
    
    def path(root,local):
        nonlocal res
        if root is None:
            return 
        if root.left is None and root.right is None:
            res.append(local*10+root.val)
            return
        
        path(root.left,local*10+root.val)
        path(root.right,local*10+root.val)
    
    res = []
    path(root,0)
    return sum(res)
func solution() {
    // Implementation in Go
    fmt.Println(""Hello, World!"")
}","go"
"package main

// Original Python code transformed to Go
// class Solution:
    def solve(self, board: List[List[str]]) -> None:
        """"""
        Do not return anything, modify board in-place instead.
        """"""
        
        m = len(board)
        n = len(board[0])
        for i in range(m):
            for j in range(n):
                visited = set()
                if board[i][j]=='O':
                    bfs_arr = [(i,j)]
                    visited.add((i,j))
                    surrounded = True
                    while len(bfs_arr)>0:
                        curr = bfs_arr.pop()
                        if curr[0]==0 or curr[0]==m-1 or curr[1]==0 or curr[1]==n-1:
                            surrounded = False
                        
                        for shift in [(+1,0),(-1,0),(0,+1),(0,-1)]:
                            ind_i = curr[0]+shift[0]
                            ind_j = curr[1] + shift[1]                            
                            if ind_i>=0 and ind_i<m and ind_j>=0 and ind_j<n and board[ind_i][ind_j] == 'O' and (ind_i, ind_j) not in visited:
                                bfs_arr.append((ind_i,ind_j ))
                                visited.add((ind_i, ind_j))

                    for val in visited:
                        if surrounded:
                            board[val[0]][val[1]] = 'X'
func solution() {
    // Implementation in Go
    fmt.Println(""Hello, World!"")
}","go"
"package main

// Original Python code transformed to Go
// class Solution:
    def partition(self, s: str) -> List[List[str]]:
        part = [[] for _ in range(len(s))]
        def sub_part(l, r):
            if 0 <= l <= r < len(s) and s[l]==s[r]:
                part[l].append(s[l:r+1])
                sub_part(l-1, r+1)
                
		# find all palindromes
        for i in range(len(s)):
            sub_part(i,i)
            sub_part(i-1,i)
			
        # generate output
		res=[]
		
        def dfs(i, tmp):
            if i >=len(s):
                res.append(tmp)
			else:
				for p in part[i]:
					dfs(i + len(p), tmp + [p])        
        
		dfs(0, [])
        return res
func solution() {
    // Implementation in Go
    fmt.Println(""Hello, World!"")
}","go"
"package main

// Original Python code transformed to Go
// class Solution:
    def minCut(self, s: str) -> int:
        if len(s)<=1: return 0
        dp = []
        for x in range(-1,len(s)):
            dp.append(x)
        for i in range(len(s)):
            for j in range(i,len(s)):
                if s[i:j]==s[j:i:-1]:
                    dp[j+1]=min(dp[j+1],dp[i]+1)
        return dp[len(s)]
    
    def minCut1(self, s: str) -> int:
        if len(s)<=1: return 0
        self.memo=[None]*(len(s)+1)
        self.memo[0]=[[]]
        ps = self.partition(s)
        min_len=float(""inf"")
        for p in ps:
            min_len=min(min_len,len(p))
        return min_len - 1
    
    def partition(self,s):
        l = len(s)
        if self.memo[l]: return self.memo[l]
        result=[]
        for i in range(l-1,-1,-1):
            current=s[i:]
            if current==current[::-1]:
                prevs=self.partition(s[:i])
                for prev in prevs:
                    result+=[prev+[current]]
        self.memo[l]=result
        return result
func solution() {
    // Implementation in Go
    fmt.Println(""Hello, World!"")
}","go"
"package main

// Original Python code transformed to Go
// class Solution:
    def cloneGraph(self, node: 'Node') -> 'Node':
        if not node:
            return None
        
        return clone(node, {})

def clone(node, dict):
    if node not in dict:
        dict[node] = Node(node.val, [])
        for n in node.neighbors:
            dict[node].neighbors.append(clone(n, dict))
    return dict[node]
func solution() {
    // Implementation in Go
    fmt.Println(""Hello, World!"")
}","go"
"package main

// Original Python code transformed to Go
// class Solution:
    def canCompleteCircuit(self, gas: List[int], cost: List[int]) -> int:
        if sum(gas)<sum(cost): return -1
        n=len(gas)
        minn=float('inf')  #Variable to track the largest cumulative gas deficit
        debt=0 #Variable indicating the gas deficit at each station
        for i in range(n):
            debt+=gas[i]-cost[i]
            if debt<minn:
                minn=debt
                index=i
        return index+1 if index <n-1 else 0 #return the station right after the one with the largest cumulative deficit
func solution() {
    // Implementation in Go
    fmt.Println(""Hello, World!"")
}","go"
"package main

// Original Python code transformed to Go
// class Solution:
    def candy(self, ratings: List[int]) -> int:
        '''
        1. According to solution 2, use two arrays initialized by n 1's where n is length of ratings array,
                - one to check whether ratings[i]<ratings[i+1] starting from the leftmost position, if so then in the array set the value of index (i+1) = 1 + the value of index i
                - other to check whether ratings[i+1]<ratings[i] starting from the rightmost position, if so then in the array set the value of index i = 1 + the value of index (i+1)
        2. If those two arrays are LeftToRight and RightToLeft respectively, then the result will be sum of all maximum(LeftToRight[i], RightToLeft[i]) for 0<=i<=n-1.
        '''
        
        res_1 = [1]*len(ratings)                                        #array for LeftToRight checking
        res_2 = [1]*len(ratings)                                        #array for RightToLeft checking
        res=0                                                           #initial value of minimum no. of candies
        
        #we can check whether ratings[0]<ratings[1] and ratings[n-1]<ratings[n-2] in the same iteration
        #in the following way we can change the values of index i of both LeftToRight array and RightToLeft array in single iteration
        for i in range(0,len(ratings)-1):
            if ratings[i+1]>ratings[i] and res_1[i+1]<=res_1[i]:               
                res_1[i+1]=res_1[i]+1
            if ratings[len(ratings)-1-i]<ratings[len(ratings)-1-i-1] and res_2[len(ratings)-1-i]>=res_2[len(ratings)-1-i]:
                res_2[len(ratings)-1-i-1]=res_2[len(ratings)-1-i]+1
            
        for i in range(0,len(ratings)):
            res+=max(res_1[i], res_2[i])                                        #getting the maximum of LeftToRight[i] and RightToLeft[i] and adding it to the minimum value
            
        return res
func solution() {
    // Implementation in Go
    fmt.Println(""Hello, World!"")
}","go"
"package main

// Original Python code transformed to Go
// class Solution:
    def singleNumber(self, nums: List[int]) -> int:
            return [x for x in nums if nums.count(x)==1][0]
func solution() {
    // Implementation in Go
    fmt.Println(""Hello, World!"")
}","go"
"package main

// Original Python code transformed to Go
// class Solution:
    def singleNumber(self, nums: List[int]) -> int:
        return (sum(set(nums))*3-sum(nums))//2
func solution() {
    // Implementation in Go
    fmt.Println(""Hello, World!"")
}","go"
"package main

// Original Python code transformed to Go
// class Solution:
    def copyRandomList(self, head: 'Optional[Node]') -> 'Optional[Node]':
        def copyList(node):
            if not node:
                return node
            
            newNode = Node(node.val)
            newNodes[node] = newNode
            newNode.next = copyList(node.next)
            newNode.random = newNodes[node.random]
            
            return newNode
        
        newNodes = {None: None}
        return copyList(head)
func solution() {
    // Implementation in Go
    fmt.Println(""Hello, World!"")
}","go"
"package main

// Original Python code transformed to Go
// class Solution:
    def wordBreak(self, s: str, wordDict: List[str]) -> bool:
        n = len(s)
        t = [0 for _ in range(n)]
        for i in range(n):
            for j in range(i+1):
                word = s[j:i+1]
                if word in wordDict:
                    t[i] += t[j-1] if j > 0 else 1
        return t[n-1]
func solution() {
    // Implementation in Go
    fmt.Println(""Hello, World!"")
}","go"
"package main

// Original Python code transformed to Go
// class Solution:
    def wordBreak(self, s: str, wordDict: List[str]) -> List[str]:
        self.res = []
        
        def helper(s,dic,path):
            if not s:
                self.res.append(' '.join(path))
                return
            if s in dic:
                return
            for i in range(1,len(s)+1):
                if s[:i] in wd:
                    helper(s[i:],dic,path+[s[:i]])
                else:
                    dic.add(s[:i])
        wd = set(wordDict)  
        dic = set()
        helper(s,dic,[])
        return self.res
func solution() {
    // Implementation in Go
    fmt.Println(""Hello, World!"")
}","go"
"package main

// Original Python code transformed to Go
// class Solution:
    def hasCycle(self, head: Optional[ListNode]) -> bool:
        # if linkedlist empty
        if not head:
            return False
        
        # fast, slow nodes
        fast = slow = head
        
        # counter for fast and slow
        cnt = 0
        
        # while before end of linkedlist
        while fast:
            # advance fast
            fast = fast.next

            # every other loop
            if cnt % 2:
                # advance slow
                slow = slow.next
            
            # if fast and slow point to the same node, we have a loop
            if fast is slow:
                return True
            
            # increment cnt
            cnt += 1
        
        return False
func solution() {
    // Implementation in Go
    fmt.Println(""Hello, World!"")
}","go"
"package main

// Original Python code transformed to Go
// class Solution:
    def detectCycle(self, head: Optional[ListNode]) -> Optional[ListNode]:
        
        if not head or not head.next:
            return None
        
        s = set()
        
        while head:
            
            if head in s:
                return head
            
            s.add(head)
            head = head.next
            
        return head
func solution() {
    // Implementation in Go
    fmt.Println(""Hello, World!"")
}","go"
"package main

// Original Python code transformed to Go
// class Solution:
    def reorderList(self, head: Optional[ListNode]) -> None:
        curr = head
        lst_ref = []
        while curr:
            lst_ref.append(curr)
            curr = curr.next
        if len(lst_ref) <= 2:
            return
        half_len, rem = divmod(len(lst_ref), 2)
        if rem:
            for a, b in zip(lst_ref[:half_len:1],
                            lst_ref[len(lst_ref) - 1: half_len:-1]):
                a.next = b
            for a, b in zip(lst_ref[len(lst_ref) - 1: half_len + 1:-1],
                            lst_ref[1:half_len:1]):
                a.next = b
            lst_ref[half_len + 1].next = lst_ref[half_len]
        else:
            for a, b in zip(lst_ref[:half_len:1],
                            lst_ref[len(lst_ref) - 1: half_len - 1:-1]):
                a.next = b
            for a, b in zip(lst_ref[len(lst_ref) - 1: half_len:-1],
                            lst_ref[1:half_len:1]):
                a.next = b
        lst_ref[half_len].next = None
func solution() {
    // Implementation in Go
    fmt.Println(""Hello, World!"")
}","go"
"package main

// Original Python code transformed to Go
// class Solution:
    def preorderTraversal(self, root: Optional[TreeNode]) -> List[int]:
	    ans = []
	    stack = [root]

	    while stack:
		    node = stack.pop()
		    if node:
			    ans.append(node.val)
			    stack.append(node.right)
			    stack.append(node.left)
	    return ans
func solution() {
    // Implementation in Go
    fmt.Println(""Hello, World!"")
}","go"
"package main

// Original Python code transformed to Go
// class Solution:
    def postorderTraversal(self, root: Optional[TreeNode]) -> List[int]:
        res = []
        if not root:
            return res
        def dfs(node):
            if not node:
                return
            dfs(node.left)
            dfs(node.right)
            res.append(node.val)
            pass
        dfs(root)
        return res
func solution() {
    // Implementation in Go
    fmt.Println(""Hello, World!"")
}","go"
"package main

// Original Python code transformed to Go
// class ListNode:
    def __init__(self, key, val):
        self.key = key
        self.val = val
        self.next = None
        self.prev = None

class LRUCache:

    def __init__(self, capacity: int):
        self.capacity = capacity
		# a hashmap stores key to ListNode(key, value) pair
        self.map = dict()
        # dummy nodes to mitigate edge cases
        self.head = ListNode(0, 0)
        self.tail = ListNode(0, 0)
        # init the doubly linked list with [head<->tail]
        self.head.next = self.tail
        self.tail.prev = self.head

    def get(self, key: int) -> int:
        if (key in self.map):
            curr = self.map.get(key)
            self.removeX(curr)
            self.addX(curr)
            return curr.val
        return -1

    def put(self, key: int, value: int) -> None:
        if (key in self.map):
            self.removeX(self.map[key])
        
        self.map[key] = ListNode(key, value)
        self.addX(self.map[key])
            
        if (len(self.map) > self.capacity):
            # remove the first(LRU) element in the list
            n = self.head.next
            self.removeX(n)
            self.map.pop(n.key, None)              

        
    def addX(self, head):
        # set the current head pointer's prev to tail's prev pointer
        head.prev = self.tail.prev
        # set the current head pointer's next to tail pointer
        head.next = self.tail
        # set the tail pointer's old prev's next to the current head pointer
        self.tail.prev.next = head
        # set the tail pointer's old prev pointer to the new prev(head) pointer
        self.tail.prev = head
    
    def removeX(self, head):
        # set the old prev's next pointer to current head's next pointer
        head.prev.next = head.next
        # set old next's prev pointer to current head's prev pointer
        head.next.prev = head.prev
func solution() {
    // Implementation in Go
    fmt.Println(""Hello, World!"")
}","go"
"package main

// Original Python code transformed to Go
// class Solution:
    def insertionSortList(self, head: ListNode) -> ListNode:
        
        # No need to sort for empty list or list of size 1
        if not head or not head.next:
            return head
        
        nodes = []
        cur = head
        while head:
            nodes.append(head)
            head = head.next
            
        # Sort nodes by their values ascendingly
        nodes = sorted(nodes, key=lambda node: node.val)

        # Re-organize list
        cur = head = nodes[0]
        for node in nodes[1:]:
            cur.next = node
            cur = cur.next
        cur.next = None
            
        return head
func solution() {
    // Implementation in Go
    fmt.Println(""Hello, World!"")
}","go"
"package main

// Original Python code transformed to Go
// class Solution(object):
    def sortList(self, head):
        if not head or not head.next:
            return head
        fast, slow = head.next, head
        while fast and fast.next:
            fast = fast.next.next
            slow = slow.next
        start = slow.next
        slow.next = None
        l, r = self.sortList(head), self.sortList(start)
        return self.merge(l, r)
        
        
    def merge(self, l, r):
        if not l or not r:
            return l or r
        dummy = p = ListNode(0)
        while l and r:
            if l.val < r.val:
                p.next = l
                l = l.next
            else:
                p.next = r
                r = r.next
            p = p.next
        p.next = l or r
        return dummy.next
func solution() {
    // Implementation in Go
    fmt.Println(""Hello, World!"")
}","go"
"package main

// Original Python code transformed to Go
// class Solution:
    def maxPoints(self, points: List[List[int]]) -> int:
        def solve(p1, p2):
            if p2[0] == p1[0]:
                return math.inf, p1[0]
            m = (p2[1] - p1[1]) / (p2[0] - p1[0])
            b = p2[1] - m*p2[0]
            return m, b
        
        n = len(points)
        if n == 1:
            return 1
        lines = defaultdict(set)
        for i in range(n):
            for j in range(i+1, n):
                m, b = solve(points[i], points[j])
                lines[(m,b)].add(i)
                lines[(m,b)].add(j)
                
        return max([len(v) for v in lines.values()])
func solution() {
    // Implementation in Go
    fmt.Println(""Hello, World!"")
}","go"
"package main

// Original Python code transformed to Go
// class Solution:
    def evalRPN(self, tokens: List[str]) -> int:
        def calculate(num1, num2, operator):
            if operator=='+':
                return num1+num2
            if operator=='-':
                return num2-num1
            if operator=='*':
                return num1*num2
            if operator=='/':
                return int(num2/num1)
            return 0
        

        stack=[]
        for i in range(len(tokens)):
            if tokens[i] == '+' or tokens[i] == '-' or tokens[i] == '*' or tokens[i] == '/':
                num1=stack.pop()
                num2=stack.pop()
                stack.append(calculate(num1, num2, tokens[i]))
            else:
                stack.append(int(tokens[i]))
        return stack.pop()
func solution() {
    // Implementation in Go
    fmt.Println(""Hello, World!"")
}","go"
"package main

// Original Python code transformed to Go
// class Solution:
    def reverseWords(self, s: str) -> str:
        s=s.split()
        a=s[::-1]
        return(' '.join(a))
func solution() {
    // Implementation in Go
    fmt.Println(""Hello, World!"")
}","go"
"package main

// Original Python code transformed to Go
// class Solution:
    def maxProduct(self, nums: List[int]) -> int:
        f = lambda x, y:  y if x == 0 else x * y 
        return max(max(accumulate(nums, f)), max(accumulate(nums[::-1], f)))
func solution() {
    // Implementation in Go
    fmt.Println(""Hello, World!"")
}","go"
"package main

// Original Python code transformed to Go
// class Solution:
    def findMin(self, nums: List[int]) -> int:
        # Binary search
        lo = 0
        hi = len(nums) - 1
        global_min = inf
        while lo <= hi:
            mid = (lo + hi) // 2
            # Update minimum if needed
            global_min = min(nums[mid], global_min)
            # Case: if the pivot index is within the top half and the top half array is unsorted
            # e.g. [4,5,6,7|mid|8,0,1,2]
            if nums[mid] > nums[hi]:
                lo = mid + 1
            # Case: if the pivot index is within the top half but the top half of array is sorted
            # e.g. [5,6,7,8|mid|0,1,2,3]
            elif mid + 1 < len(nums) and nums[mid + 1] < nums[mid]:
                return nums[mid + 1]
            else:
                hi = mid - 1
        return global_min
func solution() {
    // Implementation in Go
    fmt.Println(""Hello, World!"")
}","go"
"package main

// Original Python code transformed to Go
// class Solution:
    def findMin(self, nums: List[int]) -> int:
        len_nums = len(nums)
        len_nums1, len_nums2 = len_nums - 1,  len_nums - 2
        for i in range(len_nums // 2):
            if nums[i] > nums[i + 1]:
                return nums[i + 1]
            if nums[len_nums2 - i] > nums[len_nums1 - i]:
                return nums[len_nums1 - i]
        return nums[0]
func solution() {
    // Implementation in Go
    fmt.Println(""Hello, World!"")
}","go"
"package main

// Original Python code transformed to Go
// class MinStack:

    def __init__(self):
        self.myStack = list()
        self.min = math.inf

    def push(self, val: int) -> None:
        self.myStack.append(val)
        if val < self.min:
            self.min = val

    def pop(self) -> None:
        if len(self.myStack) == 0:
            return
        self.myStack.pop()
        if len(self.myStack) == 0:
            self.min = math.inf
            return
        self.min = min(self.myStack)

    def top(self) -> int:
        if len(self.myStack) == 0:
            return
        return self.myStack[-1]

    def getMin(self) -> int:
        if len(self.myStack) == 0:
            return
        return self.min
func solution() {
    // Implementation in Go
    fmt.Println(""Hello, World!"")
}","go"
"package main

// Original Python code transformed to Go
// class Solution:
    def getIntersectionNode(self, headA: ListNode, headB: ListNode) -> Optional[ListNode]:
        Set=set()
        curr= headA
        while curr:
            Set.add(curr)
            curr=curr.next
        curr=headB
        while curr:
            if curr in Set:
                return curr
            curr=curr.next
        return None
func solution() {
    // Implementation in Go
    fmt.Println(""Hello, World!"")
}","go"
"package main

// Original Python code transformed to Go
// class Solution:
    def findPeakElement(self, nums: List[int]) -> int:
        return nums.index(max(nums))
func solution() {
    // Implementation in Go
    fmt.Println(""Hello, World!"")
}","go"
"package main

// Original Python code transformed to Go
// class Solution:
    def maximumGap(self, num):
        if len(num) < 2:    return 0
        num.sort()
        return max(abs(n2 - n1) for n1, n2 in zip(num[1:], num[:-1]))
func solution() {
    // Implementation in Go
    fmt.Println(""Hello, World!"")
}","go"
"package main

// Original Python code transformed to Go
// class Solution:
    def compareVersion(self, version1: str, version2: str) -> int:
        v1 = list(map(int, version1.split(""."")))
        v2 = list(map(int, version2.split(""."")))
        
        
        for i in range(max(len(v1),len(v2))):
            
            if i<len(v1):
                v1.append(0)
            if i<len(v2):
                v2.append(0)
            if v1[i] > v2[i]:
                return 1
            elif v1[i] < v2[i]:
                return -1
            
        return 0
func solution() {
    // Implementation in Go
    fmt.Println(""Hello, World!"")
}","go"
"package main

// Original Python code transformed to Go
// class Solution:
    def fractionToDecimal(self, numerator: int, denominator: int) -> str:
        if numerator*denominator<0:
            ans=""-""
        else:
            ans=""""
        q=abs(numerator)//abs(denominator)
        r=abs(numerator)%abs(denominator)
        d=set()
        decimal=[]
        if r==0:
            ans=ans+str(q)
            return ans
        else:
            flag=False
            while r!=0:
                if r not in d:
                    n=r*10
                    q1=n//abs(denominator)
                    d.add(r)
                    decimal.append((q1,r))
                    r=n%abs(denominator)
                else:
                    r1=r
                    flag=True
                    break
        ans+=str(q)+'.'
        if flag==False:
            for Q,R in decimal:
                ans+=str(Q)
        if flag==True:
            for i in range(0,len(decimal)):
                if decimal[i][1]!=r1:
                    ans+=str(decimal[i][0])
                else:
                    break
            ans+='('
            for x in range(i,len(decimal)):
                ans+=str(decimal[x][0])
            ans+=')'         
       return ans
func solution() {
    // Implementation in Go
    fmt.Println(""Hello, World!"")
}","go"
"package main

// Original Python code transformed to Go
// class Solution:
    def twoSum(self, numbers: List[int], target: int) -> List[int]:
        # O(n), O(1)
        left = 0
        right = len(numbers) - 1

        while left < right:
            add = numbers[left] + numbers[right]
            if add == target:
                return [left + 1, right + 1]
            elif add > target:
                right -= 1
            else:
                left += 1
func solution() {
    // Implementation in Go
    fmt.Println(""Hello, World!"")
}","go"
"package main

// Original Python code transformed to Go
// class Solution:
    def convertToTitle(self, columnNumber: int) -> str:
         
        column_title = """"
        while columnNumber > 0:
            columnNumber, remainder = divmod(columnNumber - 1, 26)
            column_title = chr(65 + remainder) + column_title
        return column_title
func solution() {
    // Implementation in Go
    fmt.Println(""Hello, World!"")
}","go"
"package main

// Original Python code transformed to Go
// class Solution:
    def majorityElement(self, nums: List[int]) -> int: 
        n = len(nums)
        d = {}
        for i in nums:
            d[i] = d.get(i, 0) + 1
        for x, v in d.items():
            if v>n/2:
             return x
func solution() {
    // Implementation in Go
    fmt.Println(""Hello, World!"")
}","go"
"package main

// Original Python code transformed to Go
// class Solution(object):
    def titleToNumber(self, s):
        return reduce(lambda a,b:a*26+b, map(lambda x:ord(x)-ord('A')+1, s))
func solution() {
    // Implementation in Go
    fmt.Println(""Hello, World!"")
}","go"
"package main

// Original Python code transformed to Go
// class Solution:
    def trailingZeroes(self, n: int) -> int:
        x = 1
        res = 0
        while 5**x < 10**4+1:
            res += n//5**x
            x += 1
        return res
func solution() {
    // Implementation in Go
    fmt.Println(""Hello, World!"")
}","go"
"package main

// Original Python code transformed to Go
// class BSTIterator:   
    
    def __init__(self, root: Optional[TreeNode]):
        self.nodes = []
        self.inorder(root)
        
    def inorder(self, root):
        if root is None:
            return
        self.inorder(root.left)
        self.nodes.append(root.val)
        self.inorder(root.right)

    def next(self) -> int:
        return self.nodes.pop(0)
        

    def hasNext(self) -> bool:
        return len(self.nodes) > 0
        


# Your BSTIterator object will be instantiated and called as such:
# obj = BSTIterator(root)
# param_1 = obj.next()
# param_2 = obj.hasNext()
func solution() {
    // Implementation in Go
    fmt.Println(""Hello, World!"")
}","go"
"package main

// Original Python code transformed to Go
// class Solution:
    def calculateMinimumHP(self, dungeon: List[List[int]]) -> int:
        dp = [[0 for i in range(len(dungeon[0]))] for i in range(len(dungeon))]
        for i in reversed(range(len(dungeon))):
            for j in reversed(range(len(dungeon[0]))):
                if i==len(dungeon)-1 and j==len(dungeon[0])-1: dp[i][j] = min(dungeon[i][j], 0); continue
                val = max(dp[i][j+1] if j<len(dungeon[0])-1 else float(""-inf""), dp[i+1][j] if i<len(dungeon)-1 else float(""-inf""))
                dp[i][j] = 0 if dungeon[i][j] + val>0 else dungeon[i][j] + val
        return max(-dp[0][0], -dungeon[0][0], 0) + 1
func solution() {
    // Implementation in Go
    fmt.Println(""Hello, World!"")
}","go"
"package main

// Original Python code transformed to Go
// class Solution:
    
    def compare(self,n1,n2):
        if str(n1)+str(n2)>str(n2)+str(n1):
            return True
        else:
            return False
    
    def largestNumber(self, nums: List[int]) -> str:
        
        if len(list(set(nums)))==1 and nums[0]==0:
            return ""0""
        
        for i in range(len(nums)):
            for j in range(i+1,len(nums)):
                
                if not self.compare(nums[i],nums[j]):
                    nums[i],nums[j]=nums[j],nums[i]
        
        return ''.join(map(str,nums))
func solution() {
    // Implementation in Go
    fmt.Println(""Hello, World!"")
}","go"
"package main

// Original Python code transformed to Go
// class Solution:
    def findRepeatedDnaSequences(self, s: str) -> List[str]:
        if len(s)<10: return []
        ht=collections.defaultdict(int)
        res=set()
        while len(s)>=10:
            ht[s[:10]]+=1
            if ht[s[:10]]>1: res.add(s[:10])
            s=s[1:]            
        return list(res)
func solution() {
    // Implementation in Go
    fmt.Println(""Hello, World!"")
}","go"
"package main

// Original Python code transformed to Go
// class Solution:
    def maxProfit(self, k: int, prices: List[int]) -> int:
        
        if k == 0: return 0
        
        t0 = [0] * (k+1)
        t1 = [float('-inf')] * k
        
        for p in prices:
            for tr in range(k):
                t0[tr] = max(t0[tr], t1[tr] + p)
                t1[tr] = max(t1[tr], t0[tr-1] - p)
        return t0[-2]
func solution() {
    // Implementation in Go
    fmt.Println(""Hello, World!"")
}","go"
"package main

// Original Python code transformed to Go
// class Solution:
    def rotate(self, nums: List[int], k: int) -> None:
        """"""
        Do not return anything, modify nums in-place instead.
        """"""
        for _ in range(k):
            nums.insert(0, nums.pop())
func solution() {
    // Implementation in Go
    fmt.Println(""Hello, World!"")
}","go"
"package main

// Original Python code transformed to Go
// class Solution:
    def reverseBits(self, n: int) -> int:
        return int(str(bin(n)[2:]).rjust(32,'0')[::-1], 2)
func solution() {
    // Implementation in Go
    fmt.Println(""Hello, World!"")
}","go"
"package main

// Original Python code transformed to Go
// class Solution:
    def hammingWeight(self, n: int) -> int:
        return len([c for c in f""{n: b}"" if c==""1""])
func solution() {
    // Implementation in Go
    fmt.Println(""Hello, World!"")
}","go"
"package main

// Original Python code transformed to Go
// class Solution:
    def rob(self, nums: List[int]) -> int:
        dp= [0] * len(nums)
        if len(nums) == 1:
            return nums[0]
        for i in range(len(nums)):
            dp[i] = max(dp[i-2]+nums[i],dp[i-1])
        return max(dp)
func solution() {
    // Implementation in Go
    fmt.Println(""Hello, World!"")
}","go"
"package main

// Original Python code transformed to Go
// class Solution:
    def rightSideView(self, root: TreeNode):
        rightside = {}
        self.seeTree(root, rightside, 1)
        numbers = [value for value in rightside.values()]
        return numbers
                
    def seeTree(self, root: TreeNode, rightside: dict, nodo: int):
        if root == None:
            return
        if root.val != None:
            rightside[nodo] = root.val
            self.seeTree(root.left, rightside, nodo + 1)
            self.seeTree(root.right, rightside, nodo + 1)
        return
func solution() {
    // Implementation in Go
    fmt.Println(""Hello, World!"")
}","go"
"package main

// Original Python code transformed to Go
// class Solution:
    def numIslands(self, grid: List[List[str]]) -> int:
        if not grid:
            return 0
        rows,cols = len(grid),len(grid[0])
        islands = 0
        visit = set()
        # using dfs in 2 methods
        # firstone
        def dfs(r,c):
            if r <0 or r >= rows or c <0 or c >= len(grid[0]) or grid[r][c]!=""1"" :
                return 
            if (r,c) not in visit:
                visit.add((r,c))
                dfs(r+1,c)
                dfs(r-1,c)
                dfs(r,c+1)
                dfs(r,c-1)

        for r in range(rows):
            for c in range(cols):
                if grid[r][c] == ""1"" and (r,c) not in visit:
                    dfs(r,c)
                    islands+=1
        return islands
func solution() {
    // Implementation in Go
    fmt.Println(""Hello, World!"")
}","go"
"package main

// Original Python code transformed to Go
// class Solution:
def rangeBitwiseAnd(self, left: int, right: int) -> int:
    
    k = 0
    while left!=right:
        left>>=1
        right>>=1
        k+=1
    
    return left<<k
func solution() {
    // Implementation in Go
    fmt.Println(""Hello, World!"")
}","go"
"package main

// Original Python code transformed to Go
// class Solution:
    def isHappy(self, n: int) -> bool:
        while n != 1:
            n = sum([int(i) ** 2 for i in str(n)])
            if n == 4:
                return False
        
        return True
func solution() {
    // Implementation in Go
    fmt.Println(""Hello, World!"")
}","go"
"package main

// Original Python code transformed to Go
// class Solution:
    def removeElements(self, head: Optional[ListNode], val: int) -> Optional[ListNode]:
        if not head:
            return head
        # print(head.val)
        if head.val == val:
            head = self.removeElements(head.next, val)
        else:
            head.next =  self.removeElements(head.next, val)
        return head
func solution() {
    // Implementation in Go
    fmt.Println(""Hello, World!"")
}","go"
"package main

// Original Python code transformed to Go
// class Solution:
    def countPrimes(self, n: int) -> int:
        if n < 3:
            return 0
        
        primes = [1]*n
        primes[0] = primes[1] = 0
        for i in range(2,int(n**0.5)+1):
            if primes[i] != 0:
                for j in range(2*i,n,i):
                    primes[j] = 0
        return sum(primes)
        
    def countPrimesOptimized(self, n: int) -> int:
        if n < 3:
            return 0
        
        primes = [1]*n
        primes[0] = primes[1] = 0
        for i in range(2,int(n**0.5)+1):
            if primes[i]:
                primes[i*i:n:i] = [0]*len(primes[i*i:n:i])
                #print(i,primes[i*i:n:i])
        return sum(primes)
func solution() {
    // Implementation in Go
    fmt.Println(""Hello, World!"")
}","go"
"package main

// Original Python code transformed to Go
// class Solution:
    def isIsomorphic(self, s: str, t: str) -> bool:
        MAX_CHARS = 256
        n = len(s)
        m = len(t)
        if n != m:
            return False
        marked = [False] * MAX_CHARS
        map = [-1] * MAX_CHARS

        for i in range(n):
            if map[ord(s[i])] == -1:
                if marked[ord(t[i])] == True:
                    return False
                marked[ord(t[i])] = True
                map[ord(s[i])] = t[i]
            
            elif map[ord(s[i])] != t[i]:
                return False
        return True
func solution() {
    // Implementation in Go
    fmt.Println(""Hello, World!"")
}","go"
"package main

// Original Python code transformed to Go
// class Solution:
    def reverseList(self, head: Optional[ListNode]) -> Optional[ListNode]:
        
        prev = None
        while head:
            head.next,head,prev = prev,head.next,head
        return prev
func solution() {
    // Implementation in Go
    fmt.Println(""Hello, World!"")
}","go"
"package main

// Original Python code transformed to Go
// class Solution:
    def canFinish(self, numCourses: int, prerequisites: List[List[int]]) -> bool:
        STATUS_VISITING = 0
        STATUS_VISITED = 1
        
        def no_cycle(node):        
            if node in status:
                if status[node] == STATUS_VISITED:
                    return True
                else:
                    return False
            
            status[node] = STATUS_VISITING
            for child in adj[node]:
                if not no_cycle(child):
                    return False
            
            status[node] = STATUS_VISITED
            return True
        
        adj = defaultdict(list)
        nodes = set()
        for a, b in prerequisites:
            adj[b].append(a)
            nodes.add(b)
            
        status = {}
        for node in nodes:
            if not no_cycle(node):
                return False           
            
        return True
func solution() {
    // Implementation in Go
    fmt.Println(""Hello, World!"")
}","go"
"package main

// Original Python code transformed to Go
// class Solution:
    def minSubArrayLen(self, target: int, nums: List[int]) -> int:
        lb = 0
        ub = 0
        wSum = nums[0]
        numLen = len(nums)
        ans = []
        while lb<numLen:
            # print(lb, ub, wSum)
            if wSum >= target:
                ans.append(ub-lb+1)
            
            if wSum < target and ub+1< numLen:
                ub+=1
                wSum += nums[ub]
            else:
                wSum -= nums[lb]
                lb+=1
                
        # print(ans)
        if ans:
            return min(ans)
        return 0
func solution() {
    // Implementation in Go
    fmt.Println(""Hello, World!"")
}","go"
"package main

// Original Python code transformed to Go
// class Solution:
    def findOrder(self, numCourses: int, prerequisites: List[List[int]]) -> List[int]:
        ans = []
        d = {}
        indegree = {}
        for i in range(numCourses):
            d[i] = []
            indegree[i] = 0
        
        for i in prerequisites:
            d[i[0]].append(i[1])
            indegree[i[1]] += 1
        
        queue = []
        for i in indegree:
            if indegree[i] == 0:
                queue.append(i)
        
        while queue:
            curr = queue.pop(0)
            ans.insert(0,curr)
            for i in d[curr]:
                if indegree[i] > 0:
                    indegree[i]-= 1
                    if indegree[i] == 0:
                        queue.append(i)
        
        for i in indegree:
            if indegree[i] != 0:
                return []
        return(ans)
func solution() {
    // Implementation in Go
    fmt.Println(""Hello, World!"")
}","go"
"package main

// Original Python code transformed to Go
// class Solution:
    def findWords(self, board: List[List[str]], words: List[str]) -> List[str]:
        #  My Effort - Passed all test cases, yet backtracking line doesn't work
        cntBoard = collections.Counter(''.join([e for row in board for e in row ]))
        cntW = [collections.Counter(w) for w in words]
        idxBoard = collections.defaultdict(list)
        m, n = len(board), len(board[0])
        for i in range(m):
            for j in range(n):
                idxBoard[board[i][j]].append((i,j))
        # print(idxBoard)
        dirs = [(0,1), (0,-1), (-1,0), (1,0)]
        # dirs = [(0,1), (0,-1), (1,0), (-1,0)] # fail some test cases

        def dfs(x, y, w, i):
            if i == len(w):
                return True
            for a, b in dirs:
                nx, ny = x + a, y + b
                if 0 <= nx < m and 0 <= ny < n and (nx, ny) not in visited and board[nx][ny] == w[i]:
                    visited.add((nx, ny))
                    return dfs(nx, ny, w, i+1) # if I don't add return, the recursive function call returns None or False
                    # visited.remove((nx, ny)) # However, if I add return, this line is never executed, backtracking doesn't work but we actually need backtracking

        ans = []
        
        for w in words:
            if collections.Counter(w) - cntBoard:
                continue
            for x, y in idxBoard[w[0]]:
                visited = set()
                visited.add((x,y))
                result = dfs(x, y, w, 1)
                if result:
                    ans.append(w)
                    break
        return ans
func solution() {
    // Implementation in Go
    fmt.Println(""Hello, World!"")
}","go"
"package main

// Original Python code transformed to Go
// class Solution:
    def rob(self, nums: List[int]) -> int:
        n = len(nums)
        
        if n == 1:
            return nums[0]
        
        if n == 2:
            return max(nums[0], nums[1])
        
        # result1: don't consider the first house
        # result2: don't consider the last house
        result1 = self.robRange(nums, 1, n-1)
        result2 = self.robRange(nums, 0, n-2)
        return max(result1, result2)
    
    def robRange(self, nums, start, end):
        dp = [0] * len(nums)
        dp[start] = nums[start]
        dp[start + 1] = max(nums[start], nums[start + 1])
        
        for i in range(start + 2, end + 1):
            dp[i] = max(dp[i -2] + nums[i], dp[i - 1])
        
        return dp[end]
func solution() {
    // Implementation in Go
    fmt.Println(""Hello, World!"")
}","go"
"package main

// Original Python code transformed to Go
// class Solution:
    def shortestPalindrome(self, s: str) -> str:
        i,l = 0,len(s)
        for j in range(l-1,-1,-1):
            if s[i]==s[j]: i+=1
        if i==l: return s
        return s[i:][::-1] + self.shortestPalindrome(s[:i]) + s[i:]
func solution() {
    // Implementation in Go
    fmt.Println(""Hello, World!"")
}","go"
"package main

// Original Python code transformed to Go
// class Solution:
    def findKthLargest(self, nums: List[int], k: int) -> int:
        n = len(nums)
        k = n - k

        def quickSort(l=0, r=n-1):
            p, pivot = l, nums[r]
            for i in range(l, r):
                if nums[i] <= pivot:
                    nums[i], nums[p] = nums[p], nums[i]
                    p += 1

            nums[p], nums[r] = pivot, nums[p]

            if k > p:
                return quickSort(p + 1, r)
            elif k < p:
                return quickSort(l, p - 1)
            return nums[k]

        return quickSort()
func solution() {
    // Implementation in Go
    fmt.Println(""Hello, World!"")
}","go"
"package main

// Original Python code transformed to Go
// class Solution:
    def combinationSum3(self, k: int, n: int) -> List[List[int]]:
    
        res = []
        
        self.backtrack(k, n, [],0,1, res)
        
        return res
    
    def backtrack(self, k, n, cur, comb, ind, res):
        
        if comb > n:
            return 
        elif comb == n and len(cur) == k:
            res.append([]+cur)
        else:
            
            for i in range(ind,10):
                cur.append(i)
                
                self.backtrack(k, n, cur, comb+i, i+1, res)
                cur.pop()
func solution() {
    // Implementation in Go
    fmt.Println(""Hello, World!"")
}","go"
"package main

// Original Python code transformed to Go
// class Solution(object):
    def containsDuplicate(self, nums):
        """"""
        :type nums: List[int]
        :rtype: bool
        """"""
        #1
        # a = list(set(nums))
        # nums.sort()
        # a.sort()
        # return False if a==nums else True
        
        #2
        hash_table = {}
        for num in nums:
            hash_table[num] = hash_table.get(num, 0)+1
            
        return False if max(hash_table.values()) == 1 else True
        
#         #3
#         from collections import Counter
#         return False if set(Counter(nums).values()) == {1} else True
func solution() {
    // Implementation in Go
    fmt.Println(""Hello, World!"")
}","go"
"package main

// Original Python code transformed to Go
// class Solution:
    def getSkyline(self, buildings: List[List[int]]) -> List[List[int]]:
        if not buildings:
            return []
        if len(buildings) == 1:
            return [[buildings[0][0], buildings[0][2]],[buildings[0][1], 0]]

        mid = (len(buildings)-1) // 2
        left = self.getSkyline(buildings[0:mid+1])
        right = self.getSkyline(buildings[mid+1:])

        return self.merge(left, right)

    def merge(self, left, right):
        i = j = h1 = h2 = 0
        ret = []
        while i < len(left) and j < len(right):
            if left[i][0] < right[j][0]:
                h1 = left[i][1]
                new = [left[i][0], max(h1, h2)]
                if not ret or ret[-1][1] != new[1]:
                    ret.append(new)
                i += 1
            elif left[i][0] > right[j][0]:
                h2 = right[j][1]
                new = [right[j][0], max(h1, h2)]
                if not ret or ret[-1][1]!=new[1]:
                    ret.append(new)
                j+=1
            else:
                h1 = left[i][1]
                h2 = right[j][1]
                new = [right[j][0], max(h1, h2)]
                if not ret or ret[-1][1] != new[1]:
                    ret.append([right[j][0],max(h1, h2)])
                i += 1
                j += 1

        while i < len(left):
            if not ret or ret[-1][1] != left[i][1]:
                ret.append(left[i][:])
            i+=1

        while j < len(right):
            if not ret or ret[-1][1] != right[j][1]:
                ret.append(right[j][:])
            j+=1

        return ret
func solution() {
    // Implementation in Go
    fmt.Println(""Hello, World!"")
}","go"
"package main

// Original Python code transformed to Go
// class Solution:
    def containsNearbyAlmostDuplicate(self, nums: List[int], k: int, t: int) -> bool:
        if not nums or k<1 or t<0 or (t==0 and len(nums)==len(set(nums))): return False
        for i in range(len(nums)):
            for j in range(1,k+1):
                if (i+j)>=len(nums): break
                if abs(nums[i+j]-nums[i])<=t: return True
        return False
func solution() {
    // Implementation in Go
    fmt.Println(""Hello, World!"")
}","go"
"package main

// Original Python code transformed to Go
// class Solution:
    def maximalSquare(self, matrix: List[List[str]]) -> int:
        
        for y, row in enumerate(matrix):
            count_x = 1
            for x, val in enumerate(row):
                if val is '1':
                    matrix[y][x] = count_x
                    count_x += 1
                else:
                    matrix[y][x] = 0
                    count_x = 1

        # transpose
        best = 0
        matrix = list(zip(*matrix))
        popper = list()
        for i in range(10000):
            flag = False
            for j, col in enumerate(matrix):
                count = 0
                for val in col:
                    if val > i: 
                        count += 1
                        if count > i:
                            best = i + 1
                            flag = True
                            break
                    else:
                        count = 0
                if flag:
                    break
                else:
                    popper.append(j)
            if flag:
                matrix = [col for j, col in enumerate(matrix) if j not in popper]
                popper.clear()
            else:
                break
        
        return best ** 2
func solution() {
    // Implementation in Go
    fmt.Println(""Hello, World!"")
}","go"
"package main

// Original Python code transformed to Go
// class Solution:
    
    def count(self,node):

        if node is None: # travelled beyond a leaf
            return 0

        return 1 + self.count(node.left) + self.count(node.right) # all other cases
    
    def countNodes(self, root: Optional[TreeNode]) -> int:
        return self.count(root)
func solution() {
    // Implementation in Go
    fmt.Println(""Hello, World!"")
}","go"
"package main

// Original Python code transformed to Go
// class Solution:
    def computeArea(self, ax1: int, ay1: int, ax2: int, ay2: int, bx1: int, by1: int, bx2: int, by2: int) -> int:
        def get_coordinates(x1,x2,y1,y2):
            return {0:[x1,y1],1:[x2,y1],2:[x2,y2],3:[x1,y2]}
        
        first = get_coordinates(ax1,ax2,ay1,ay2)
        second = get_coordinates(bx1,bx2,by1,by2)
        
        def left_overlap(a,b):
            if b[0][0]>=a[0][0] and b[0][0]<a[1][0] and b[1][0]>=a[1][0]:
                return abs(b[0][0]-a[1][0])
            if a[0][0]>=b[0][0] and a[0][0]<b[1][0] and a[1][0]>=b[1][0]:
                return abs(a[0][0]-b[1][0])
            if b[0][0]>=a[0][0] and b[0][0]<a[1][0] and b[1][0]<a[1][0]:
                return abs(b[1][0]-b[0][0])
            if a[0][0]>=b[0][0] and a[0][0]<b[1][0] and a[1][0]<b[1][0]:
                return abs(a[1][0]-a[0][0])
        
        def top_overlap(a,b):
            if b[0][1]>=a[0][1] and b[0][1]<a[2][1] and b[2][1]>=a[2][1]:
                return abs(b[0][1]-a[2][1])
            if a[0][1]>=b[0][1] and a[0][1]<b[2][1] and a[2][1]>=b[2][1]:
                return abs(a[0][1]-b[2][1])
            if b[0][1]>=a[0][1] and b[0][1]<a[2][1] and b[2][1]<a[2][1]:
                return abs(b[2][1]-b[0][1])
            if a[0][1]>=b[0][1] and a[0][1]<b[2][1] and a[2][1]<b[2][1]:
                return abs(a[2][1]-a[0][1])
        
        l=left_overlap(first,second)
        t=top_overlap(first, second)
        
        total_area = (first[1][0]-first[0][0])*(first[2][1]-first[0][1])
        total_area+=(second[1][0]-second[0][0])*(second[2][1]-second[0][1])
        if l is not None and t is not None:
            total_area -=l*t
        return total_area
func solution() {
    // Implementation in Go
    fmt.Println(""Hello, World!"")
}","go"
"package main

// Original Python code transformed to Go
// class Solution:
    def invertTree(self, root: Optional[TreeNode]) -> Optional[TreeNode]:
        if not root:
            return None
        
        temp = root.left
        root.left = root.right
        root.right = temp
        
        self.invertTree(root.left)
        self.invertTree(root.right)
        
        return root
func solution() {
    // Implementation in Go
    fmt.Println(""Hello, World!"")
}","go"
"package main

// Original Python code transformed to Go
// class Solution:
    def calculate(self, s: str) -> int:
        #pre-processing to tokenize string 
        s = s.replace("" "", """") #remove white space
        
        tokens = []
        lo = hi = 0
        while hi <= len(s):
            if hi == len(s) or s[hi] in ""+-*/"": 
                tokens.append(s[lo:hi]) #tokenize number
                if hi < len(s): tokens.append(s[hi]) #tokenize operator
                lo = hi + 1
            hi += 1
        
        #dijkstra's two-stack algo
        opd, opr = [], [] #operand &amp; operator stacks 
        sign = 1
        for token in tokens: 
            if token in ""+-*/"": 
                opr.append(token)
                if token == ""-"": sign = -1
            else: 
                token = sign*int(token)
                sign = 1
                if opr and opr[-1] in ""*/"":
                    op = opr.pop()
                    x = opd.pop()
                    if op == ""*"": token = x * token
                    elif op == ""/"": token = int(x / token) #not floor division 
                opd.append(token)
            
        return sum(opd)
func solution() {
    // Implementation in Go
    fmt.Println(""Hello, World!"")
}","go"
"package main

// Original Python code transformed to Go
// class Solution:
    def summaryRanges(self, a: List[int]) -> List[str]:
        if not a:
            return []
        ans=[]
        n=len(a)
        start=a[0]
        flag=0
        for i in range(n-1):
            if a[i]+1==a[i+1]:
                flag=1
            else:
                if flag==1 and start!=a[i]:
                    ans.append(str(start)+'->'+str(a[i]))
                else:
                    ans.append(str(start))
                start=a[i+1]
        if flag==1 and start!=a[i+1]:
            ans.append(str(start)+'->'+str(a[i+1]))
        else:
            ans.append(str(start))
        return ans
func solution() {
    // Implementation in Go
    fmt.Println(""Hello, World!"")
}","go"
"package main

// Original Python code transformed to Go
// class Solution:
    def majorityElement(self, nums: List[int]) -> List[int]:
        return [v for v in set(nums) if nums.count(v)>math.floor(len(nums)/3)]
func solution() {
    // Implementation in Go
    fmt.Println(""Hello, World!"")
}","go"
"package main

// Original Python code transformed to Go
// class Solution:
    def kthSmallest(self, root: Optional[TreeNode], k: int) -> int:
        node_vals = []

        def traverse_inorder(node):
            if node is None:
                return
            traverse_inorder(node.left)
            node_vals.append(node.val)
            traverse_inorder(node.right)

        traverse_inorder(root)

        return node_vals[k - 1]
func solution() {
    // Implementation in Go
    fmt.Println(""Hello, World!"")
}","go"
"package main

// Original Python code transformed to Go
// class Solution:
    def isPowerOfTwo(self, n: int) -> bool:
        if n <= 0:
            return False
        return n &amp; (n-1) == 0
func solution() {
    // Implementation in Go
    fmt.Println(""Hello, World!"")
}","go"
"package main

// Original Python code transformed to Go
// class Solution:
    def countDigitOne(self, n: int) -> int:
        if n < 1: return 0

        # i = 0
        p = 1 # 10 ** i
        c = 0 # count of 1s less than 10 ** i
        
        result = 0
        for char in str(n)[::-1]:
            d = int(char)
            # if d == 0: pass
            if d == 1:
                result += c + n%(p) + 1
            elif d > 1:
                result += p + d*c
            c += p + (c<<3)+c # c = p + 8*c + c
            p = (p<<3)+p+p # p *= 10
            # i += 1
        return result
func solution() {
    // Implementation in Go
    fmt.Println(""Hello, World!"")
}","go"
"package main

// Original Python code transformed to Go
// class Solution:
    def isPalindrome(self, head: Optional[ListNode]) -> bool:

        slow_node = head
        fast_node = slow_node
        prev_node = None
        while fast_node is not None:

            if fast_node.next is None:
                # list is odd length (don't add another node to reversed 1st half list - the next node is the odd mid-point)
                fast_node = fast_node.next
                slow_node = slow_node.next
            else:
                # list is even length (add another node to reversed 1st half list)
                fast_node = fast_node.next.next
                temp_node = slow_node
                slow_node = slow_node.next
                temp_node.next = prev_node
                prev_node = temp_node

        # At this point prev_node points to the head of reversed 1st half of list and slow_node points to head of remaining half of list

        while slow_node is not None:
            if slow_node.val != prev_node.val:
                return False
            slow_node = slow_node.next
            prev_node = prev_node.next

        return True
func solution() {
    // Implementation in Go
    fmt.Println(""Hello, World!"")
}","go"
"package main

// Original Python code transformed to Go
// class Solution:
    def lowestCommonAncestor(self, root: 'TreeNode', p: 'TreeNode', q: 'TreeNode') -> 'TreeNode':
        cur =root
        while cur:
            if p.val > cur.val and q.val>cur.val:
                cur=cur.right
            elif p.val<cur.val and q.val<cur.val:
                cur=cur.left
            else:
                return cur
func solution() {
    // Implementation in Go
    fmt.Println(""Hello, World!"")
}","go"
"package main

// Original Python code transformed to Go
// class Solution:
    def __init__(self):
        self.seen = collections.defaultdict(TreeNode)
        
    def get_list(self, cur, prev, target):
        if not cur:
            return None
        
        self.seen[cur.val] = cur
        
        new_cur = TreeNode(cur.val)
        new_cur.left = prev
        
        if new_cur.val == target.val:
            return new_cur
        
        _next = cur.left
        head_from_left = self.get_list(_next, new_cur, target)
        if head_from_left:
            return head_from_left
        
        _next = cur.right
        head_from_right = self.get_list(_next, new_cur, target)
        if head_from_right:
            return head_from_right
        
        new_cur.left = None
        
        return None

    
    def lowestCommonAncestor(self, root: 'TreeNode', p: 'TreeNode', q: 'TreeNode') -> 'TreeNode':
        head1 = self.get_list(root, None, p)
        head2 = self.get_list(root, None, q)
        
        it1, it2 = head1, head2
        
        while it1.val != it2.val:
            if not it1.left:
                it1 = head2
            else:
                it1 = it1.left
            
            if not it2.left:
                it2 = head1
            else:
                it2 = it2.left
        
        return self.seen[it1.val]
func solution() {
    // Implementation in Go
    fmt.Println(""Hello, World!"")
}","go"
"package main

// Original Python code transformed to Go
// class Solution:
    def deleteNode(self, node):
        """"""
        :type node: ListNode
        :rtype: void Do not return anything, modify node in-place instead.
        """"""            
        node.val = node.next.val
        node.next = node.next.next
func solution() {
    // Implementation in Go
    fmt.Println(""Hello, World!"")
}","go"
"package main

// Original Python code transformed to Go
// class Solution:
    def productExceptSelf(self, n: List[int]) -> List[int]:
        ans = [1] * len(n)
        
        pre, pos = 1, 1
        
        for i in range(len(n)):
            ans[i] = pre
            pre *= n[i]
            
        for i in range(len(n)-1, -1, -1):
            ans[i] *= pos
            pos *= n[i]
            
        return ans
func solution() {
    // Implementation in Go
    fmt.Println(""Hello, World!"")
}","go"
"package main

// Original Python code transformed to Go
// class Solution:
    def maxSlidingWindow(self, nums: List[int], k: int) -> List[int]:
        l,r = 0,0
        q = []
        
        while True:
            if not q:
                q.append(nums[l])
            else:
                while q and nums[r]>=q[-1]:
                    q.pop()
                q.append(nums[r])         
            if r-l+1==k:
                break
            r+=1
          
        ans = []
        
        while r!=len(nums):
            maxi = q[0]
            ans.append(maxi)	
            if r+1<len(nums):
                while q and (len(q)==0 or nums[r+1]>q[-1]):
                    q.pop()
                q.append(nums[r+1])  
            if nums[l]==q[0]:
                q.pop(0)
            l+=1
            r+=1
        return ans
func solution() {
    // Implementation in Go
    fmt.Println(""Hello, World!"")
}","go"
"package main

// Original Python code transformed to Go
// class Solution:
    def binarysrc(self,arr,k):
        l=0
        r=len(arr)-1
        while l<=r:
            m=(l+r)//2
            if arr[m]==k:
                return m
            elif k>arr[m]:
                l=m+1
            else:
                r=m-1
        else:
            return -1  
    def searchMatrix(self, matrix: List[List[int]], target: int) -> bool:
        for i in range(len(matrix)):
            if target>=matrix[i][0] and target<=matrix[i][-1]:
                if self.binarysrc(matrix[i],target)!=-1:
                    return True
        return False
func solution() {
    // Implementation in Go
    fmt.Println(""Hello, World!"")
}","go"
"package main

// Original Python code transformed to Go
// class Solution:
    def diffWaysToCompute(self, input: str) -> List[int]:
        ops={
            '+':lambda x,y:x+y,
            '-':lambda x,y:x-y,
            '*':lambda x,y:x*y
        }
        def ways(s):
            ans=[]
            for i in range(len(s)):
                if s[i] in '+-*':
                    ans+=[ops[s[i]](l,r) for l,r in itertools.product(ways(s[0:i]),ways(s[i+1:]))]
            if not ans:
                ans.append(int(s))
            return ans
        return ways(input)
func solution() {
    // Implementation in Go
    fmt.Println(""Hello, World!"")
}","go"
"package main

// Original Python code transformed to Go
// class Solution:
    def isAnagram(self, s, t):
        return Counter(s) == Counter(t)
func solution() {
    // Implementation in Go
    fmt.Println(""Hello, World!"")
}","go"
"package main

// Original Python code transformed to Go
// class Solution:
    def binaryTreePaths(self, root: Optional[TreeNode]) -> List[str]:
        self.ans = []
        
        def recurse(node, s):
            if node is None:
                return True
            
            s += str(node.val)
            left = recurse(node.left, s + ""->"")
            right = recurse(node.right, s + ""->"")
            
            if left and right:
                self.ans.append(s)
            
        recurse(root, '')
     
        return self.ans
func solution() {
    // Implementation in Go
    fmt.Println(""Hello, World!"")
}","go"
"package main

// Original Python code transformed to Go
// class Solution:
    def singleNumber(self, nums: List[int]) -> List[int]:
        if not nums:
            return []
        counter = collections.Counter(nums)
        res = sorted(counter, key=lambda x:counter[x])
        return [res[0], res[1]]
func solution() {
    // Implementation in Go
    fmt.Println(""Hello, World!"")
}","go"
"package main

// Original Python code transformed to Go
// class Solution:
    def isUgly(self, n: int) -> bool:
        if n == 0:      # CRITICAL edge case!
            return False
        a = n
        for d in [2, 3, 5]:  # means -- taking out all ""banned"" factors from the input number
            while a % d == 0:
                a //= d
        return a == 1
func solution() {
    // Implementation in Go
    fmt.Println(""Hello, World!"")
}","go"
"package main

// Original Python code transformed to Go
// class Solution:
    def find_upper(self, d, n_list, beg):
        re = 1
        for i in range(beg, len(n_list)):
            re = n_list[i]
            if (d < n_list[i]):
                break
        return(re)
            
    def nthUglyNumber(self, n: int) -> int:
        re = 1
        ll = [1]
        for i in range(n-1):
            new_n = ll[len(ll)-1]
            min_n = new_n * 10
            
            d2 = self.find_upper(new_n//2, ll, len(ll)//2) * 2
            if (d2 < min_n):
                min_n = d2
            d3 = self.find_upper(new_n//3, ll, len(ll)//3) * 3
            if (d3 < min_n):
                min_n = d3 
            d5 = self.find_upper(new_n//5, ll, len(ll)//5) * 5
            if (d5 < min_n):
                min_n = d5
                
            ll.append(min_n)
            re = min_n
            
        return(re)
func solution() {
    // Implementation in Go
    fmt.Println(""Hello, World!"")
}","go"
"package main

// Original Python code transformed to Go
// class Solution:
    def missingNumber(self, nums: List[int]) -> int:
        #nums.sort()
        list1=[x for x in range(0,len(nums)+1) if x not in nums]
        print(list1[0])
        return list1[0]
func solution() {
    // Implementation in Go
    fmt.Println(""Hello, World!"")
}","go"
"package main

// Original Python code transformed to Go
// class Solution:
    def numberToWords(self, num: int) -> str:
        ones = {1:'One', 2:'Two', 3:'Three', 4:'Four', 5:'Five', 
                6:'Six', 7:'Seven', 8:'Eight', 9:'Nine'}
        teens = {10:'Ten', 11:'Eleven', 12:'Twelve', 13:'Thirteen', 14:'Fourteen', 15:'Fifteen',
                 16:'Sixteen', 17:'Seventeen', 18:'Eighteen', 19:'Nineteen'}
        tens = {2:'Twenty', 3:'Thirty', 4:'Forty', 5:'Fifty', 
                6:'Sixty', 7:'Seventy', 8:'Eighty', 9:'Ninety'}
        comas = {0:'', 1:'Thousand', 2:'Million', 3:'Billion'}

        def threeDigit(n):
            res = ''
            if n // 100:
                res += (ones[n//100]+' Hundred ')
                if n%100 == 0:
                    return res
                n %= 100
            
            if int(n) == 0:
                return res
            elif n < 10:
                res += (ones[n]+' ')
            elif n < 20:
                res += (teens[n]+' ')
            elif n%10 == 0:
                res += (tens[n//10]+' ')
            else:
                res += (tens[n//10]+' '+ones[n%10]+' ')
            return res
        
        if num == 0:
            return 'Zero'
        if num < 1000:
            return threeDigit(num).strip()

        numdiv, res = [], ''        
        while num > 0:
            numdiv.insert(0, num%1000)
            num //= 1000
        #num: 1234567 => [1,234,567]
        
        for i in range(len(numdiv)):
            part = threeDigit(numdiv[i])
            if part == '':
                continue
            else:
                res += (part+comas[len(numdiv)-1-i]+' ')
        
        return res.rstrip()
func solution() {
    // Implementation in Go
    fmt.Println(""Hello, World!"")
}","go"
"package main

// Original Python code transformed to Go
// class Solution:
    def hIndex(self, citations: List[int]) -> int:
        citations.sort(reverse = True)
        
        for indx, citation in enumerate(citations):
            if indx >= citation:
                return indx
        return len(citations)
func solution() {
    // Implementation in Go
    fmt.Println(""Hello, World!"")
}","go"
"package main

// Original Python code transformed to Go
// class Solution:
    def hIndex(self, citations: List[int]) -> int:
        while citations and citations[0]<len(citations):
            citations.pop(0)
        return len(citations)
func solution() {
    // Implementation in Go
    fmt.Println(""Hello, World!"")
}","go"
"package main

// Original Python code transformed to Go
// class Solution:
    def firstBadVersion(self, n: int) -> int:
        left  = 1
        while n >= left:
            mid = (n + left) // 2
            if isBadVersion(mid) and not isBadVersion(mid-1):
                return mid
            elif not isBadVersion(mid) :
                left = mid + 1
            else:
                n = mid -1
func solution() {
    // Implementation in Go
    fmt.Println(""Hello, World!"")
}","go"
"package main

// Original Python code transformed to Go
// class Solution:
    def numSquares(self, n: int) -> int:
        #check whether n is perfect square
        if int(n**0.5)**2==n:
            return 1
        #collect the possible perfect squares used to construct n
        ps=set()
        i=1
        while i**2<=n:
            ps.add(i**2)
            i+=1
        #create two ends of the bfs
        begin=set()
        begin.add(0)
        end=set()
        end.add(n)
        step=0
        while begin and end:
            step+=1
            temp=set()
            high=max(end)
            for i in begin:
                for j in ps:
                    #check if begin reaches end
                    if (i+j) in end:
                        return step
                    #if i+j>high, it's not possible to be a part of the answer
                    elif i+j<high:
                        temp.add(i+j)
            begin=temp
            step+=1
            temp=set()
            low=min(begin)
            for i in end:
                for j in ps:
                    #check if end reaches begin
                    if (i-j) in begin:
                        return step
                    #if i-j<low, it's not possible to be a part of the answer
                    elif i-j>low:
                        temp.add(i-j)
            end=temp
        return -1
func solution() {
    // Implementation in Go
    fmt.Println(""Hello, World!"")
}","go"
"package main

// Original Python code transformed to Go
// class Solution:
    def addOperators(self, num: str, target: int) -> List[str]:
        
        def fn(i, expr, total, last):
            """"""Populate ans with expression evaluated to target.""""""
            if i == len(num): 
                if total == target: ans.append(expr)
            else: 
                for ii in range(i, len(num) if num[i] != ""0"" else i+1): 
                    val = int(num[i:ii+1])
                    if i == 0: fn(ii+1, num[i:ii+1], val, val)
                    else: 
                        fn(ii+1, expr + ""*"" + num[i:ii+1], total - last + last * val, last * val)
                        fn(ii+1, expr + ""+"" + num[i:ii+1], total + val, val)
                        fn(ii+1, expr + ""-"" + num[i:ii+1], total - val, -val)
                    
        ans = []
        fn(0, """", 0, 0)
        return ans
func solution() {
    // Implementation in Go
    fmt.Println(""Hello, World!"")
}","go"
"package main

// Original Python code transformed to Go
// class Solution:
    def moveZeroes(self, nums: List[int]) -> None:
        start = 0 
        second = 1

       
        while second < len(nums): 
           
            if(nums[start] == 0 and nums[second] !=0):
               nums[start], nums[second] = nums[second], nums[start]
               start+=1
            if(nums[start] != 0 ):
                start +=1
            second+=1
func solution() {
    // Implementation in Go
    fmt.Println(""Hello, World!"")
}","go"
"package main

// Original Python code transformed to Go
// class Solution:
    def findDuplicate(self, nums: List[int]) -> int:
        
        freq = Counter(nums)
        return freq.most_common(1)[0][0]
func solution() {
    // Implementation in Go
    fmt.Println(""Hello, World!"")
}","go"
"package main

// Original Python code transformed to Go
// class Solution:
    def gameOfLife(self, board: List[List[int]]) -> None:
        """"""
        Do not return anything, modify board in-place instead.
        """"""
        rows, cols = len(board),  len(board[0])     
        def transform(row, col, temp_board):
            nonlocal rows, cols
            neighbors = 0
            for r, c in [(row-1, col-1), (row, col-1), (row+1, col-1), (row-1, col), (row+1, col), (row-1, col+1), (row, col+1), (row+1, col+1)]:
                if 0 <= c < cols and 0 <= r < rows:
                    neighbors += temp_board[r][c]
                    
            if board[row][col] == 1:
                if neighbors < 2 or neighbors > 3:
                    return 0
                else:
                    return 1
            else:
                return 1 if neighbors == 3 else 0
        # Take a snapshot of the current board for calculation
        temp_board = [row[:] for row in board]
        for row in range(rows):
            for col in range(cols):
                board[row][col] = transform(row, col, temp_board)
func solution() {
    // Implementation in Go
    fmt.Println(""Hello, World!"")
}","go"
"package main

// Original Python code transformed to Go
// class Solution:
    def wordPattern(self, pattern: str, s: str) -> bool:
        s=s.split()
        if(len(s)!=len(pattern)):
            return False
        d=dict()
        for i,j in zip(list(pattern),s):
            if i not in d:
                if j not in d.values():
                    d[i]=j
                else:
                    return False
            else:
                if d[i]!=j:
                    return False
        return True
func solution() {
    // Implementation in Go
    fmt.Println(""Hello, World!"")
}","go"
"package main

// Original Python code transformed to Go
// class Solution:
    def canWinNim(self, n: int) -> bool:
        
        return n % 4
func solution() {
    // Implementation in Go
    fmt.Println(""Hello, World!"")
}","go"
"package main

// Original Python code transformed to Go
// class Solution:
    def getHint(self, secret: str, guess: str) -> str:
        bulls = 0
        fqs, fqg = {}, {} #frequency table 
        for s, g in zip(secret, guess): 
            if s == g: bulls += 1
            fqs[s] = 1 + fqs.get(s, 0)
            fqg[g] = 1 + fqg.get(g, 0)
        cows = sum(min(v, fqg.get(k, 0)) for k, v in fqs.items()) - bulls
        return f""{bulls}A{cows}B""
func solution() {
    // Implementation in Go
    fmt.Println(""Hello, World!"")
}","go"
"package main

// Original Python code transformed to Go
// class Solution:
    def lengthOfLIS(self, nums: List[int]) -> int:
        lis = [nums[0]]
        for num in nums[1:]:
            if lis and num > lis[-1]:
                lis.append(num)
            else:
                index = bisect_left(lis, num)
                lis[index] = num
        return len(lis)
func solution() {
    // Implementation in Go
    fmt.Println(""Hello, World!"")
}","go"
"package main

// Original Python code transformed to Go
// class Solution:
    def removeInvalidParentheses(self, s: str) -> List[str]:
        self.ans = []
        self.minMoves = float('inf')
        
        @lru_cache(None)
        def rec(s, count):
            if not s or count > self.minMoves:
                return
            elif self.isValid(s):
                if count == self.minMoves:
                    self.ans.append(s)
                else:
                    self.minMoves = count
                    self.ans = [s]
            
            for i in range(len(s)):
                if s[i] in '()':
                    rec(s[:i] + s[i+1:], count+1)
                    
        rec(s, 0)
        return self.ans or ['']
            
            
    def isValid(self, s):
        l, r = 0, 0
        for i in range(len(s)):
            if s[i] == '(': l += 1
            elif s[i] == ')': r += 1
                
            if r > l: return False
            
        return r == l
func solution() {
    // Implementation in Go
    fmt.Println(""Hello, World!"")
}","go"
"package main

// Original Python code transformed to Go
// class Solution:
    def isAdditiveNumber(self, num: str) -> bool:
        n = len(num)
        for i in range(1, n//2+1):
            x = num[:i]
            if x.startswith(""0"") and len(x) > 1: break #no leading zero 
            for j in range(i+1, min(n-i, (n+i)//2)+1): #i <= n-j and j-i <= n-j
                yy = num[i:j]
                if yy.startswith(""0"") and len(yy) > 1: break #no leading zero
                
                ii, xx = i, x
                while num.startswith(yy, ii):
                    ii += len(yy)
                    xx, yy = yy, str(int(xx) + int(yy))
                if ii == len(num): return True 
                
        return False
func solution() {
    // Implementation in Go
    fmt.Println(""Hello, World!"")
}","go"
"package main

// Original Python code transformed to Go
// class Solution:
    def solve(self, prices, index, opt):
        if index >= len(prices):
            return 0
        if (index, opt) in self.dp:
            return self.dp[(index, opt)]
        if opt == 0:
            buy = self.solve(prices, index+1, 1) - prices[index]
            cool = self.solve(prices, index+1, 0)
            self.dp[(index, opt)] = max(buy, cool)
        else:
            sell = self.solve(prices, index+2, 0) + prices[index]
            cool = self.solve(prices, index+1, 1)
            self.dp[(index, opt)] = max(sell, cool)
        return self.dp[(index, opt)]
        
    def maxProfit(self, prices: List[int]) -> int:
        self.dp = {}
        return self.solve(prices, 0, 0)
func solution() {
    // Implementation in Go
    fmt.Println(""Hello, World!"")
}","go"
"package main

// Original Python code transformed to Go
// class Solution:
    def findMinHeightTrees(self, n: int, edges: List[List[int]]) -> List[int]:
        
        if n<2:
            return range(n)
        
        graph=defaultdict(set)
        indegree=[0]*n
        for u,v in edges:
            graph[u].add(v)
            graph[v].add(u)
            indegree[u]+=1
            indegree[v]+=1
        
        queue=[]
        for i in range(n):
            if indegree[i]==1:
                queue.append(i)
        
        count=n
        
        while count>2:
            new_queue=[]
            
            for current in queue:
                
                for neighbour in graph[current]:
                    indegree[neighbour]-=1
                    graph[neighbour].remove(current)
                    if indegree[neighbour]==1:
                        new_queue.append(neighbour)
                
                count-=1
            queue=new_queue
        
        return queue
func solution() {
    // Implementation in Go
    fmt.Println(""Hello, World!"")
}","go"
"package main

// Original Python code transformed to Go
// class Solution:
    def maxCoins(self, nums: List[int]) -> int:
        nums = [1] + nums + [1]
        size = len(nums)        
        
        t = [[-1 for p in range(0,size+1)]
            for q in range(0,size+1)]
        
        return self.solve(nums,1,size-1,t)
        
    def solve(self,arr,i,j,t):
        if i >= j:
            return 0
        
        if t[i][j] > 0:
            return t[i][j]
        
        ans = float('-inf')
        
        for k in range(i,j):
            if t[i][k] != -1:
                left = t[i][k]
            else:
                left = self.solve(arr,i,k,t)
                t[i][k] = left
                
            if t[k+1][j] != -1:
                right = t[k+1][j]
            else:
                right = self.solve(arr,k+1,j,t)
                t[k+1][j] = right
                
            temp = left + right + (arr[i-1]*arr[k]*arr[j])
            
            ans = max(ans,temp)
            
        t[i][j] = ans
        return t[i][j]
func solution() {
    // Implementation in Go
    fmt.Println(""Hello, World!"")
}","go"
"package main

// Original Python code transformed to Go
// class Solution:
    def nthSuperUglyNumber(self, n: int, primes: List[int]) -> int:
        ugly = [1]
        seen = set()
        x = []
        heapq.heapify(x)
        while len(ugly) != n:
            for i in primes:
                if ugly[-1]*i not in seen:
                    seen.add(ugly[-1]*i)
                    heapq.heappush(x,ugly[-1]*i)
            ugly.append(heapq.heappop(x))
        return ugly[-1]
func solution() {
    // Implementation in Go
    fmt.Println(""Hello, World!"")
}","go"
"package main

// Original Python code transformed to Go
// class Solution:
  def countSmaller(self, nums: List[int]) -> List[int]:
    l = len(nums)
    arr, ans = sorted(nums), [0] * l
    if l > 99:
      for i in range(l-1):
          ans[i] = bisect_left(arr, nums[i]) # binary search index
          del arr[ans[i]]
    else:
      for i in range(l):
          ans[i] = arr.index(nums[i]) # linear search index
          del arr[ans[i]]
    return ans
func solution() {
    // Implementation in Go
    fmt.Println(""Hello, World!"")
}","go"
"package main

// Original Python code transformed to Go
// class Solution:
    def removeDuplicateLetters(self, s: str) -> str:
        mp = {c: i for i, c in enumerate(s)}
        stack = []
        for i, c in enumerate(s): 
            if c not in stack: 
                while stack and c < stack[-1] and i < mp[stack[-1]]: stack.pop()
                stack.append(c)
        return """".join(map(str, stack))
func solution() {
    // Implementation in Go
    fmt.Println(""Hello, World!"")
}","go"
"package main

// Original Python code transformed to Go
// class Solution:
    def maxProduct(self, words: List[str]) -> int:
        n = len(words)
        hashmap = dict()
        i = 0
        ans = 0
        for word in words:
            hashmap[i] = set(word)
            i += 1
        
        for i in range(0, n - 1):
            a = hashmap[i]
            for j in range(i + 1, n):
                b = hashmap[j]
                if not len(a.intersection(b)):
                    ans = max(ans, len(words[i]) * len(words[j]))
        return ans
func solution() {
    // Implementation in Go
    fmt.Println(""Hello, World!"")
}","go"
"package main

// Original Python code transformed to Go
// class Solution:
    def bulbSwitch(self, n: int) -> int:
        bulb_on = 0
        v = 2
        while n >= 1:
            bulb_on += 1
            n -= v + 1
            v += 2
        return bulb_on
func solution() {
    // Implementation in Go
    fmt.Println(""Hello, World!"")
}","go"
"package main

// Original Python code transformed to Go
// class Solution:
    def maxNumber(self, nums1: List[int], nums2: List[int], k: int) -> List[int]:
        
        def find_k_max_number_in_an_array(nums, k):
            drop_possible = len(nums) - k
            n = len(nums)
            stack = []
            for i, val in enumerate(nums):
                while stack and drop_possible and stack[-1] < val:
                    drop_possible -= 1
                    stack.pop()
                
                stack.append(val)
            
            return stack[:k]
                
        
        def merge_two_array(arr1, arr2):
            #print(arr1, arr2)
            return [max(arr1, arr2).pop(0) for _ in arr1 + arr2]

        def compare_two_array(arr1, arr2):
            """"""
            determine whether arr1 is greater than arr2
            """"""
            if not arr2:
                return True
            i = j = 0
            n = len(arr1)
            while i < n and j < n:
                if arr1[i] > arr2[j]:
                    return True
                elif arr1[i] < arr2[j]:
                    return False
                i += 1
                j += 1
            
            return True
        
        ans = 0
        for i in range(k + 1):
            p = k - i
            
            if i > len(nums1) or p > len(nums2):
                continue
            
            # get this two array by solving function find_k_max_number_in_an_array
            # using similar concept of 402. Remove K Digits
            first_arr = find_k_max_number_in_an_array(nums1, i)
            second_arr = find_k_max_number_in_an_array(nums2, p)
            
            # merge two array with everytime taking lexicographily larger list
            # https://leetcode.com/problems/create-maximum-number/discuss/77286/Short-Python-Ruby-C%2B%2B
            # see explanation
            curr_arr = merge_two_array(first_arr, second_arr)
            #print(curr_arr)
            
            # can be directly use python max function
            if compare_two_array(curr_arr, ans):
                ans = curr_arr
            # ans = max(ans, curr_arr) if ans else curr_arr
            
            #print(ans)
        
        return ans
func solution() {
    // Implementation in Go
    fmt.Println(""Hello, World!"")
}","go"
"package main

// Original Python code transformed to Go
// class Solution:
    def coinChange(self, coins: List[int], amount: int) -> int:
        # min number of coins summing up to current amount i
        memo = [-666]*(amount + 1)
        return self.dp(coins, amount, memo)
    
    def dp(self, coins, amount, memo):
        if (amount == 0): return 0
        if (amount < 0): return -1
        
        if (memo[amount] != -666):
            return memo[amount]
        
        res = sys.maxsize
        for coin in coins:
            subProblem = self.dp(coins, amount - coin, memo)
            if (subProblem == -1):
                continue
            res = min(subProblem + 1, res)
        
        memo[amount] = res if res != sys.maxsize else -1
        return memo[amount]
func solution() {
    // Implementation in Go
    fmt.Println(""Hello, World!"")
}","go"
"package main

// Original Python code transformed to Go
// class Solution:
    def wiggleSort(self, nums: List[int]) -> None:
        if len(nums)>1:
            nums.sort()
            temp=nums[:]
            r=len(nums)-1
            ind=1
            while r>=0:
                nums[ind]=temp[r]
                ind+=2
                if ind>=len(nums):
                    ind=0
                r-=1
func solution() {
    // Implementation in Go
    fmt.Println(""Hello, World!"")
}","go"
"package main

// Original Python code transformed to Go
// class Solution:
    def isPowerOfThree(self, n: int) -> bool:
        return n > 0 and math.isclose(round(math.log(n, 3)), math.log(n, 3), rel_tol = 0.000000000000001)
func solution() {
    // Implementation in Go
    fmt.Println(""Hello, World!"")
}","go"
"package main

// Original Python code transformed to Go
// class Solution:
    def countRangeSum(self, nums: List[int], lower: int, upper: int) -> int:
        def find(l,r):
            if l > r:
                return 0
            m = (l+r)//2
            left = [0]
            s = 0
            for i in range(m-1,l-1,-1):
                s += nums[i]
                left.append(s)
            right = [0]
            s = 0
            for i in range(m+1,r+1):
                s += nums[i]
                right.append(s)
            right.sort()
            ans = 0
            for i in left:
                ans += (bisect.bisect_right(right,upper-i-nums[m]) - bisect.bisect_left(right,lower-i-nums[m]))
            return ans + find(l,m-1)+find(m+1,r)
        return find(0, len(nums)-1)
func solution() {
    // Implementation in Go
    fmt.Println(""Hello, World!"")
}","go"
"package main

// Original Python code transformed to Go
// class Solution:
    def oddEvenList(self, head: ListNode) -> ListNode:
        if not head: return head
        p1 = head
        p2 = p1.next
        t = p2
        while p1.next and p2.next:
            p1.next = p2.next
            p1 = p1.next
            p2.next = p1.next
            p2 = p2.next
        p1.next = t
        return head
func solution() {
    // Implementation in Go
    fmt.Println(""Hello, World!"")
}","go"
"package main

// Original Python code transformed to Go
// class Solution:
    def longestIncreasingPath(self, matrix: List[List[int]]) -> int:
        m, n = len(matrix), len(matrix[0])
        indegree = defaultdict(int)
        graph = defaultdict(list)
        queue = deque()
        
        for r in range(m):
            for c in range(n):
                for r1, c1 in [(r-1, c), (r+1, c), (r, c-1), (r, c+1)]:
                    if 0 <= r1 < m and 0 <= c1 < n and matrix[r1][c1] > matrix[r][c]:
                        graph[(r1, c1)].append((r, c))
                        indegree[(r, c)] += 1
                        
                if indegree[(r, c)] == 0: queue.append((r, c, 1))
                    
        while queue:
            r, c, d = queue.popleft()
            
            for r1, c1 in graph[(r, c)]:
                indegree[(r1, c1)] -= 1
                if indegree[(r1, c1)] == 0:
                    queue.append((r1, c1, d+1))
                    
        return d
func solution() {
    // Implementation in Go
    fmt.Println(""Hello, World!"")
}","go"
"package main

// Original Python code transformed to Go
// class Solution:
    def minPatches(self, nums: List[int], n: int) -> int:
        ans = prefix = k = 0 
        while prefix < n: 
            if k < len(nums) and nums[k] <= prefix + 1: 
                prefix += nums[k]
                k += 1
            else: 
                ans += 1
                prefix += prefix + 1
        return ans
func solution() {
    // Implementation in Go
    fmt.Println(""Hello, World!"")
}","go"
"package main

// Original Python code transformed to Go
// class Solution:
    def isValidSerialization(self, preorder: str) -> bool:
        preorder = preorder.split(',')
        n = len(preorder)
        idx, enough = 0, True                    # static `idx`, `enough` node to build a binary tree
        def dfs():
            nonlocal n, idx, enough 
            if idx >= n: enough = False; return  # if not enough node to build a binary tree
            if preorder[idx] == '#': return 
            if preorder[idx] != '#':
                idx += 1                         # say this is `idx_1`
                dfs()                            # build left tree
                idx += 1                         # now, `idx` is not `idx_1 + 1` because `idx` is static and it's increasing during recursion. Hope this solve your confusion
                dfs()                            # build right tree
        dfs()
        return enough and idx >= n-1             # all characters are visited and they are enough to build a tree
func solution() {
    // Implementation in Go
    fmt.Println(""Hello, World!"")
}","go"
"package main

// Original Python code transformed to Go
// class Solution:
    def findItinerary(self, tickets: List[List[str]]) -> List[str]:
        edges = collections.defaultdict(list)
        n = len(tickets)
        
        for i in range(len(tickets)):
            edges[tickets[i][0]].append(tickets[i][1])
        for k in edges:
            edges[k].sort()
        
        itinerary_list = ['JFK']
        self.traverse(edges, itinerary_list, n)
        return itinerary_list
    
    
    def traverse(self, edges, itinerary_list, n):
        if len(itinerary_list) == n+1:
            return True
        cur_node = itinerary_list[-1]
        
        for i in range(len(edges[cur_node])):
            if edges[cur_node][i] != '#':
                temp = edges[cur_node][i]
                itinerary_list.append(temp)
                edges[cur_node][i] = '#'
                if self.traverse(edges, itinerary_list, n):
                    return True
                edges[cur_node][i] = temp
                itinerary_list.pop()
        return False
func solution() {
    // Implementation in Go
    fmt.Println(""Hello, World!"")
}","go"
"package main

// Original Python code transformed to Go
// class Solution:
    def increasingTriplet(self, nums: List[int]) -> bool:
		m1 = float(""inf"")
		m2 = float(""inf"")
        for i in nums:
            if i<m1:
                m1 = i
            elif i<m2 and i>m1:
                m2 = i
            elif i>m2: return True
        return False
func solution() {
    // Implementation in Go
    fmt.Println(""Hello, World!"")
}","go"
"package main

// Original Python code transformed to Go
// class Solution:
    def isSelfCrossing(self, x: List[int]) -> bool:
        def intersect(p1, p2, p3, p4):
            v1 = p2 - p1
            if v1.real == 0:
                return p1.imag <= p3.imag <= p2.imag and p3.real <= p1.real <= p4.real
            return p3.imag <= p1.imag <= p4.imag and p1.real <= p3.real <= p2.real
        
        def overlap(p1, p2, p3, p4):
            v1 = p2 - p1
            if v1.real == 0:
                return min(p2.imag, p4.imag) >= max(p1.imag, p3.imag) and p1.real == p3.real
            return min(p2.real, p4.real) >= max(p1.real, p3.real) and p1.imag == p3.imag
                
        uv = complex(0, 1)
        p = complex(0, 0)
        segments = deque()
        for s in x:
            segments.append(sorted([p, (np := p + uv * s)], key=lambda x:(x.real, x.imag)))
            if len(segments) > 5 and intersect(*segments[-1], *segments[-6]):
                    return True
            if len(segments) > 4 and overlap(*segments[-1], *segments[-5]):
                    return True
            if len(segments) > 3 and intersect(*segments[-1], *segments[-4]):
                    return True
            if len(segments) == 6:
                segments.popleft()
            p = np
            uv *= complex(0, 1)
        return False
func solution() {
    // Implementation in Go
    fmt.Println(""Hello, World!"")
}","go"
"package main

// Original Python code transformed to Go
// class Solution:
    def palindromePairs(self, words: List[str]) -> List[List[int]]:
        def isPal(word):
            return word == word[::-1]
        palPairs = []
        wordDict = {}
        for i, word in enumerate(words):
            wordDict[word] = i
        for i, word in enumerate(words):
            for j in range(0, len(word)):
                prefix, suffix = word[:j], word[j:] # find all suffix and prefix
                if prefix[::-1] in wordDict and wordDict[prefix[::-1]] != i and isPal(suffix):
                    palPairs.append([i, wordDict[prefix[::-1]]]) # check if reverse prefix in dict and suffix palindrome
                if suffix[::-1] in wordDict and wordDict[suffix[::-1]] != i and isPal(prefix):
                    palPairs.append([wordDict[suffix[::-1]], i]) # check if reverse suffix in dict and prefix palindrome
                if len(palPairs) > 0 and words[palPairs[-1][1]] == '': # tricky part for prefix or suffix is ''. for example, if '1' + '' is palindrome, then '' + '1' should also be palindrome. and add '' + '1' manually
                    pair = palPairs[-1]
                    palPairs.append([pair[1], pair[0]])
        return palPairs
func solution() {
    // Implementation in Go
    fmt.Println(""Hello, World!"")
}","go"
"package main

// Original Python code transformed to Go
// class Solution:
    def rob(self, root: TreeNode) -> int:
        
        @lru_cache(None)
        def fn(node): 
            """"""Return max money from sub-tree rooted at node.""""""
            if not node: return 0 
            ans = node.val 
            if node.left: ans += fn(node.left.left) + fn(node.left.right)
            if node.right: ans += fn(node.right.left) + fn(node.right.right)
            return max(ans, fn(node.left) + fn(node.right))
        
        return fn(root)
func solution() {
    // Implementation in Go
    fmt.Println(""Hello, World!"")
}","go"
"package main

// Original Python code transformed to Go
// class Solution:
    def countBits(self, n: int) -> List[int]:
        lst=[]
        for x in range(0,n+1):
            if x>1:
                lst.append(lst[x//2]+(x%2))
            else:
                lst.append(x)
        return lst
func solution() {
    // Implementation in Go
    fmt.Println(""Hello, World!"")
}","go"
"package main

// Original Python code transformed to Go
// class Solution:
    def isPowerOfFour(self, n: int) -> bool:
        arr=[]
        for i in range(100):
            arr.append(4**i)
        if n in arr:
            return True
        else:
            return False
func solution() {
    // Implementation in Go
    fmt.Println(""Hello, World!"")
}","go"
"package main

// Original Python code transformed to Go
// class Solution:
    def integerBreak(self, n: int) -> int:
    	return 3**(n//3-((n-3*(n//3))<=1))*((n-3*(n//3))+3*((n-3*(n//3))<=1)) if n>3 else n-1
func solution() {
    // Implementation in Go
    fmt.Println(""Hello, World!"")
}","go"
"package main

// Original Python code transformed to Go
// class Solution:
    def reverseString(self, s: List[str]) -> None:
        """"""
        Do not return anything, modify s in-place instead.
        """"""
        n = len(s)-1
        for i in range(n,-1,-1):
            s.append(s[i])
            s.pop(i)
func solution() {
    // Implementation in Go
    fmt.Println(""Hello, World!"")
}","go"
"package main

// Original Python code transformed to Go
// class Solution:
    def reverseVowels(self, s: str) -> str:
        s = list(s)
        vowel = list('AEIOU')
        left_counter, right_counter = 0, len(s) - 1
        l_val, r_val = None, None
        while left_counter<right_counter:
            if s[left_counter].upper() in vowel:
                l_val = left_counter
            elif l_val is None:
                left_counter += 1
            if s[right_counter].upper() in vowel:
                r_val = right_counter
            elif r_val is None:
                right_counter -= 1
            if l_val is not None and r_val is not None:
                s[l_val], s[r_val] = s[r_val], s[l_val]
                l_val = r_val = None
                left_counter +=1
                right_counter -=1
            if left_counter > right_counter:
                break
        return """".join(s)
func solution() {
    // Implementation in Go
    fmt.Println(""Hello, World!"")
}","go"
"package main

// Original Python code transformed to Go
// class Solution:
    def topKFrequent(self, nums: List[int], k: int) -> List[int]:
        
        nTof = {}
        
        for i in nums:
            if nTof.get(i) is None:
                nTof[i] = 1
            else:
                nTof[i] += 1
        
        unique = list(nTof.keys())
        
        def partition(unique, l, r):
            pivot, p = nTof[unique[r]], r
            
            i = l
            while i < p:
                if nTof[unique[i]] > pivot:
                    unique[i], unique[p-1] = unique[p-1], unique[i]
                    unique[p], unique[p-1] = unique[p-1], unique[p]
                    i -= 1
                    p -= 1
                i += 1
            return p
            
        def quickSelect(unique, l, r, k):
            p = partition(unique, l, r)
            
            if p > k:
                quickSelect(unique, l, p-1, k)
            if p < k:
                quickSelect(unique, p+1, r, k)

            return unique[k:]
            
        return quickSelect(unique, 0, len(unique)-1, len(unique)-k)
func solution() {
    // Implementation in Go
    fmt.Println(""Hello, World!"")
}","go"
"package main

// Original Python code transformed to Go
// class Solution:
    def intersection(self, nums1: List[int], nums2: List[int]) -> List[int]:
        return list(set(nums1).intersection(set(nums2)))
func solution() {
    // Implementation in Go
    fmt.Println(""Hello, World!"")
}","go"
"package main

// Original Python code transformed to Go
// class Solution:
    def intersect(self, nums1: List[int], nums2: List[int]) -> List[int]:
        nums = []
        n1 = len(nums1)
        n2 = len(nums2)
        loc1= []
        loc2= []
        for i in range(n1):
            loc1.append(0)
        for j in range(n2):
            loc2.append(0)
        for i in range(n1):
            for j in range(n2):
                if nums1[i] == nums2[j] and loc1[i]==0 and loc2[j]==0:
                    nums.append(nums1[i])
                    loc1[i] = 1
                    loc2[j] = 1
        return nums
func solution() {
    // Implementation in Go
    fmt.Println(""Hello, World!"")
}","go"
"package main

// Original Python code transformed to Go
// class Solution:
    def maxEnvelopes(self, en: List[List[int]]) -> int:
        def bs(t,n,v):
            i = 0
            j = n-1
            while i<=j:
                m = (i+j)//2
                if t[m][1] == v:
                    return m
                elif v<t[m][1]:
                    j = m-1
                else:
                    i = m+1
            return i
        en.sort(key = lambda x:(x[0],-x[1]))
        t = [en[0]]
        c = 1
        for i in range(len(en)):
            if t[-1][1] < en[i][1]:
                t.append(en[i])
                c += 1
            else:
                x = bs(t,c,en[i][1])
                t[x] = en[i]
        return len(t)
func solution() {
    // Implementation in Go
    fmt.Println(""Hello, World!"")
}","go"
"package main

// Original Python code transformed to Go
// class Solution:
    def countNumbersWithUniqueDigits(self, n: int) -> int:
    	if n == 0:
    		return 1
    	g, h = 10, 9
    	for i in range(n-1):
    		g += 9*h
    		h *= (8-i)
    	return(g)
		
- Python 3
- Junaid Mansuri
func solution() {
    // Implementation in Go
    fmt.Println(""Hello, World!"")
}","go"
"package main

// Original Python code transformed to Go
// class Solution:
    def maxSumSubmatrix(self, matrix: List[List[int]], k: int) -> int:
        # initialize rows and columns values and determine transposed flag if needed 
        rows = len(matrix) # m 
        cols = len(matrix[0]) # n 
        transposed_matrix_flag = False
        transposed_matrix = list()

        # consider a power of 10 as siginficant 
        # if cols is significantly larger than rows in our implementation
        # we will do the significantly larger work^2
        # If this were to occur, we should flip our set up 
        if cols > (10*rows) : 
            # set transpose flag to true 
            transposed_matrix_flag = True
            # loop over columns amount 
            for row in range(cols) : 
                # generate rows 
                transposed_row = list()
                # for column in matrix is actually the rows 
                for col in matrix : 
                    # append the row item at the row index to the row 
                    transposed_row.append(col[row])
                # put the transposed row into the transposed matrix 
                transposed_matrix.append(transposed_row)

        # if transposed flag 
        if transposed_matrix_flag :
            # set the transpose and adjust rows and cols as needed  
            matrix = transposed_matrix 
            rows = len(matrix)
            cols = len(matrix[0])

        # minimum value start for maximal sum 
        maximum_sum = -math.inf

        # loop all columns 
        for col_index in range(cols) : 
            # generate a temporary row 
            temp_row = [0] * rows
            # loop columns from col index to cols 
            # col_index_2 is then our bound column index 
            for col_index_2 in range(col_index, cols) : 
                # set that column sums and the column sum 
                column_sums = [0]
                column_sum = 0
                # loop every row index in range rows 
                for row_index in range(rows) :
                    # temp row at the row index is the matrix at the row and the bound col index 
                    temp_row[row_index] += matrix[row_index][col_index_2]
                    # column sum gets this valuation added 
                    column_sum += temp_row[row_index]
                    # difference is determined 
                    difference = column_sum - k
                    # index is determined by bisection 
                    index = bisect.bisect_left(column_sums, difference)
                    # if index is in range of column sums so far 
                    if index < len(column_sums) : 
                        # if column sums at that index is the difference 
                        if column_sums[index] == difference : 
                            # this is the maximal result, return it 
                            return k
                        else : 
                            # otherwise maximum sum is set to maximum of itself and difference of column sum and column sums at index 
                            maximum_sum = max(maximum_sum, column_sum - column_sums[index])
                    # do an insort of column sum into column sums, at most row times 
                    bisect.insort(column_sums, column_sum)
        # if you never returned k, you should return as good as you got 
        return maximum_sum
func solution() {
    // Implementation in Go
    fmt.Println(""Hello, World!"")
}","go"
"package main

// Original Python code transformed to Go
// class Solution:
    def canMeasureWater(self, x: int, y: int, z: int) -> bool:
        def eucid(x,y):
            if x<y: x,y=y,x
            while x!=y!=0:
                remainder=x%y
                x,y=y,remainder
            return x
        e=eucid(x,y)
        if not e: return not z
        return (x+y)>=z and z%e==0
func solution() {
    // Implementation in Go
    fmt.Println(""Hello, World!"")
}","go"
"package main

// Original Python code transformed to Go
// class Solution:
    def isPerfectSquare(self, num: int) -> bool:
        return num**.5%1 == 0
func solution() {
    // Implementation in Go
    fmt.Println(""Hello, World!"")
}","go"
"package main

// Original Python code transformed to Go
// class Solution:
    def largestDivisibleSubset(self, nums: List[int]) -> List[int]:
        nums.sort()
        dp = []
        for i, x in enumerate(nums): 
            dp.append([x])
            for ii in range(i): 
                if x % nums[ii] == 0: 
                    dp[-1] = max(dp[-1], dp[ii] + [x], key=len)
        return max(dp, key=len)
func solution() {
    // Implementation in Go
    fmt.Println(""Hello, World!"")
}","go"
"package main

// Original Python code transformed to Go
// class Solution:
    def getSum(self, a: int, b: int) -> int:
        return sum([a,b])
func solution() {
    // Implementation in Go
    fmt.Println(""Hello, World!"")
}","go"
"package main

// Original Python code transformed to Go
// class Solution:
    def superPow(self, a: int, b: List[int]) -> int:
        b=int(''.join(map(str,b)))
        res = 1    
        a = a % 1337
        if (a == 0) :
            return 0
        while (b>0) :
            if ((b &amp; 1) == 1):
                res=(res*a)%1337
            b=b>>1      
            a=(a*a)%1337
        return res
func solution() {
    // Implementation in Go
    fmt.Println(""Hello, World!"")
}","go"
"package main

// Original Python code transformed to Go
// class Solution:
    def kSmallestPairs(self, nums1, nums2, k: int):
        temp=[]
        res=[]
        tot=[]
        end=0
        for i in nums1:
            for j in nums2:
                temp.append([i,j])
                tot.append(sum([i,j]))
        for i,v in sorted(zip(temp,tot),key = lambda x: x[1]):
            if end<k:
                res.append(i)
                end+=1
        return res
func solution() {
    // Implementation in Go
    fmt.Println(""Hello, World!"")
}","go"
"package main

// Original Python code transformed to Go
// class Solution:
    def guessNumber(self, n: int) -> int:
        l, r = 1, n
        while l <= r:
            mid = (l + r) // 2
            val = guess(mid)
            if val == -1:
                r = mid - 1
            
            elif val == 1:
                l = mid + 1

            elif val == 0:
                return mid
func solution() {
    // Implementation in Go
    fmt.Println(""Hello, World!"")
}","go"
"package main

// Original Python code transformed to Go
// class Solution:
    def getMoneyAmount(self, n: int) -> int:
        
        new=[[0 for i in range(0,n+1)] for i in range(0,n+1)]
        for gap in range(1,n+1):
            for j in range(gap,n+1):
                i=j-gap
                if gap==1:
                    new[i][j]=min(i,j)
                    continue
                if i==0 or j==0:
                    continue
                mini=8765432
                for k in range(i,j+1):
                    if k==i:
                        ans=i+new[i+1][j]
                    elif k==j:
                        ans=j+new[i][j-1]
                    else:
                        ans=k+max(new[k+1][j],new[i][k-1])
                    mini=min(ans,mini)
                new[i][j]=mini
        print(new)
        return new[1][-1]
func solution() {
    // Implementation in Go
    fmt.Println(""Hello, World!"")
}","go"
"package main

// Original Python code transformed to Go
// class Solution:
    def wiggleMaxLength(self, nums: List[int]) -> int:
        if not nums:
            return 0
        less = [1]*len(nums)
        more = [1]*len(nums)
        res_l = 1
        res_m = 1
        
        for i in range(1,len(nums)):
            for j in range(i):
                if nums[i] > nums[j] and more[i] < less[j]+1:
                    more[i] = less[j]+1
                    res_m = more[i]
                
                elif nums[i] < nums[j] and less[i] < more[j]+1:
                    less[i] = more[j]+1
                    res_l = less[i]
        return max(res_l,res_m)
func solution() {
    // Implementation in Go
    fmt.Println(""Hello, World!"")
}","go"
"package main

// Original Python code transformed to Go
// class Solution:
    def combinationSum4(self, nums: List[int], target: int) -> int:
        nums.sort()
        dp = [0 for i in range(target+1)]
        dp[0] = 1
        for comb_sum in range(target+1):
            for num in nums:
                if comb_sum - num >= 0:
                    dp[comb_sum] = dp[comb_sum] + dp[comb_sum-num]
        return dp[target]
func solution() {
    // Implementation in Go
    fmt.Println(""Hello, World!"")
}","go"
"package main

// Original Python code transformed to Go
// class Solution:
    
    import heapq
    def kthSmallest(self, matrix: List[List[int]], k: int) -> int:
        
        heap = []
        for arr in matrix:
            heapq.heappush(heap,(arr[0],0,arr))
            
        while k > 0 and heap:
            val,idx,arr = heapq.heappop(heap)
            ans = val
            if idx+1<len(arr):
                heapq.heappush(heap,(arr[idx+1],idx+1,arr))
            k-=1
        return ans
func solution() {
    // Implementation in Go
    fmt.Println(""Hello, World!"")
}","go"
"package main

// Original Python code transformed to Go
// class Solution:

    def __init__(self, head: ListNode):
        """"""
        @param head The linked list's head.
        Note that the head is guaranteed to be not null, so it contains at least one node.
        """"""
        self.res = []
        
        while head:
            self.res.append(head.val)
            head = head.next
        

    def getRandom(self) -> int:
        """"""
        Returns a random node's value.
        """"""
        return random.choice(self.res)
func solution() {
    // Implementation in Go
    fmt.Println(""Hello, World!"")
}","go"
"package main

// Original Python code transformed to Go
// class Solution:
    def canConstruct(self, ransomNote: str, magazine: str) -> bool:
        note_freq = collections.Counter(ransomNote)
        mag_freq = collections.Counter(magazine)
        
        for letter in note_freq:
            if note_freq[letter] > mag_freq[letter]:
                return False
        return True
func solution() {
    // Implementation in Go
    fmt.Println(""Hello, World!"")
}","go"
"package main

// Original Python code transformed to Go
// class Solution:
    def threeSumClosest(self, nums: List[int], target: int) -> int:
        a = nums[0]+nums[1]+nums[len(nums)-1]
        nums.sort()
        for i in range(len(nums)-2):
            l = i+1
            h = len(nums)-1
            while l<h:
                b = nums[i]+nums[l]+nums[h]
                if b > target:
                    h -= 1
                else:
                    l += 1
                if abs(target - b)<abs(target - a):
                    a = b
        return a
func solution() {
    // Implementation in Go
    fmt.Println(""Hello, World!"")
}","go"
"package main

// Original Python code transformed to Go
// class Solution:
    def deserialize(self, s: str) -> NestedInteger:
        stack = []
        integerStr = ''
        
        for c in s:
            if c == '[':
                stack.append(NestedInteger())
            elif c == ']':
                if len(integerStr)>0:
                    stack[-1].add(NestedInteger(int(integerStr)))
                integerStr = ''
                poppedList = stack.pop()
                if len(stack)==0:
                    return poppedList
                stack[-1].add(poppedList)
            elif c == ',':
                if len(integerStr)>0:
                    stack[-1].add(NestedInteger(int(integerStr)))
                integerStr = ''
            else:
                integerStr += c
                
        return NestedInteger(int(s))
func solution() {
    // Implementation in Go
    fmt.Println(""Hello, World!"")
}","go"
"package main

// Original Python code transformed to Go
// class Solution:
    def dfs(self, cur, n, res):
        if cur > n:
            return
        
        res.append(cur)
        for i in range(0, 10):
            self.dfs(cur * 10 + i, n, res)
    
    def lexicalOrder(self, n: int) -> List[int]:
        res = []
        
        for i in range(1, 10):
            self.dfs(i, n, res)
        
        return res
func solution() {
    // Implementation in Go
    fmt.Println(""Hello, World!"")
}","go"
"package main

// Original Python code transformed to Go
// class Solution:
    def firstUniqChar(self, s: str) -> int:
        counts = dict()
        
        for letter in s:
            counts[letter] = counts.get(letter, 0) + 1
        
        for i in range(len(s)):
            if counts[s[i]] == 1:
                return i
        return -1
        
        '''
        # SUPER slow solution
        for i in range(len(s)):
            if s.count(s[i]) == 1:
                return i
        return -1
        '''
func solution() {
    // Implementation in Go
    fmt.Println(""Hello, World!"")
}","go"
"package main

// Original Python code transformed to Go
// class Solution:
    def lengthLongestPath(self, input: str) -> int:
        longest = 0
        path = []
        i = 0
        while i < len(input):
            length = 0
            depth = 0
            is_file = False
            in_path_component = False
            whitespaces = 0
            while i < len(input) and input[i] != '\n':
                if input[i] == '\t':
                    depth += 1
                elif input[i] == ' ':
                    if in_path_component:
                        # We may have whitespaces in folder and file names:
                        length += 1
                    else:
                        # Some test cases seem to use 4 whitespaces instead of one tab character:
                        whitespaces += 1
                        if whitespaces == 4:
                            depth += 1
                            whitespaces = 0
                elif input[i] == '.':
                    in_path_component = True
                    is_file = True
                    length += 1
                elif input[i] != '\n' and input[i] != '\t':
                    in_path_component = True
                    length += 1
                i += 1

            # Move back up the file tree to where we currently are:
            while depth < len(path):
                path.pop()

            if is_file:
                # We may have leading whitespaces which could be mistaken with depth. Add these too.
                length += (depth-len(path))*4
                # We may have leading whitespaces in case we saw a number of whitespaces which was not a multiple of 4. Add these too.
                length += whitespaces
                longest = max(longest, sum(path) + length)
            else:
                path.append(length+1)  # +1 as we need to take the separator ""/"" into account.
            i += 1
        return longest
func solution() {
    // Implementation in Go
    fmt.Println(""Hello, World!"")
}","go"
"package main

// Original Python code transformed to Go
// class Solution:
    def findTheDifference(self, s: str, t: str) -> str:
        for i in t:
            if s.count(i)!=t.count(i):
                return i
func solution() {
    // Implementation in Go
    fmt.Println(""Hello, World!"")
}","go"
"package main

// Original Python code transformed to Go
// class Solution:
    def lastRemaining(self, n: int) -> int:
        return 1 if n==1 else 2*(1+n//2-self.lastRemaining(n//2))
    
    def lastRemaining1(self, n: int) -> int:
        """"""""
        removing from left to right [1 2 3 4 5 6 7 8 9]==[2 4 6 8]==2*[1 2 3 4]
        """"""
        def helper(n,is_left):
            if n == 1: return 1
            if is_left: return 2*helper(n//2,False)
            if n%2==1: return 2*helper(n//2,True)
            return 2*helper(n//2,2)-1
        return helper(n,True)
    
    def lastRemaining2(self, n: int) -> int:
        if n==0: return
        st1,st2,left=list(range(1,n+1)),[],True
        while len(st1)>1:
            if not left:
                st1=st1[::-1]
            for i in range(1,len(st1),2):
                st2.append(st1[i])
            st1=list(st2) if left else list(st2[::-1])
            st2=[]
            left = not left
        return st1[0]
func solution() {
    // Implementation in Go
    fmt.Println(""Hello, World!"")
}","go"
"package main

// Original Python code transformed to Go
// class Solution:
    def isRectangleCover(self, rectangles: List[List[int]]) -> bool:
        area = 0
        corner = set()
        X0 = Y0 = inf
        X1 = Y1 = -inf
        for x0, y0, x1, y1 in rectangles: 
            area += (x1-x0)*(y1-y0)
            X0 = min(x0, X0)
            Y0 = min(y0, Y0)
            X1 = max(x1, X1)
            Y1 = max(y1, Y1)
            corner ^= {(x0, y0), (x0, y1), (x1, y0), (x1, y1)}
        return area == (X1-X0)*(Y1-Y0) and corner == {(X0, Y0), (X0, Y1), (X1, Y0), (X1, Y1)}
func solution() {
    // Implementation in Go
    fmt.Println(""Hello, World!"")
}","go"
"package main

// Original Python code transformed to Go
// class Solution:
    def isSubsequence(self, s: str, t: str) -> bool:
        for i in range(len(s)): 
            if s[i] in t: 
                t =  t[t.index(s[i])+1:]
            else: 
                return False
        return True
func solution() {
    // Implementation in Go
    fmt.Println(""Hello, World!"")
}","go"
"package main

// Original Python code transformed to Go
// class Solution:
    def validUtf8(self, data: List[int]) -> bool:
        i=0
        while i<len(data):
            x=bin(data[i])[2:]
            if len(x)!=8:
                #Means it's a 1 byte
                i+=1
                continue
            cnt=0
            j=0
            while j<len(x) and x[j]=='1':
                cnt+=1#Count num of 1 or bytes 1(num of 1 must be 2,3 or 4)
                j+=1
            if cnt<=1 or cnt>4 or i+cnt>len(data):#cnt means number if bytes
                return False
            i+=1
            cnt-=1#because 1 one byte is used by current num
            while cnt>0:
                y=bin(data[i])[2:]
                if len(y)!=8 or not y.startswith('10'):
                    return False
                i+=1
                cnt-=1
        return True
func solution() {
    // Implementation in Go
    fmt.Println(""Hello, World!"")
}","go"
"package main

// Original Python code transformed to Go
// class Solution:
    def decodeString(self, s: str) -> str:
        def helper(sub):
            res = ''                               # empty new string initailaized
			i = 0                                 # every time we get a valid new substring, we need to traverse through all of it 
            while i < len(sub):
                if sub[i].isdigit():           # if its a digit, we know the next would be an opening bracket,then our substring
                    d = ''                          # To find the whole number we do another while loop 
                    while sub[i].isdigit():
                        d += sub[i]
                        i += 1
                    st = [""[""]                # preemptively intializing with ""["" because we already know a number will always be followed by a opening bracket 
                    new_sub = ''         # We know that the next x characters will be the substring we need for recursion 
                    i += 1                    # This increment is because we already added '[' to the stack which would have been the open bracket at i
                    while st:                            # Now we get the substring using stack approach, just basic bracket validation
                        if sub[i+1] == ""["":         # i+1 to prevent going out of bounds since we are doing i+=1 after the check 
                            st.append(""["")           # I think not doing i+=1 right before ""while st"" and doing i+=1 will then let you check using sub[i]
                        if sub[i+1] == ""]"":
                            st.pop()
                        new_sub += sub[i]
                        i += 1
                    for j in range(int(d)):              # Now, we have whole substring and hence we need to execute that substring the amount of times the number we obtained
                        res += helper(new_sub)    # recursively call the function on that particular substring
                elif sub[i].isalpha():              # if the character of the current string is an alphabet add it to res
                    res += sub[i]
                i += 1 
            return res                 # Return the res generated after traversing throughout the current string 
        
        return helper(s)             # returns the result of the total string
func solution() {
    // Implementation in Go
    fmt.Println(""Hello, World!"")
}","go"
"package main

// Original Python code transformed to Go
// class Solution:
    def longestSubstring(self, s: str, k: int) -> int:
        c_counts = []
        pc = None
        n = 0
        for c in s:
            if pc is None:
                pc = s
                n = 1
            else:
                if pc == c:
                    n += 1
                else:
                    c_counts.append((pc, n))
                    n = 1
            pc = c
        if pc:
            c_counts.append((pc, n))
        
        max_sub = 0
        for left in range(len(c_counts)):
            chars = {}
            for right in range(left, len(c_counts)):
                if not chars.get(c_counts[right][0]):
                    chars[c_counts[right][0]] = 0
                chars[c_counts[right][0]] += c_counts[right][1]
                if min(chars.values()) > k - 1:
                    max_sub = max(max_sub, sum(chars.values()))
        return max_sub
func solution() {
    // Implementation in Go
    fmt.Println(""Hello, World!"")
}","go"
"package main

// Original Python code transformed to Go
// class Solution:
    def maxRotateFunction(self, A: List[int]) -> int:
        total = sum(A)
        ans = cur = sum(i * n for i, n in enumerate(A))
        for i in range(len(A)-1, 0, -1):
            cur += total - len(A) * A[i]
            ans = max(ans, cur)
        return ans
func solution() {
    // Implementation in Go
    fmt.Println(""Hello, World!"")
}","go"
"package main

// Original Python code transformed to Go
// class Solution:
    def integerReplacement(self, n: int) -> int:
        if n==1: return 0
        if n%2==0: return self.integerReplacement(n//2) + 1
        return min(self.integerReplacement(n-1),self.integerReplacement(n+1))+1
func solution() {
    // Implementation in Go
    fmt.Println(""Hello, World!"")
}","go"
"package main

// Original Python code transformed to Go
// class Solution:

    def __init__(self, nums: List[int]):
        self.val_index = collections.defaultdict(list)
        
        for i, num in enumerate(nums):
            self.val_index[num].append(i)

    def pick(self, target: int) -> int:
        return random.choice(self.val_index[target])
func solution() {
    // Implementation in Go
    fmt.Println(""Hello, World!"")
}","go"
"package main

// Original Python code transformed to Go
// class Solution:
    def calcEquation(self, e: List[List[str]], v: List[float], q: List[List[str]]) -> List[float]:
    	V, e, k = {j: False for i in q for j in i}, sorted(i[0]+[i[1]] for i in zip(e,v)), 0
    	for i,[n,d,v] in enumerate(e):
    		if not (V[n] or V[d]): V[n], k = [1,k], k+1
    		[V[n],V[d]] = [V[n],[V[n][0]/v,k-1]] if V[n] else [[V[d][0]*v,k-1],V[d]]
    	return [-1 if not (V[n] and V[d] and V[n][1] == V[d][1]) else V[n][0]/V[d][0] for [n,d] in q]
		
		
		
- Junaid Mansuri
(LeetCode ID)@hotmail.com
func solution() {
    // Implementation in Go
    fmt.Println(""Hello, World!"")
}","go"
"package main

// Original Python code transformed to Go
// class Solution:
    def findNthDigit(self, n: int) -> int:
    	s, d = 0, 0
    	while s < n:
    		s += (d+1)*9*10**d
    		d += 1
    	n -= s-d*9*10**(d-1)
    	r, s = n % d, 10**(d-1)+n//d
    	return str(s)[r-1] if r > 0 else str(s-1)[-1]
				
				
- Python 3
- Junaid Mansuri
func solution() {
    // Implementation in Go
    fmt.Println(""Hello, World!"")
}","go"
"package main

// Original Python code transformed to Go
// class Solution:
    def removeKdigits(self, num: str, k: int) -> str:
    	n, N, j = list(num), [], k
    	for _ in range(len(num)-k):
    		i = n.index(min(n[:j+1]))
    		N.append(n[i])
    		j -= i
    		del n[:i+1]
    	return """".join(N).lstrip(""0"") or ""0""
		
		
- Junaid Mansuri
(LeetCode ID)@hotmail.com
func solution() {
    // Implementation in Go
    fmt.Println(""Hello, World!"")
}","go"
"package main

// Original Python code transformed to Go
// class Solution:
    def canCross(self, s: List[int]):
		# memory variable
        mem = dict()
		
		# k = jump variable; i = current index; s = stones list; mem = memory dictionary
        def frog(s, k, i, mem):
			# unique key
            key = str(s[i]) + "":"" + str(k) + "":"" + str(i)

            if i == len(s)-1:
                return True
            if key in mem:
                return mem[key]
			# possible jumps
            jumps = [k-1, k, k+1]

            result = False

            for jump in jumps:
                if jump and s[i]+jump in s:
                    result = frog(s,jump,s.index(s[i]+jump,i),mem)
                mem[key] = result 

            return mem[key]
        
        frog(s, 0, 0, mem)
        
        return True in mem.values()
func solution() {
    // Implementation in Go
    fmt.Println(""Hello, World!"")
}","go"
"package main

// Original Python code transformed to Go
// class Solution:
    def sumOfLeftLeaves(self, root: Optional[TreeNode]) -> int:
        # Store only left children in stack
        self.stack = []
            
        # Add left children of rightmost diagonal to stack
        self.explore_right_add_left(root)
        
        total = 0
        # We have left children
        while self.stack:
            # Explore the right diagonal from next left child
             while self.stack and self.stack[-1] and self.stack[-1].right:
                # Explore right children and add all left children on this diagonal to stack
                self.explore_right_add_left(self.stack.pop())
				
            # If there is a node still at top of stack, it must be a left child with no direct right child
            if self.stack:
                if self.stack[-1].left:
					# has left child, so add left child to explore
                    self.stack.append(self.stack.pop().left)
                else:
                    # is a left leaf
                    total += self.stack.pop().val

        return total
    
    def explore_right_add_left(self, node):
		"""""" Explore right children and add left children to stack.""""""
        while node:
            if node.left:
                self.stack.append(node.left)
            node = node.right
func solution() {
    // Implementation in Go
    fmt.Println(""Hello, World!"")
}","go"
"package main

// Original Python code transformed to Go
// class Solution:
    def reconstructQueue(self, people: List[List[int]]) -> List[List[int]]:
        res = []
		# Sort the array, with descending order for height and ascending order for the number of taller persons ahead
        people_sorted = sorted(people, key=lambda p: (p[0], -p[1]), reverse=True)
		# Add persons to the result, at respective indices
        for p in people_sorted:
            res.insert(p[1], p)
        return res
func solution() {
    // Implementation in Go
    fmt.Println(""Hello, World!"")
}","go"
"package main

// Original Python code transformed to Go
// class Solution:
    def trapRainWater(self, heightMap: List[List[int]]) -> int:
        m, n = len(heightMap), len(heightMap[0])
        
        pq = []
        for i in range(m): 
            heappush(pq, (heightMap[i][0], i, 0))
            heappush(pq, (heightMap[i][n-1], i, n-1))
        for j in range(1, n-1): 
            heappush(pq, (heightMap[0][j], 0, j))
            heappush(pq, (heightMap[m-1][j], m-1, j))
        
        ans = most = 0 
        while pq: 
            ht, i, j = heappop(pq)
            most = max(most, ht)
            for ii, jj in (i-1, j), (i, j-1), (i, j+1), (i+1, j): 
                if 0 < ii < m-1 and 0 < jj < n-1 and heightMap[ii][jj] != -1: 
                    ans += max(0, most - heightMap[ii][jj])
                    heappush(pq, (heightMap[ii][jj], ii, jj))
                    heightMap[ii][jj] = -1 # mark ""visited""
        return ans
func solution() {
    // Implementation in Go
    fmt.Println(""Hello, World!"")
}","go"
"package main

// Original Python code transformed to Go
// class Solution:
    def longestPalindrome(self, s: str) -> int:
        hashmap = {}
        if len(s) == 0:
            return 0
        for i in s:
            if i not in hashmap:
                hashmap[i] = 1
            else:
                hashmap[i]+= 1
        #Longest odd chars + even chars
        longest_odd_char = 0
        even_chars = 0
        print(hashmap)
        for i in hashmap.keys():
            if hashmap[i]%2 == 1: #odd char string
                if hashmap[i] > longest_odd_char:
                    longest_odd_char = hashmap[i]
            else:
                even_chars += hashmap[i]
        return longest_char + even_chars
func solution() {
    // Implementation in Go
    fmt.Println(""Hello, World!"")
}","go"
"package main

// Original Python code transformed to Go
// class Solution:
    def splitArray(self, nums: List[int], m: int) -> int:        
        #return self.bruteForce(nums,m)
        #self.cache=collections.defaultdict(dict)
        #return self.memo(0,nums,m)
        low,high,res=max(nums),sum(nums),-1
        while low<=high:
            pivot=(low+high)//2
            if self.isValid(nums,m,pivot):
                res,high=pivot,pivot-1
            else:
                low=pivot+1
        return res
    
    def isValid(self,nums,m,pivot):
        chunk,current=0,0
        for v in nums:
            current+=v
            if current>pivot:
                chunk,current=chunk+1,v
        return chunk + 1 <= m
    
    def memo(self,i,nums,m):
        if not nums: return 0
        if m == 1: return sum(nums[i:])
        if i in self.cache and m in self.cache[i]:
            return self.cache[i][m]
        self.cache[i][m]=float(""inf"")
        for j in range(1,len(nums)+1):
            left,right=sum(nums[i:i+j]),self.memo(i+j,nums,m-1)
            self.cache[i][m]=min(self.cache[i][m],max(left,right))
            if left>right: break
        return self.cache[i][m]
    
    def bruteForce(self,nums,m):
        if not nums: return 0
        if m == 1: return sum(nums)
        min_value=float(""inf"")
        for i in range(1,len(nums)+1):
            left,right=sum(nums[:i]),self.bruteForce(nums[i:],m-1)
            min_value=min(min_value,max(left,right))
        return min_value
func solution() {
    // Implementation in Go
    fmt.Println(""Hello, World!"")
}","go"
"package main

// Original Python code transformed to Go
// class Solution:
    def fizzBuzz(self, n: int) -> List[str]:
        total = []
        for i in range(1,n+1):
            if i % 3 == 0 and i % 5 == 0:
                total.append(""FizzBuzz"")
                continue
            if i % 3 == 0:
                total.append(""Fizz"")
                continue
            if i % 5 == 0:
                total.append(""Buzz"")
                continue
            total.append(str(i))
            
        return total
func solution() {
    // Implementation in Go
    fmt.Println(""Hello, World!"")
}","go"
"package main

// Original Python code transformed to Go
// class Solution:
    def numberOfArithmeticSlices(self, nums: List[int]) -> int:
        
        def totSlices(nums,slices): # For total number of same difference consecutive integers
            count = 2
            co = nums[1]-nums[0]
            for i in range(2,n):
                pre = nums[i]-nums[i-1]
                if  pre == co:
                    count += 1
                else:
                    if count>2:
                        slices.append(count)
                    co = pre
                    count = 2  
                    
            if count>2:
                slices.append(count)
                
            return slices
        
        
        def totCombination(maxSlice,combination): #For combination of maximum slice integer
            combination = [0]*(maxSlice+1)
            st = 1
                
            for i in range(3,maxSlice+1):
                combination[i] = combination[i-1]+st
                st+=1
                
            return combination
                
        n = len(nums)
        
        if n < 3:
            return 0
        
        total = 0
        
        slices = totSlices(nums,[])
        
        if slices == []:
            return 0
            
        combination = totCombination(max(slices),[])
            
        for i in slices:
            total += combination[i]
                
        return total
func solution() {
    // Implementation in Go
    fmt.Println(""Hello, World!"")
}","go"
"package main

// Original Python code transformed to Go
// class Solution:
    def thirdMax(self, nums: List[int]) -> int:
        
        # Remove redundant element
        nums = set(nums)
        
        # Convert it back to list to use sort
        nums = list(nums)
        
        # Sort the list
        nums.sort()
        
        # Return the third one from the last if not exist then return the last one
        return nums[-3] if len(nums) >= 3 else nums[-1]
func solution() {
    // Implementation in Go
    fmt.Println(""Hello, World!"")
}","go"
"package main

// Original Python code transformed to Go
// class Solution:
    def addStrings(self, num1: str, num2: str) -> str:
        if ""0"" in (num1, num2):
            return num2 if num1 == ""0"" else num1
        
        class MyStr(str):
            dic = {str(v): v for v in range(10)}
            
            def __getitem__(self, index):
                try:
                    return MyStr.dic[super().__getitem__(index)]
                except IndexError:
                    return 0
        
        num1, num2 = MyStr(num1), MyStr(num2)
        carry, s = 0, """"
        for idx in range(-1, -1-max(len(num1), len(num2)), -1):
            o_sum = num1[idx] + num2[idx] + carry
            carry = o_sum // 10
            s = f'{o_sum % 10}{s}'
                
        return f'1{s}' if carry else s
func solution() {
    // Implementation in Go
    fmt.Println(""Hello, World!"")
}","go"
"package main

// Original Python code transformed to Go
// class Solution:
    def canPartition(self, nums: List[int]) -> bool:
        total = sum(nums)
        if total % 2 != 0: return False 
        target = total // 2
        dp = [False]*(target + 1)
        dp[0] = True
        for num in nums:
            for i in range(target, num-1, -1):
                dp[i] = dp[i] or dp[i-num]
				if dp[target]: return True
        return dp[target]
func solution() {
    // Implementation in Go
    fmt.Println(""Hello, World!"")
}","go"
"package main

// Original Python code transformed to Go
// class Solution:
    def flow(self, q: List[List[int]], canFlowFrom: List[List[bool]], heights: List[List[int]]):
		# directions that we can water can flow from
        directions = [[0, 1], [1, 0], [0, -1], [-1, 0]]
        while len(q) != 0:
            inds = q.pop(0)
            for direction in directions:
                i = inds[0] + direction[0]
                j = inds[1] + direction[1]
				# check if coordinates are valid and that they haven't been visited
                if i >= 0 and j >= 0 and i < len(heights) and j < len(heights[i]) and heights[inds[0]][inds[1]] <= heights[i][j] and not canFlowFrom[i][j]:
                        q.append([i, j])
                        canFlowFrom[i][j] = True
            
        
    def pacificAtlantic(self, heights: List[List[int]]) -> List[List[int]]:
        m = len(heights)
        n = len(heights[0])
        flowToAtlantic = [[False] * n for i in range(m)]
        flowToPacific = [[False] * n for i in range(m)]
        atlanticQ = []
        pacificQ = []
        # add edges touching ocean
        for i in range(m):
            pacificQ.append([i, 0])
            flowToPacific[i][0] = True
            atlanticQ.append([i, n - 1])
            flowToAtlantic[i][n - 1] = True
		# add edges touching ocean
        for j in range(n):
            pacificQ.append([0, j])
            flowToPacific[0][j] = True
            atlanticQ.append([m - 1, j])
            flowToAtlantic[m - 1][j] = True
        # flow from edges updwards to validate if can flow to specific ocean for each coordinate
        self.flow(atlanticQ, flowToAtlantic, heights)
        self.flow(pacificQ, flowToPacific, heights)
        res = []
        for i in range(m):
            for j in range(n):
				# if we can reach both oceans, then we can add it to the result list
                if flowToAtlantic[i][j] and flowToPacific[i][j]:
                    res.append([i, j])
        return res
func solution() {
    // Implementation in Go
    fmt.Println(""Hello, World!"")
}","go"
"package main

// Original Python code transformed to Go
// class Solution:
    def countBattleships(self, board: List[List[str]]) -> int:
        if not board:
            return 0
        counter = 0
        for i in range(len(board)):
            for j in range(len(board[0])):
                if board[i][j] == ""X"":
                    self.dfs(board, i, j)
                    counter += 1
        return counter
    
    def dfs(self, board, i, j):
        if i < 0 or j < 0 or i >= len(board) or j >= len(board[i]) or board[i][j] != ""X"":
            return
        board[i][j] = ""#""
        self.dfs(board, i+1, j)
        self.dfs(board, i-1, j)
        self.dfs(board, i, j+1)
        self.dfs(board, i, j-1)
func solution() {
    // Implementation in Go
    fmt.Println(""Hello, World!"")
}","go"
"package main

// Original Python code transformed to Go
// class Solution:
    def strongPasswordChecker(self, password: str) -> int:
        lengthOfPassword=len(password)
        
        #IF PASSWORD IS LESS THAN 2 CHARACTER
        if lengthOfPassword<3:
            return 6-lengthOfPassword

        isLower=False
        isUpper=False
        isDigit=False

        repeatedCharacters=[]
        lastCharacter=''
        numberOfRepeatedCharacter=-1

        #LOOP TO CHECK ALL CONTITIONS
        for i in range(lengthOfPassword):

            #CHECKING FOR UPPER<LOER CASE AND DIGIT IN PASSWORD
            if not isUpper and password[i].isupper():
                isUpper=True
            elif not isLower and password[i].islower():
                isLower=True
            elif not isDigit and password[i].isdigit():
                isDigit=True

            #COUNTING TOTAL REPEATATION 
            if lastCharacter==password[i]:
                repeatedCharacters[numberOfRepeatedCharacter]+=1
            else:
                numberOfRepeatedCharacter+=1
                repeatedCharacters.append(1)
                lastCharacter=password[i]
         #<END OF FIRST FOR LOOP>
        cases=int(not isUpper)+int(not isLower)+int(not isDigit)                    
        #LOGIC

        if lengthOfPassword<6:
            #LESS THAN 6 CHARACTERS
            return cases if cases>6-lengthOfPassword else 6-lengthOfPassword
            
        elif lengthOfPassword<=20:        
            #ATLEAST 6 CHARACTER AND ATMOST 20 CHARACTERS
            totalRepeats=0
            for i in repeatedCharacters:
                totalRepeats+=int(i/3)
            return cases if cases>totalRepeats else totalRepeats
            
        elif lengthOfPassword>20:
            extra=lengthOfPassword-20
            totalchanges=0
            while extra!=0:
                #Negitive Value
                pos=-1
                #Modulo should be more than 2
                value=5.99
                countUnique=0
                for i in range(len(repeatedCharacters)):
                    if repeatedCharacters[i]<3:
                        countUnique+=1
                        continue
                    else:
                        if repeatedCharacters[i]%3==0:
                            pos=i
                            value=repeatedCharacters[i]
                            break
                        elif repeatedCharacters[i]%3<value%3:
                            pos=i
                            value=repeatedCharacters[i]

                if value%3==0:
                    if extra-1>=0:
                        repeatedCharacters[pos]-=1
                        extra-=1
                        totalchanges+=1
                    else:
                        break
                elif value%3==1:
                    if extra-2>=0:
                        repeatedCharacters[pos]-=2
                        extra-=2
                        totalchanges+=2
                    else:
                        break
                elif value%3==2:
                    if extra-3>=0:
                        repeatedCharacters[pos]-=3
                        extra-=3
                        totalchanges+=3
                    else:
                        break
                if countUnique>=len(repeatedCharacters):
                    break
            totalRepeats=0
            for number in repeatedCharacters:
                if number>=3:
                    totalRepeats+=int(number/3)
            first=totalchanges+extra
            second=totalRepeats if totalRepeats>cases else cases
            result=int(first+second)

            return result
func solution() {
    // Implementation in Go
    fmt.Println(""Hello, World!"")
}","go"
"package main

// Original Python code transformed to Go
// class Solution:
    def findMaximumXOR(self, nums: List[int]) -> int:
        ans = 0
        for i in range(32)[::-1]:
            ans <<= 1
            prefix = {num >> i for num in nums}
            ans += any(ans^1^p in prefix for p in prefix)
        return ans
func solution() {
    // Implementation in Go
    fmt.Println(""Hello, World!"")
}","go"
"package main

// Original Python code transformed to Go
// class Solution:
    def originalDigits(self, s: str) -> str:
        freq = Counter(s)
        nums = [""zero"", ""one"", ""two"", ""three"", ""four"", ""five"", ""six"", ""seven"", ""eight"", ""nine""]
        
        ans = [0]*10
        for c, i in (""g"", 8), (""u"", 4), (""w"", 2), (""x"", 6), (""z"", 0), (""s"", 7), (""v"", 5), (""h"", 3), (""i"", 9), (""o"", 1): 
            ans[i] = freq[c]
            freq -= Counter(nums[i]*freq[c])
        return """".join(sorted(str(i)*x for i, x in enumerate(ans)))
func solution() {
    // Implementation in Go
    fmt.Println(""Hello, World!"")
}","go"
"package main

// Original Python code transformed to Go
// class Solution:
    def characterReplacement(self, s: str, k: int) -> int:
        res = 0
        left = 0
        count = {}
        maxf = 0
        for right in range(len(s)):
            count[s[right]] = 1 + count.get(s[right],0)
            maxf = max(maxf, count[s[right]])
    
            while (right-left+1) - maxf > k:
                count[s[left]] -= 1
                left+=1
            res = max(res, right-left+1)
        return(res)
func solution() {
    // Implementation in Go
    fmt.Println(""Hello, World!"")
}","go"
"package main

// Original Python code transformed to Go
// class Solution:
    def construct(self, grid: List[List[int]]) -> 'Node':
        if not grid:
            return
        node = Node()
        grid_sum, n = sum(map(sum, grid)), len(grid)
        if grid_sum == (n * n) or grid_sum == 0:
            node.val, node.isLeaf = grid_sum // (n * n), True
            return node
        node.isLeaf, node.val = False, 1
        node.topLeft = self.construct([[j for j in i[:n//2]] for i in grid[:n//2]])
        node.topRight = self.construct([[j for j in i[n//2:]] for i in grid[:n//2]])
        node.bottomLeft = self.construct([[j for j in i[:n//2]] for i in grid[n//2:]])
        node.bottomRight = self.construct([[j for j in i[n//2:]] for i in grid[n//2:]])
        return node
func solution() {
    // Implementation in Go
    fmt.Println(""Hello, World!"")
}","go"
"package main

// Original Python code transformed to Go
// class Solution:
    def levelOrder(self, root: 'Node') -> List[List[int]]:
        if not root:
            return None
        
        queue = collections.deque([root])
        res = []
        
        while queue:
            i, l = 0, len(queue)                # l is the number of nodes in current level
            temp_res = []                       # temp_res record node.val at current level
            
            while i < l:                        # i: to iterate through this level
                cur = queue.popleft()
                temp_res.append(cur.val)
                for c in cur.children:          
                    queue.append(c)
                i += 1
            res.append(temp_res)                # After dealing a level, add temp_res which recorded current level to final res
        
        return res
func solution() {
    // Implementation in Go
    fmt.Println(""Hello, World!"")
}","go"
"package main

// Original Python code transformed to Go
// class Solution:
    def flatten(self, head: 'Node') -> 'Node':
        if head is None:
            return None

        return self.dfs(head)

    def dfs(self, node):
        original_next = node.next
        tail = node

        if node.child:
            node.next = self.dfs(node.child)
            node.next.prev = node
            node.child = None
            tail = node.next
            while tail.next:
                tail = tail.next

        if original_next:
            tail.next = self.dfs(original_next)
            tail.next.prev = tail

        return node
func solution() {
    // Implementation in Go
    fmt.Println(""Hello, World!"")
}","go"
"package main

// Original Python code transformed to Go
// class Solution:
    def minMutation(self, start: str, end: str, bank: List[str]) -> int:
        res = []
        def is_valid_mutate(a, b):
            return sum(1 if a[i] != b[i] else 0 for i in range(len(a))) == 1
        
        def helper(start, bank, count, res):
            if not bank:
                return
            
            for i in range(len(bank)):
                curr = bank[i]
				# curr gene can be mutated from start
                if not is_valid_mutate(curr, start):
                    continue
                
				# we found the mutation from curr to end
                if curr == end:
                    res.append(count + 1)
                    return
                # we put leftover gene bank without curr 
                # and see our curr gene as start can be mutate to leftover gene bank
                helper(curr, bank[:i] + bank[i+1:], count + 1, res)
                    
        helper(start, bank, 0, res)
        return min(res) if res else -1
func solution() {
    // Implementation in Go
    fmt.Println(""Hello, World!"")
}","go"
"package main

// Original Python code transformed to Go
// class Solution:
    def countSegments(self, s: str) -> int:
        count = 0
        for i in range(len(s)):
            if s[i] != "" "" and (i==0 or s[i-1]== "" ""):
                count+=1

        return count
func solution() {
    // Implementation in Go
    fmt.Println(""Hello, World!"")
}","go"
"package main

// Original Python code transformed to Go
// class Solution:
    def eraseOverlapIntervals(self, intervals: List[List[int]]) -> int:
        # removing minimum number of intervals is equivalent to
        # keeping the maximum number of intervals, which can be
        # solved greedily. We can sort by finish time and schedule by
        # earliest non-conflicting finish time to leave for more space
        # for subsequent intervals.
        intervals.sort(key = lambda x: x[1])
        n_keep, prev_end = 1, intervals[0][1]
        for i in range(1, len(intervals)):
            cur_start, cur_end = intervals[i]
            if cur_start >= prev_end:
                n_keep += 1
                prev_end = cur_end
        return len(intervals)-n_keep
func solution() {
    // Implementation in Go
    fmt.Println(""Hello, World!"")
}","go"
"package main

// Original Python code transformed to Go
// class Solution:
    def findRightInterval(self, I: List[List[int]]) -> List[int]:
        N, S, A, D, k = len(I), sorted(i[0] for i in I), [-1]*len(I), {j[0]:i for i,j in enumerate(I)}, 0
        for L,R in sorted(I, key = lambda x: x[1]):
            k = bisect.bisect_left(S,R,k)
            if k < N: A[D[L]] = D[S[k]]
        return A
		
		
- Junaid Mansuri
func solution() {
    // Implementation in Go
    fmt.Println(""Hello, World!"")
}","go"
"package main

// Original Python code transformed to Go
// class Solution:
    def pathSum(self, root: TreeNode, targetSum: int) -> int:
        cnt = 0
        if not root:
            return cnt
        
        def counter(n: TreeNode, s=0):
            nonlocal cnt
            if not n:
                return
            s += n.val
            if s == targetSum:
                cnt += 1
            counter(n.left, s)
            counter(n.right, s)
                        
        def dfs(n: TreeNode):
            if not n:
                return
            counter(n)
            dfs(n.left)
            dfs(n.right)
        
        dfs(root)
        return cnt
func solution() {
    // Implementation in Go
    fmt.Println(""Hello, World!"")
}","go"
"package main

// Original Python code transformed to Go
// class Solution:
    def findKthNumber(self, n: int, k: int) -> int:
        
        def fn(x): 
            """"""Return node counts in denary trie.""""""
            ans, diff = 0, 1
            while x <= n: 
                ans += min(n - x + 1, diff)
                x *= 10 
                diff *= 10 
            return ans 
        
        x = 1
        while k > 1: 
            cnt = fn(x)
            if k > cnt: k -= cnt; x += 1
            else: k -= 1; x *= 10 
        return x
func solution() {
    // Implementation in Go
    fmt.Println(""Hello, World!"")
}","go"
"package main

// Original Python code transformed to Go
// class Solution:
    def findDuplicates(self, nums: List[int]) -> List[int]:
        res = []
        nums.sort()
        for i in range(len(nums)-1):
            if nums[i] == nums[i+1]:
                res.append(nums[i])
        return res
func solution() {
    // Implementation in Go
    fmt.Println(""Hello, World!"")
}","go"
"package main

// Original Python code transformed to Go
// class Solution:
    def compress(self, C: List[str]) -> int:
    	if len(C) <= 1: return
    	c, i, _ = 1, 0, C.append("" "")
    	while C[i] != "" "":
    		if C[i] == C[i+1]: c += 1
    		elif c > 1: C[i+2-c:i+1], i, c = list(str(c)), i + 1 - c + len(list(str(c))), 1
    		i += 1
    	del C[-1]
			

- Junaid Mansuri
func solution() {
    // Implementation in Go
    fmt.Println(""Hello, World!"")
}","go"
"package main

// Original Python code transformed to Go
// class Solution:
    def addTwoNumbers(self, l1: ListNode, l2: ListNode) -> ListNode:
        result = self.getNumberByIterList(l1) + self.getNumberByIterList(l2)
        divisor = 10
        if result == 0:
            return ListNode(0)
        head, prev = None, None
        while result > 0:
            result, remainder = divmod(result, divisor)
            head = ListNode(remainder, prev)
            prev = head
        return head

    
    def getNumberByIterList(self, li):
        number = 0 
        while li is not None:
            number = number * 10 + li.val
            li = li.next
        return number
func solution() {
    // Implementation in Go
    fmt.Println(""Hello, World!"")
}","go"
"package main

// Original Python code transformed to Go
// class Solution:
    def numberOfArithmeticSlices(self, nums: List[int]) -> int:
        dp = [defaultdict(int) for _ in range(len(nums))]
        res = 0
        for i in range(len(nums)):
            for j in range(i):
                dp[i][nums[i] - nums[j]] += dp[j][nums[i] - nums[j]] + 1
                res += dp[j][nums[i] - nums[j]]
        return res
func solution() {
    // Implementation in Go
    fmt.Println(""Hello, World!"")
}","go"
"package main

// Original Python code transformed to Go
// class Solution:
    def dist(self, p1, p2):
        return sqrt(pow(p1[0] - p2[0], 2) + pow(p1[1] - p2[1], 2))
    
    def numberOfBoomerangs(self, points: List[List[int]]) -> int:
        res = 0
        
        for i in range(len(points)):
            ""cache for every point""
            dist_cache = collections.defaultdict(int)
            
            for j in range(len(points)):
                if i == j:
                    continue
                    
                dist_cache[self.dist(points[i], points[j])] += 1
            
            
            for key in dist_cache:
                """"""
                The formula for generating permutations given n object where we are allowed to choose r of them, is: P(n, r) = n! / (n-r)! 
                In our case we have: n = dist_cache[key] (where key is some distance). Also we can choose 2 elements at a time: r = 2. So formula now: P(n, 2) = n! / (n-2)!
                Using some mathematical transformations: n! / (n-2)! = n * (n-1) * (n-2)! / (n-2)! = n * (n-1)
                This logic applies to each point.
                """"""
                res += dist_cache[key] * (dist_cache[key] - 1)
        
        return res
func solution() {
    // Implementation in Go
    fmt.Println(""Hello, World!"")
}","go"
"package main

// Original Python code transformed to Go
// class Solution:
    def findDisappearedNumbers(self, nums: List[int]) -> List[int]:
        return {x for x in range(1,len(nums)+1)} - set(nums)
func solution() {
    // Implementation in Go
    fmt.Println(""Hello, World!"")
}","go"
"package main

// Original Python code transformed to Go
// class Solution:    
    def deleteNode(self, root: Optional[TreeNode], key: int) -> Optional[TreeNode]:
        if not root:
            return None
        
        if root.val == key:
            # first case - no childrens
            if not root.left and not root.right:
                return None
            
            # second case - there is one of chlidren (left or right)
            if not root.left:
                return root.right
            
            if not root.right:
                return root.left
            
            # third case - there are both childrens (left and right)
            tmp = root.left
            while tmp.right:
                tmp = tmp.right
            
            root.val = tmp.val
            root.left = self.deleteNode(root.left, root.val)
            
        if root.val > key:
            root.left = self.deleteNode(root.left, key)
        else:
            root.right = self.deleteNode(root.right, key)
        
        return root
func solution() {
    // Implementation in Go
    fmt.Println(""Hello, World!"")
}","go"
"package main

// Original Python code transformed to Go
// class Solution:
    def frequencySort(self, s: str) -> str:
        a = Counter(s)
        b = """"
        abc = sorted(a, reverse = True,  key = a.get)
        for i in abc:
            for j in range(a[i]):
                b+=i
        return b
func solution() {
    // Implementation in Go
    fmt.Println(""Hello, World!"")
}","go"
"package main

// Original Python code transformed to Go
// class Solution:
    def findMinArrowShots(self, points: List[List[int]]) -> int:
        ans, prev = 0, -inf
        for x, y in sorted(points, key=lambda x: x[1]): 
            if prev < x: 
                ans += 1
                prev = y
        return ans
func solution() {
    // Implementation in Go
    fmt.Println(""Hello, World!"")
}","go"
"package main

// Original Python code transformed to Go
// class Solution:
    def minMoves(self, nums: List[int]) -> int:
        return sum(nums) - min(nums)*len(nums)
func solution() {
    // Implementation in Go
    fmt.Println(""Hello, World!"")
}","go"
"package main

// Original Python code transformed to Go
// class Solution:
    def fourSumCount(self, A: List[int], B: List[int], C: List[int], D: List[int]) -> int:
        AB = [a+b for a in A for b in B]
        CD = [c+d for c in C for d in D]
                
        # Two sum from AB and CD
        counts = 0
        CD_count = collections.Counter(CD)
        for num in AB:
            counts += CD_count.get(-num, 0)
                
        return counts
func solution() {
    // Implementation in Go
    fmt.Println(""Hello, World!"")
}","go"
"package main

// Original Python code transformed to Go
// class Solution:
    def findContentChildren(self, g: List[int], s: List[int]) -> int:
        g.sort()
        s.sort()
        i = j = 0
        out = 0
        while i < len(g) and j < len(s):
            if g[i] <= s[j]:
                i += 1
                out += 1
            j += 1
        return out
func solution() {
    // Implementation in Go
    fmt.Println(""Hello, World!"")
}","go"
"package main

// Original Python code transformed to Go
// class Solution:
    def find132pattern(self, nums: List[int]) -> bool:
        prev_greater = [-1] * len(nums)
        stack = []
        for i, n in enumerate(nums):
            # Use >= so that PGE is strictly greater as opposed to greater or equal
            while stack and n >= nums[stack[-1]]:
                stack.pop()
            if stack:
                prev_greater[i] = stack[-1]
            stack.append(i)
            
        mins = [0]
        for i in range(1, len(nums)):
            mins.append(mins[-1])
            if nums[i] < nums[mins[-1]]:
                mins[-1] = i
            
        for i in range(1, len(nums)):
            if ((pg := prev_greater[i]) != -1 and
                nums[mins[pg]] < nums[i] and # nums[i] < nums[pg] by the definition of PGE
                mins[pg] != pg): # mins[pg] <= pg, so only need to check if mins[pg] != pg
                return True
        return False
func solution() {
    // Implementation in Go
    fmt.Println(""Hello, World!"")
}","go"
"package main

// Original Python code transformed to Go
// class Solution:
    def circularArrayLoop(self, nums: List[int]) -> bool:
        seen = set() # visited &amp; no cycle 
        for i, x in enumerate(nums): 
            if i in seen: continue 
            temp = set() # visited in this round 
            while True: 
                ii = (i + nums[i])% len(nums)
                if ii in seen or nums[ii] * x < 0 or ii == i: # no cycle 
                    seen |= temp 
                    break 
                if ii in temp and ii != i: return True 
                temp.add(i := ii)
        return False
func solution() {
    // Implementation in Go
    fmt.Println(""Hello, World!"")
}","go"
"package main

// Original Python code transformed to Go
// class Solution:
    def poorPigs(self, buckets: int, minutesToDie: int, minutesToTest: int) -> int:
        # Calculate the max time for a pig to test buckets...
        # Note that, max time will not be (minutesToTest / minutesToDie)...
        # Thinking about all pigs drinking all buckets at last, but no one died immediately, so the poison bucket is the last bucket...
        max_time = minutesToTest / minutesToDie + 1
        # Initialize the required minimum number of pigs...
        req_pigs = 0
        # To find the minimum number of pigs, find the minimum req_pigs such that Math.pow(max_time, req_pigs) >= buckets...
        while (max_time) ** req_pigs < buckets:
            # Increment until it will be greater or equals to bucket...
            req_pigs += 1
        # Return the required minimum number of pigs...
        return req_pigs
func solution() {
    // Implementation in Go
    fmt.Println(""Hello, World!"")
}","go"
"package main

// Original Python code transformed to Go
// class Solution:
    def repeatedSubstringPattern(self, s: str) -> bool:
        a = s[0]
        x = len(s)
        for i in range(1,len(s)):
            if a == s[i:i+len(a)]:
                c = int(len(s)/len(a))
                if a * c == s:
                    return True
            else:
                pass
            a += s[i]
        return False
func solution() {
    // Implementation in Go
    fmt.Println(""Hello, World!"")
}","go"
"package main

// Original Python code transformed to Go
// class Solution:
    def hammingDistance(self, x: int, y: int) -> int:
    	xb, yb = bin(min(x,y))[2:], bin(max(x,y))[2:]
    	return list(yb[:(len(yb)-len(xb))]).count('1') + sum([1 for i in range(len(xb)) if xb[-1-i] != yb[-1-i]])
		
		
- Junaid Mansuri
func solution() {
    // Implementation in Go
    fmt.Println(""Hello, World!"")
}","go"
"package main

// Original Python code transformed to Go
// class Solution:
    def minMoves2(self, n: List[int]) -> int:
    	return (lambda x,y: sum(abs(i-x[y]) for i in x))(sorted(n), len(n)//2)
		
		
- Junaid Mansuri
(LeetCode ID)@hotmail.com
func solution() {
    // Implementation in Go
    fmt.Println(""Hello, World!"")
}","go"
"package main

// Original Python code transformed to Go
// class Solution:
    def islandPerimeter(self, grid: List[List[int]]) -> int:
        
            p = 0
            for i in range(len(grid)):
                for j in range(len(grid[i])):
                    if grid[i][j]:
                        p += 4 - (i and grid[i-1][j])*2 - (j and grid[i][j - 1])*2
            return p
func solution() {
    // Implementation in Go
    fmt.Println(""Hello, World!"")
}","go"
"package main

// Original Python code transformed to Go
// class Solution:
    def canIWin(self, maxChoosableInteger: int, desiredTotal: int) -> bool:

        @lru_cache(maxsize=None)
        def can_win(choices, remainder):
            if choices[-1] >= remainder: return True

            for index in range(len(choices)):
                if not can_win(choices[:index] + choices[index + 1:], remainder - choices[index]): return True

            return False

        summed_choices =  maxChoosableInteger * (maxChoosableInteger + 1) / 2
        if summed_choices < desiredTotal: return False
        if summed_choices == desiredTotal: return maxChoosableInteger % 2

        return can_win(tuple(range(1, maxChoosableInteger + 1)), desiredTotal)
func solution() {
    // Implementation in Go
    fmt.Println(""Hello, World!"")
}","go"
"package main

// Original Python code transformed to Go
// class Solution:
    def getMaxRepetitions(self, s1: str, n1: int, s2: str, n2: int) -> int:
        cnt = idx = 0 
        count = []
        index = []
        for i in range(n1): 
            for ch in s1: 
                if ch == s2[idx]: 
                    idx += 1
                    if idx == len(s2): 
                        cnt += 1
                        idx = 0 
            count.append(cnt)
            index.append(idx)
            for ii in range(i): 
                if index[ii] == idx: 
                    prev = count[ii]
                    repeat = (cnt - prev) * ((n1-1-ii) // (i - ii))
                    post = count[ii + (n1-1-ii) % (i-ii)] - count[ii]
                    return (prev + repeat + post) // n2
        return count[-1]//n2
func solution() {
    // Implementation in Go
    fmt.Println(""Hello, World!"")
}","go"
"package main

// Original Python code transformed to Go
// class Solution:
    def findSubstringInWraproundString(self, p: str) -> int:
        dp=[0 for i in range(26)]
        if p=="""":
            return 0
        count=1
        pre=ord(p[0])-ord('a')
        dp[pre]=1
        for i in p[1:]:
            cur=ord(i)-ord('a')
            if (pre+1)%26==cur:
                count+=1
                dp[cur]=max(dp[cur],count)
            else:
                count=1
                dp[cur]=max(dp[cur],count)
            pre=cur
        return sum(dp)
func solution() {
    // Implementation in Go
    fmt.Println(""Hello, World!"")
}","go"
"package main

// Original Python code transformed to Go
// class Solution:
    def validate_ipv4(self,IP:str)->str:
        for x in IP.split("".""):
            if len(x)==0 or len(x)>3: return ""Neither""
            if not x.isdigit() or not 0<=int(x)<=255 or (x[0]==""0"" and len(x)!=1): return ""Neither""
        return ""IPv4""
    
    def validate_ipv6(self,IP:str)->str:
        hex_digits=""0123456789abcdefABCDEF""
        for x in IP.split("":""):
            if len(x)==0 or len(x)>4 or not all(c in hex_digits for c in x): return ""Neither""
        return ""IPv6"" 
        
    def validIPAddress(self, IP: str) -> str:
        """"""
        O(n) time complexity
        O(1) space complexity
        """"""
        if ""."" in IP and IP.count(""."")==3:
            return self.validate_ipv4(IP)
        elif "":"" in IP and IP.count("":"")==7:
            return self.validate_ipv6(IP)
        else:
            return ""Neither""
func solution() {
    // Implementation in Go
    fmt.Println(""Hello, World!"")
}","go"
"package main

// Original Python code transformed to Go
// class Solution:
    def findAllConcatenatedWordsInADict(self, words: List[str]) -> List[str]:
        
        wordset = set(words)
        
        @cache
        def f(word,i):
            if i >= len(word):
                return True
            j = i+1
            while j <= len(word):
                if word[i:j] in wordset and j-i != len(word) and f(word,j):
                    return True
                j += 1
            return False
        
        return [word for word in words if any(word) and f(word,0)]
func solution() {
    // Implementation in Go
    fmt.Println(""Hello, World!"")
}","go"
"package main

// Original Python code transformed to Go
// class Solution:
    def makesquare(self, matchsticks) -> bool:
        total_circumference = sum(matchsticks)
        side = total_circumference/4

        if int(side) != side:
            return False
			
        matchsticks.sort()
        
        paths = [0]*4
        h = {}
		
        if matchsticks[-1] > side:
            return False
        
        def r():
            if not matchsticks:
                return True

            num = matchsticks.pop()

            ret = False
            for x in range(4):
                if paths[x] + num <= side:
                    paths[x] += num
                    ret |= r()
                    if ret:
                        return True
                    paths[x] -= num
                    if not paths[x]:
                        break

            matchsticks.append(num)
            return ret
        return r()
func solution() {
    // Implementation in Go
    fmt.Println(""Hello, World!"")
}","go"
"package main

// Original Python code transformed to Go
// class Solution:
    def findMaxForm(self, strs: List[str], m: int, n: int) -> int:
        arr = sorted([(len(i), sum([1 for j in i if j == '0'])) for i in strs])
        arr = [(i[1], i[0]-i[1], i[0]) for i in arr] # N0, N1, len
        
        ptr = 0
        larr = len(arr)
        print(larr)
        memo = {}

        def dfs(n0: int, n1: int, ptr: int):
            # print((n0, n1, ptr))
            if (n0, n1, ptr) in memo:
                return memo[(n0, n1, ptr)]

            if ptr == larr:
                return 0

            if n0 + n1 < arr[ptr][2]:
                return 0
            
            nextp = ptr + 1

            if not (n0 >= arr[ptr][0] and n1 >= arr[ptr][1]):
                return dfs(n0, n1, nextp)

            take = 1 + dfs(n0 - arr[ptr][0], n1 - arr[ptr][1], nextp)

            if arr[ptr][2] == 1:
                ntake = 0
            else:
                ntake = dfs(n0, n1, nextp)

            ans = take if take > ntake else ntake
            memo[(n0,n1,ptr)] = ans
            return ans
        
        return dfs(m, n, 0)
func solution() {
    // Implementation in Go
    fmt.Println(""Hello, World!"")
}","go"
"package main

// Original Python code transformed to Go
// class Solution:
    def findRadius(self, houses: List[int], heaters: List[int]) -> int:
        houses.sort()
        heaters.sort()
        total, size = len(houses), len(heaters)
		#dummy solution to check if heater with radius r, to cover all houses
        def valid_radius(r):
            house_offset = 0
            heater_offset = 0
            while house_offset < total:
                #case 1: current house is covered by current house, simply pass
                if abs(houses[house_offset] - heaters[heater_offset]) <= r:
                    house_offset += 1
                    continue
				#case 2 house cannot be covered, and locates on left side of heater, we can never find a heater to cover this house
                if houses[house_offset] < heaters[heater_offset]:
                    return False
                    break
				#case 3 go ahead to further heater, find the closest heater to cover the house or find no such heater valid
                while heater_offset < size and abs(houses[house_offset] - heaters[heater_offset]) > r:
                    heater_offset += 1
                if heater_offset >= size:return False
                if abs(houses[house_offset] - heaters[heater_offset]) <= r:
                    house_offset += 1
                    continue
                else:
                    return False
                    break
            return True
		#binary search to get radius
        low, high = 0, max(abs(heaters[0] - houses[0]), abs(heaters[0] - houses[-1]))
        mid = (low + high)//2
        while high - low > 1:
            if valid_radius(mid):
                high = mid
            else:low = mid
            mid = (low + high)//2

        return low if valid_radius(low) else high
func solution() {
    // Implementation in Go
    fmt.Println(""Hello, World!"")
}","go"
"package main

// Original Python code transformed to Go
// class Solution:
    def findComplement(self, num: int) -> int:
        return int("""".join([""1"" if i == ""0"" else ""0"" for i in list(bin(num))[2:]]),2)
func solution() {
    // Implementation in Go
    fmt.Println(""Hello, World!"")
}","go"
"package main

// Original Python code transformed to Go
// class Solution:
    def totalHammingDistance(self, nums: List[int]) -> int:
        nums_len = len(nums)
        
        
        if (nums_len == 0):
            return 0
        
        current_bit = 1
        ret = 0
        max_ = max(nums) 

                
        while (current_bit <= max_):
            counter = 0
            
            
            for number in nums:
                if (number &amp; current_bit):
                    counter += 1
                    
            ret += counter * (nums_len - counter)
            current_bit <<= 1
            
        return ret
func solution() {
    // Implementation in Go
    fmt.Println(""Hello, World!"")
}","go"
"package main

// Original Python code transformed to Go
// class Solution:

    def __init__(self, radius: float, x_center: float, y_center: float):
        self.radius = radius 
        self.x_center = x_center
        self.y_center = y_center

    def randPoint(self) -> List[float]:
        radius = self.radius*sqrt(random.random()) # sample radius as r*sqrt(x) 
        theta = 2*pi*random.random() # sample angle as unif [0, 2*pi) 
        return self.x_center + radius*cos(theta), self.y_center + radius*sin(theta)
func solution() {
    // Implementation in Go
    fmt.Println(""Hello, World!"")
}","go"
"package main

// Original Python code transformed to Go
// class Solution:
    def largestPalindrome(self, n: int) -> int:
        return [0, 9, 987, 123, 597, 677, 1218, 877, 475][n]

        
    def isPalindrome(x):
        return str(x) == str(x)[::-1]

    def solve(n):
        best = 0
        for i in range(10**n-1, 0, -1):
            for j in range(max(i, (best-1)//i+1), 10**n):
                if isPalindrome(i*j):
                    #print(i, j, i*j)
                    best = i*j
        return best
func solution() {
    // Implementation in Go
    fmt.Println(""Hello, World!"")
}","go"
"package main

// Original Python code transformed to Go
// class Solution:
    def medianSlidingWindow(self, nums: List[int], k: int) -> List[float]:
        
        # Init
        medians = []
        n = len(nums)
        
        # Make median indexes
        m1,m2 = (k//2,k//2) if k%2 else ((k//2)-1,k//2)
       
        # Sort the array and find the first median
        arr = sorted(nums[:k])
        medians.append(float((arr[m1] + arr[m2])/2))
        
        # Find rest medians
        for i in range(0,n-k): 
            arr.remove(nums[i])
            bisect.insort(arr, nums[i+k])
            medians.append(float((arr[m1] + arr[m2])/2))
        
        # return
        return medians
func solution() {
    // Implementation in Go
    fmt.Println(""Hello, World!"")
}","go"
"package main

// Original Python code transformed to Go
// class Solution:
    def magicalString(self, n: int) -> int:
        if n==0: return 0
        if n<=3: return 1
        s,index = [1,2,2],2
        while len(s)<n:
            s+=[3-s[-1]]*s[index]
            index+=1
        return s[:n].count(1)
func solution() {
    // Implementation in Go
    fmt.Println(""Hello, World!"")
}","go"
"package main

// Original Python code transformed to Go
// class Solution:
    def licenseKeyFormatting(self, S: str, K: int) -> str:
    	S = """".join([i for i in S if i != '-']).upper()
    	L = len(S)
    	t = L%K
    	if t == 0:
    		t = K
    	T = S[0:t] + '-'
    	for i in range(t,L,K):
    		T = T + S[i:i+K] + '-'
    	return(T[0:-1])
		
- Python 3
- Junaid Mansuri
func solution() {
    // Implementation in Go
    fmt.Println(""Hello, World!"")
}","go"
"package main

// Original Python code transformed to Go
// class Solution:
    def smallestGoodBase(self, n: str) -> str:
        n = int(n)
        for p in range(int(log2(n)), 1, -1): 
            k = int(n**(1/p))
            if (k**(p+1)-1)//(k-1) == n: return str(k)
        return str(n-1)
func solution() {
    // Implementation in Go
    fmt.Println(""Hello, World!"")
}","go"
"package main

// Original Python code transformed to Go
// class Solution(object):
    def findMaxConsecutiveOnes(self, nums):
        l, output = 0,0
        
        for r, number in enumerate(nums):
            
            if number == 0:
                l = r+1
            
            output = max(output, r-l+1)
        
        return output
func solution() {
    // Implementation in Go
    fmt.Println(""Hello, World!"")
}","go"
"package main

// Original Python code transformed to Go
// class Solution:
    def PredictTheWinner(self, nums: List[int]) -> bool:
        
        N = len(nums)
        if N % 2 == 0: return True # can always win by picking larger one of odd or even subarray
        
		# DP
        dp = nums[:]
        for i in range(1, N):
            for j in range(N - i):
                dp[j] = max(nums[j] - dp[j + 1], nums[j + i] - dp[j])
        
        return dp[0] >= 0
func solution() {
    // Implementation in Go
    fmt.Println(""Hello, World!"")
}","go"
"package main

// Original Python code transformed to Go
// class Solution:
    def findMinStep(self, board: str, hand: str) -> int:
        hand = ''.join(sorted(hand))
        
        @cache
        def fn(board, hand):
            """"""Return min number of balls to insert.""""""
            if not board: return 0
            if not hand: return inf 
            ans = inf 
            for i, ch in enumerate(hand): 
                if i == 0 or hand[i-1] != ch: # pruning 1
                    hh = hand[:i] + hand[i+1:]
                    for j in range(0, len(board)): 
                        if ch == board[j] or j and board[j-1] == board[j]: # pruning 2
                            bb, nn = """", board[:j] + ch + board[j:]
                            while bb != nn:
                                bb, nn = nn, """"
                                for k, grp in groupby(bb): 
                                    x = len(list(grp))
                                    if x < 3: nn += k*x
                            ans = min(ans, 1 + fn(bb, hh))
            return ans 
        
        return (lambda x: x if x < inf else -1)(fn(board, hand))
func solution() {
    // Implementation in Go
    fmt.Println(""Hello, World!"")
}","go"
"package main

// Original Python code transformed to Go
// class Solution:
    def findSubsequences(self, nums: List[int]) -> List[List[int]]:
        res = []
        for i in range(2, len(nums)+1):
            for x in set(itertools.combinations(nums, i)):
                if all(a <= b for a, b in zip(x, x[1:])):
                    res.append(x)
        return res
func solution() {
    // Implementation in Go
    fmt.Println(""Hello, World!"")
}","go"
"package main

// Original Python code transformed to Go
// class Solution:
    def constructRectangle(self, area: int) -> List[int]:
        sqrt_val = int(math.sqrt(area))
        l = w = sqrt_val
        while (l * w) != area and l > 0 and w > 0:
            l += 1
            w = area // l
            
        return [l, w] if w > 1 else (area, 1)
func solution() {
    // Implementation in Go
    fmt.Println(""Hello, World!"")
}","go"
"package main

// Original Python code transformed to Go
// class Solution(object):
    def reversePairs(self, nums):
        """"""
        :type nums: List[int]
        :rtype: int
        """"""
        def merge(array,start,mid,end):
            leftArray=array[start:mid+1]
            rightArray=array[mid+1:end+1]
            i,j=0,0
            m,n=len(leftArray),len(rightArray)
            for k in range(start,end+1):
                if j>=n or (i<m and leftArray[i]<rightArray[j]):
                    array[k]=leftArray[i]
                    i+=1
                else:
                    array[k]=rightArray[j]
                    j+=1
        def merge_sort(array,start,end):
            pairs=0
            if start<end:
                mid=start+(end-start)//2
                pairs+=merge_sort(array,start,mid)
                pairs+=merge_sort(array,mid+1,end)
                j=mid+1
                for i in range(start,mid+1):
                    while j<=end and array[i]>array[j]*2:
                        j+=1
                    pairs+=j-mid-1
                merge(array,start,mid,end)
            return pairs
        pairs=merge_sort(nums,0,len(nums)-1)
        return pairs
func solution() {
    // Implementation in Go
    fmt.Println(""Hello, World!"")
}","go"
"package main

// Original Python code transformed to Go
// class Solution:
    def findTargetSumWays(self, nums: List[int], target: int) -> int:
        def findtarget(nums,currsum, length,target,memo):
            if((length,currsum) in memo):
                return memo[(length,currsum)]
            if(length == len(nums)):
                if(currsum == target):
                    memo[(length,currsum)] = 1
                    return 1
                else:
                    memo[(length,currsum)] = 0
                    return 0
            memo[(length,currsum)] = findtarget(nums,currsum+nums[length],length+1,target,memo)+findtarget(nums,currsum-nums[length],length+1,target,memo)
            return memo[(length,currsum)]
        return findtarget(nums,0,0,target,{})
func solution() {
    // Implementation in Go
    fmt.Println(""Hello, World!"")
}","go"
"package main

// Original Python code transformed to Go
// class Solution:
    def findPoisonedDuration(self, t: List[int], duration: int) -> int:
        if not t:
            return 0
        n = len(t)
        return sum(min(t[t2] - t[t1], duration) for t1, t2 in zip(range(0, n - 1), range(1, n))) + duration
func solution() {
    // Implementation in Go
    fmt.Println(""Hello, World!"")
}","go"
"package main

// Original Python code transformed to Go
// class Solution:
    def nextGreaterElement(self, nums1: List[int], nums2: List[int]) -> List[int]:
        dict_greater = {}

        stack = [nums2[0]]
        for num in nums2[1:]:

            if num < stack[-1]:
                stack.append(num)

            while len(stack) > 0 and num > stack[-1]:
                dict_greater[stack.pop()] = num
            stack.append(num)

        while len(stack) > 0:
            dict_greater[stack.pop()] = -1

        return [dict_greater[j] for j in nums1 if j in dict_greater]
func solution() {
    // Implementation in Go
    fmt.Println(""Hello, World!"")
}","go"
"package main

// Original Python code transformed to Go
// class Solution:

    def __init__(self, rects: List[List[int]]):
        self.rects = rects # store rectangles
        self.wt = [0] # weighted sampling 
        for x1, y1, x2, y2 in rects: 
            wt = (x2 - x1 + 1) * (y2 - y1 + 1) # wt ~ number of points 
            self.wt.append(self.wt[-1] + wt) 

    def pick(self) -> List[int]:
        n = randint(1, self.wt[-1]) # nth point
        k = bisect_left(self.wt, n)-1 # kth rectangle
        offset = n - self.wt[k] - 1 # offset from x1, y1
        x1, y1, x2, _ = self.rects[k]
        return [x1 + offset % (x2 - x1 + 1), y1 + offset // (x2 - x1 + 1)]
func solution() {
    // Implementation in Go
    fmt.Println(""Hello, World!"")
}","go"
"package main

// Original Python code transformed to Go
// class Solution:
    def findDiagonalOrder(self, matrix: List[List[int]]) -> List[int]:
        if not matrix: return []
        temp = []
        for i in range(len(matrix)):
            for j in range(len(matrix[0])):
                if len(temp)-1<i+j: temp.append([matrix[i][j]])
                else: temp[i+j].append(matrix[i][j])
        res,i = [],0
        for item in temp:
            if i%2==0: res += item[::-1]
            else: res += item
            i += 1
        return res
func solution() {
    // Implementation in Go
    fmt.Println(""Hello, World!"")
}","go"
"package main

// Original Python code transformed to Go
// class Solution:
    def findWords(self, w: List[str]) -> List[str]:
    	L = [set('qwertyuiop'),set('asdfghjkl'),set('zxcvbnm')]
    	D, A = {j:i for i in range(3) for j in L[i]}, []
    	for i,j in enumerate([i.lower() for i in w]):
    		if set(j).issubset(L[D[j[0]]]): A.append(w[i])
    	return A
		
		
- Junaid Mansuri
(LeetCode ID)@hotmail.com
func solution() {
    // Implementation in Go
    fmt.Println(""Hello, World!"")
}","go"
"package main

// Original Python code transformed to Go
// class Solution:
    def findMode(self, root: TreeNode) -> List[int]:
        dic = dict()
        if root is None:
            return []
        def inorder(root,dic):
            if root is None:
                return
            else:
                left = inorder(root.left,dic)
                if root.val in dic:
                    dic[root.val] += 1
                else:
                    dic[root.val] = 1
                
                right = inorder(root.right,dic)
                
            return dic
        dic = inorder(root,dic)
        max_val = float('-inf')
        val = 0
        lis = []
        for key,value in dic.items():
            if value == max_val:
                val = key
                lis.append(val)
            elif value > max_val:
                lis = []
                max_val = value
                val = key
                lis.append(val)
	```
func solution() {
    // Implementation in Go
    fmt.Println(""Hello, World!"")
}","go"
"package main

// Original Python code transformed to Go
// class Solution:
    def findMaximizedCapital(self, k: int, w: int, profits: List[int], capital: List[int]) -> int:
        projects = sorted([(c, p) for p, c in zip(profits, capital)])
        i, N = 0, len(projects)
        profits_maxheap = []
        cur_capital = w
        while k > 0:
            while i < N and cur_capital >= projects[i][0]:
                heapq.heappush(profits_maxheap, -projects[i][1])
                i += 1
            if not profits_maxheap:
                break
            cur_capital -= heapq.heappop(profits_maxheap)
            k -= 1
        return cur_capital
func solution() {
    // Implementation in Go
    fmt.Println(""Hello, World!"")
}","go"
"package main

// Original Python code transformed to Go
// class Solution:
    def nextGreaterElements(self, nums: List[int]) -> List[int]:
        stack = []
        old_len = len(nums)
        
        nums += nums
        
        res = [-1] * len(nums)
        for idx in range(len(nums) -1, -1, -1):
            while stack and nums[idx] >= stack[-1]:
                stack.pop()
            
            if stack:
                res[idx] = stack[-1]
            
            stack.append(nums[idx])
        
        return res[:old_len]
func solution() {
    // Implementation in Go
    fmt.Println(""Hello, World!"")
}","go"
"package main

// Original Python code transformed to Go
// class Solution:
    def convertToBase7(self, num: int) -> str:
        if num == 0:
            return str(num)
        res = ''
        x = abs(num)
        while x > 0:
            res = str(x%7) + res
            x //= 7
        return '-' + res if num < 0 else res
func solution() {
    // Implementation in Go
    fmt.Println(""Hello, World!"")
}","go"
"package main

// Original Python code transformed to Go
// class Solution:
    def findRelativeRanks(self, nums: List[int]) -> List[str]:
        awarded_medals = [""Gold Medal"", ""Silver Medal"", ""Bronze Medal""]
        nums_with_indx = sorted([(i, s) for i, s in enumerate(nums)], key=lambda t: t[1], reverse=True)
        for rank, t in enumerate(nums_with_indx):
            pos, score = t
            nums[pos] = awarded_medals[rank] if rank < 3 else str(rank + 1)
        
        return nums
func solution() {
    // Implementation in Go
    fmt.Println(""Hello, World!"")
}","go"
"package main

// Original Python code transformed to Go
// class Solution:
    def checkPerfectNumber(self, num: int) -> bool:
    	if num <= 1: return False
    	s, q = 0, num**.5
    	for i in range(2,1+int(q)):
    		if num%i == 0: s += i + num//i
    	if int(q) == q: s -= int(q)
    	return s == num - 1
		
		
- Python 3
- Junaid Mansuri
func solution() {
    // Implementation in Go
    fmt.Println(""Hello, World!"")
}","go"
"package main

// Original Python code transformed to Go
// class Solution:
    def traversal(self, node, d, max_freq):
        if node == None:
            return 0
        
        _sum = self.traversal(node.left, d, max_freq) + self.traversal(node.right, d, max_freq) + node.val

        d[_sum] = d.get(_sum, 0) + 1
        
        max_freq[0] = max(max_freq[0], d[_sum])
        
        return _sum
        
        
    def findFrequentTreeSum(self, root: Optional[TreeNode]) -> List[int]:
        d = {}
        max_freq = [0]
        
        self.traversal(root, d, max_freq)

        ans = []
        for key in d:
            if d[key] == max_freq[0]:
                ans.append(key)
        
        return ans
func solution() {
    // Implementation in Go
    fmt.Println(""Hello, World!"")
}","go"
"package main

// Original Python code transformed to Go
// class Solution:
    def fib(self, n: int) -> int:
        if n == 0:
            return 0
        fibs = [0,1]
        for i in range(2, n+1):
            fibs.append(fibs[-1] + fibs[-2])


        return fibs[-1]
func solution() {
    // Implementation in Go
    fmt.Println(""Hello, World!"")
}","go"
"package main

// Original Python code transformed to Go
// class Solution:
    def findRotateSteps(self, ring: str, key: str) -> int:
        char_pos = defaultdict(set)
        for i, c in enumerate(ring):
            char_pos[c].add(i)
        
        def minStep(fromm, to):
            if fromm == to:
                return 0
            minSteps = abs(fromm - to)
            minSteps = min(minSteps, abs(len(ring) - minSteps))
            return minSteps
        
        n = len(key)
        dp = [0] * len(ring)
        for p in char_pos[key[0]]:
            dp[p] = minStep(0, p)
        prev_char = key[0]
        for c in key[1:]:
            if prev_char == c:
                continue
            for next_pos in char_pos[c]:
                dp[next_pos] = min(dp[prev_pos] + minStep(prev_pos, next_pos) for prev_pos in char_pos[prev_char])
            prev_char = c
        return min(dp[p] for p in char_pos[prev_char]) + len(key)
func solution() {
    // Implementation in Go
    fmt.Println(""Hello, World!"")
}","go"
"package main

// Original Python code transformed to Go
// class Solution:
    def largestValues(self, root: TreeNode) -> List[int]:
        levels = {}
        def dfs(node, level):
            if not node:return
            if level not in levels.keys():levels[level] = [node.val]
            else:levels[level].append(node.val)
            if node.right:dfs(node.right, level+1)
            if node.left:dfs(node.left, level+1)
        dfs(root, 1)
        return ([max(value) for value in levels.values()])
func solution() {
    // Implementation in Go
    fmt.Println(""Hello, World!"")
}","go"
"package main

// Original Python code transformed to Go
// class Solution:
    def longestPalindromeSubseq(self, s: str) -> int:
        memo = {}
        
        def helper(s: str, i: int, j:int, memo: dict):
            if (i,j) in memo:
                return memo[(i,j)]
            
            if i==j:
                memo[(i,j)] = 1
                return 1
            
            if i>j:
                memo[(i,j)] = 0
                return 0
            
            if s[i] == s[j]:
                sub = helper(s, i+1, j-1, memo)
                memo[(i+1,j-1)] = sub
                return sub + 2
            
            left = helper(s, i, j-1, memo)
            memo[(i,j-1)] = left
            right = helper(s, i+1, j, memo)
            memo[(i+1,j)] = right
            return max(left, right)
        
        return helper(s, 0, len(s)-1, memo)
func solution() {
    // Implementation in Go
    fmt.Println(""Hello, World!"")
}","go"
"package main

// Original Python code transformed to Go
// class Solution:
    def findMinMoves(self, machines: List[int]) -> int:
        total = sum(machines)
        if total % len(machines): return -1 # impossible 
        avg = total // len(machines)
        
        ans = prefix = 0
        for i, x in enumerate(machines): 
            ans = max(ans, abs(prefix), x - avg)
            prefix += x - avg
        return ans
func solution() {
    // Implementation in Go
    fmt.Println(""Hello, World!"")
}","go"
"package main

// Original Python code transformed to Go
// class Solution:
    def change(self, amount: int, coins: List[int]) -> int:
        dp = [[0] * (amount + 1) for i in range(len(coins) + 1)]
        for i in range(len(coins) + 1):
            for j in range(amount + 1):
                if j == 0:
                    dp[i][j] = 1
                elif i == 0:
                    dp[i][j] = 0
        for i in range(1 , len(coins) + 1):
            for j in range(1 , amount + 1):
                if coins[i - 1] <= j:
                    dp[i][j] = dp[i - 1][j] + dp[i][j-coins[i - 1]]
                else:
                    dp[i][j] = dp[i - 1][j]
        return dp[-1][-1]
func solution() {
    // Implementation in Go
    fmt.Println(""Hello, World!"")
}","go"
"package main

// Original Python code transformed to Go
// class Solution:

    def __init__(self, m: int, n: int):
        self.cols = n
        self.nums = m * n
        
        self.tail = self.nums - 1
        self.indexes = {}
        

    def flip(self) -> List[int]:
        ind = random.randint(0, self.tail)
        rc = self.indexes.get(ind, ind)
        self.indexes[ind] = self.indexes.get(self.tail, self.tail)
        self.tail -= 1
        
        return [rc // self.cols, rc % self.cols]
        

    def reset(self) -> None:
        self.tail = self.nums - 1
        self.indexes = {}
func solution() {
    // Implementation in Go
    fmt.Println(""Hello, World!"")
}","go"
"package main

// Original Python code transformed to Go
// class Solution:
    def findLUSlength(self, a: str, b: str) -> int:
        if len(a) != len(b):
            return max(len(a), len(b))
        return -1 if a == b else len(a)
func solution() {
    // Implementation in Go
    fmt.Println(""Hello, World!"")
}","go"
"package main

// Original Python code transformed to Go
// class Solution:
    def findLUSlength(self, strs: List[str]) -> int:
        
        def fn(p, s):
            """"""Return True if p is a subsequence of s.""""""
            ss = iter(s)
            return all(ch in ss for ch in p)
        
        ans = -1 
        for i, s in enumerate(strs): 
            for ii in range(len(strs)): 
                if i != ii and len(s) <= len(strs[ii]) and fn(s, strs[ii]): break 
            else: ans = max(ans, len(s))
        return ans
func solution() {
    // Implementation in Go
    fmt.Println(""Hello, World!"")
}","go"
"package main

// Original Python code transformed to Go
// class Solution:
    def checkSubarraySum(self, N: List[int], K: int) -> bool:
    	L, S, s = len(N), set([0]), 0
    	for i in range(L-1):
    		if (N[i]+N[i+1]) == 0 or (K and not (N[i]+N[i+1]) % K): return True
    	if K == 0: return False
    	for n in N:
    		a, s = s, (s + n) % K
    		if s in S and a != s: return True
    		else: S.add(s)
    	return False
		
		
- Junaid Mansuri
(LeetCode ID)@hotmail.com
func solution() {
    // Implementation in Go
    fmt.Println(""Hello, World!"")
}","go"
"package main

// Original Python code transformed to Go
// class Solution:
    def findLongestWord(self, s: str, d: List[str]) -> str:
        def isSubsequence(a: str, b: str) -> bool:
            i = 0
            for c in a:
                if (i := b.find(c, i)) == -1:
                    return False
                i += 1
            return True
        
        heap = [(-len(word), word) for word in d]
        heapq.heapify(heap)
        while heap:
            word = heapq.heappop(heap)[1]
            if isSubsequence(word, s):
                return word
        return ''
func solution() {
    // Implementation in Go
    fmt.Println(""Hello, World!"")
}","go"
"package main

// Original Python code transformed to Go
// class Solution:
    def findMaxLength(self, nums: List[int]) -> int:
        acc = 0  # Stores the value for the current position in the nums

        # Why we have diff_dict?
        # we need to know how many elements before we had the difference value matching the current value at question

        # Example:
        # If at any point we have {0: 15, -1: 14, -2: 13}
        # and we have the acc as -1 on the 16th index, then the sequence must have been
        # 13 14 15 16
        # 1  1  1  0
        # Thus there is a combination that is valid between indexes 15-16
        # Next, if the acc is -2 on 16th index, then the sequence must have been
        # 13 14 15 16 17
        # 1  1  1  0  0
        # Thus there is a larger combination between indexes 14-17
        diff_dict = {0: -1}  # we have -1 here to make start index count
        # if we wouldn't the first starting value wouldn't be included in the calculation

        max_length = 0  # This stores the maximum value result
        for index, num in enumerate(nums):

            # FYI: To make negation of summation work we are saying that 0 is actually -1
            # (we could have easily said 1 is 2 and 0 is -2)
            # The important thing here is that we have something that we can use to count the discrepency.
            if num == 1:
                acc += 1
            else:
                acc -= 1

            if acc in diff_dict:  # There is a specific index that provides the longest subarray with the current acc
                length = index - diff_dict[acc]
                # Thus current index - first index to provide the same difference
                # is the maximum length for an array including the current index
                max_length = max(max_length, length)
            else:
                # We have never encountered an index with such a difference between values,
                # let's just store it for now.
                # If in the future we encounter another one, we will use this as the first one and calculate maximum
                # If the question were to ask for the minimum,
                # then we would update the dict with the newest index independent of whether it exists or not
                diff_dict[acc] = index
        return max_length
func solution() {
    // Implementation in Go
    fmt.Println(""Hello, World!"")
}","go"
"package main

// Original Python code transformed to Go
// class Solution:
    def countArrangement(self, N: int) -> int:        
        n_list = [i+1 for i in range(N)]

        a = 0
        def search_ba(rest_ns, curr_ns):
            if not rest_ns:
                # Found beautiful arrangement
                nonlocal a
                a +=1
                return

            i = len(curr_ns) + 1
            for j in range(len(rest_ns)):
                n = rest_ns[j]
                if (n % i)==0 or (i % n)==0:
                    # Found number from `rest_ns` fit for next position of `curr_ns`
                    search_ba(rest_ns[:j]+rest_ns[j+1:], curr_ns + [n])


        search_ba(n_list, [])
        return a
func solution() {
    // Implementation in Go
    fmt.Println(""Hello, World!"")
}","go"
"package main

// Original Python code transformed to Go
// class Solution:

    def __init__(self, w: List[int]):
        self.prefix = [0]
        for x in w: self.prefix.append(self.prefix[-1] + x)

    def pickIndex(self) -> int:
        r = randint(1, self.prefix[-1])
        return bisect_left(self.prefix, r)-1
func solution() {
    // Implementation in Go
    fmt.Println(""Hello, World!"")
}","go"
"package main

// Original Python code transformed to Go
// class Solution:
    def updateBoard(self, board: List[List[str]], click: List[int]) -> List[List[str]]:
        i, j = click[0], click[1]
        
        # If a mine ('M') is revealed, then the game is over - change it to 'X'.
        if board[i][j] == ""M"":
            board[i][j] = ""X""
        # Else, proceed to *reveal* it.
        else:
            self.reveal(board, i, j)
        
        # Return the updated board.
        return board
    # End of updateBoard(...)
        
        
    def reveal(self, board, i, j):
        
        # We only need to check if the point on the board is an ""E'""
        if board[i][j] == ""E"":
            
            # Count number of adjacent mines
            n_adj_mines = self.countAdjMine(board, i, j)
            
            # If an empty square ('E') *with no adjacent mines is revealed*...
            if n_adj_mines == 0:
                
                # Then change it to revealed blank ('B')...
                board[i][j] = ""B""
                
                # ... and all of its adjacent unrevealed squares should be revealed recursively.
                for di, dj in [(1,0), (1,1), (0,1), (-1,1), (-1,0), (-1,-1), (0,-1), (1,-1)]:
                    newi, newj = i+di, j+dj
                    if 0 <= newi < len(board) and 0 <= newj < len(board[0]):
                        self.reveal(board, newi, newj)
            
            # Else, if an empty square ('E') with at least one adjacent mine is revealed...
            else:
                # If the point contains a digit, we update the digit.
                if board[i][j].isdigit():
                     board[i][j] = str(int(board[i][j]) + n_adj_mines)
                
                # Else if the point is not a digit, we fill it with the digit that
                # represents the number of adjacent mines
                else:
                    board[i][j] = str(n_adj_mines)
    # End of reveal(...)
    
            
    # Helper function to count adjacent mines
    def countAdjMine(self, board, i, j):
        count = 0
        for di, dj in [(1,0), (1,1), (0,1), (-1,1), (-1,0), (-1,-1), (0,-1), (1,-1)]:
            newi, newj = i+di, j+dj
            if 0 <= newi < len(board) and 0 <= newj < len(board[0]):
                if board[newi][newj] == ""M"":
                    count += 1
        return count
    # End of helpr function to count adj mines.
func solution() {
    // Implementation in Go
    fmt.Println(""Hello, World!"")
}","go"
"package main

// Original Python code transformed to Go
// class Solution(object):
    def getMinimumDifference(self, root):
        """"""
        :type root: TreeNode
        :rtype: int
        """"""

        def get_values(values, root):
            if root is not None:
                values.append(root.val)
                values = get_values(values, root.left)
                values = get_values(values, root.right)
            return values

        values_list = get_values([], root)

        if len(values_list) != len(set(values_list)):
            return 0

        values_list.sort()
        minimum_diff = values_list[1] - values_list[0]

        for i in range(1, len(values_list)):
            diff = values_list[i] - values_list[i - 1]
            if diff < minimum_diff:
                minimum_diff = diff

        return minimum_diff
func solution() {
    // Implementation in Go
    fmt.Println(""Hello, World!"")
}","go"
"package main

// Original Python code transformed to Go
// class Solution:
    def findPairs(self, nums: List[int], k: int) -> int:
        ans, seen = set(), set()
        for x in nums: 
            if x - k in seen: ans.add(x)
            if x + k in seen: ans.add(x+k)
            seen.add(x)
        return len(ans)
func solution() {
    // Implementation in Go
    fmt.Println(""Hello, World!"")
}","go"
"package main

// Original Python code transformed to Go
// class Solution:
    def complexNumberMultiply(self, a: str, b: str) -> str:
        k1=a.split('+')
        k2=b.split('+')
        (xa,ya)=(k1[0],k1[1][:-1])
        (xb,yb)=(k2[0],k2[1][:-1])
        return(str(int(xa)*int(xb)+int(ya)*int(yb)*-1)+'+'+str(int(xa)*int(yb)+int(ya)*int(xb))+'i')
func solution() {
    // Implementation in Go
    fmt.Println(""Hello, World!"")
}","go"
"package main

// Original Python code transformed to Go
// class Solution:
    def convertBST(self, root: TreeNode) -> TreeNode:
        val = 0
        node, stack = root, []
        while stack or node: 
            if node: 
                stack.append(node)
                node = node.right
            else: 
                node = stack.pop()
                node.val = val = node.val + val 
                node = node.left 
        return root
func solution() {
    // Implementation in Go
    fmt.Println(""Hello, World!"")
}","go"
"package main

// Original Python code transformed to Go
// class Solution:
    def time2min(self, t):
        return int(t[:2]) * 60 + int(t[3:])
    
    def findMinDifference(self, timePoints: List[str]) -> int:
        
        new = [self.time2min(t) for t in timePoints]
        new.sort()
        offset = 60*24
        new.extend([n+offset for n in new])
        
        diff = []
        for i in range(len(new)-1):
            diff.append(new[i+1] - new[i])
        
        return min(diff)
func solution() {
    // Implementation in Go
    fmt.Println(""Hello, World!"")
}","go"
"package main

// Original Python code transformed to Go
// class Solution:
    def singleNonDuplicate(self, nums: List[int]) -> int:
        return self.helper(nums)
    
    def helper(self, nums):
        if len(nums)==1:
            return nums[0]
        mid = len(nums)//2
        if nums[mid]!=nums[mid-1] and nums[mid]!=nums[mid+1]:
            return nums[mid]
        else:
            if mid%2==0:
                if nums[mid]==nums[mid-1]:
                    return self.helper(nums[:mid-1])
                else:
                    return self.helper(nums[mid:])
            else:
                if nums[mid]==nums[mid-1]:
                    return self.helper(nums[mid+1:])
                else:
                    return self.helper(nums[:mid])
func solution() {
    // Implementation in Go
    fmt.Println(""Hello, World!"")
}","go"
"package main

// Original Python code transformed to Go
// class Solution:
    def reverseStr(self, s: str, k: int) -> str:
        res = ''
        for i in range(len(s)//(2*k)):
            res += s[2*k*i:2*k*i+k][::-1] + s[2*k*i+k:2*k*(i+1)]
        
        remainder = len(s) % (2*k)
        
        if remainder <= k and remainder > 0:
            res += s[-remainder:][::-1]
        elif remainder > k:
            res += s[-remainder:-remainder+k][::-1] + s[-remainder+k:]
        
        return res
func solution() {
    // Implementation in Go
    fmt.Println(""Hello, World!"")
}","go"
"package main

// Original Python code transformed to Go
// class Solution:
    def updateMatrix(self, A: List[List[int]]) -> List[List[int]]:
    	M, N, Q = len(A), len(A[0]), []
    	B = [[0]*N for _ in range(M)]
    	for i,j in itertools.product(range(M),range(N)):
    		if not A[i][j]: continue
    		b = 1
    		for k,l in [[i-1,j],[i,j+1],[i+1,j],[i,j-1]]:
    			if not (k in [-1,M] or l in [-1,N] or A[k][l]): B[i][j], b = 1, 0
    		if b: Q.append((i,j))
    	for a in range(2):
	    	for i,j in Q:
	    		m = math.inf
	    		for k,l in [[i-1,j],[i,j+1],[i+1,j],[i,j-1]]:
	    			if not (k in [-1,M] or l in [-1,N]) and B[k][l] > 0: m = min(m,B[k][l])
	    		if m != math.inf: B[i][j] = m + 1
    		if a == 1: return B
    		Q.reverse()
		
		
- Junaid Mansuri
(LeetCode ID)@hotmail.com
func solution() {
    // Implementation in Go
    fmt.Println(""Hello, World!"")
}","go"
"package main

// Original Python code transformed to Go
// class Solution:
    def diameterOfBinaryTree(self, root: TreeNode) -> int:
        if not root:
            return 0
        return self.dfs(root)[1]
    
    def dfs(self, root):
        if not root:
            return 0, -sys.maxsize
        l_depth, l_diameter = self.dfs(root.left)
        r_depth, r_diameter = self.dfs(root.right)
        
        return max(l_depth, r_depth) + 1, max(l_diameter, r_diameter, l_depth + r_depth)
func solution() {
    // Implementation in Go
    fmt.Println(""Hello, World!"")
}","go"
"package main

// Original Python code transformed to Go
// class Solution:
    def removeBoxes(self, boxes: List[int]) -> int:

        @cache
        def dp(l, r, count = 0):
            if l > r: return 0
            // Initial count for the letter at boxes[l]
            count += 1
            ptr = l + 1
            while ptr <= r and boxes[l] == boxes[ptr]:
                ptr += 1
                count += 1
            points = (count ** 2) + dp(ptr, r)
            for i in range(ptr + 1, r + 1):
                if boxes[l] == boxes[i]:
                    points = max(points, dp(i, r, count) + dp(ptr, i - 1))
            return points

        return dp(0, len(boxes) - 1)
func solution() {
    // Implementation in Go
    fmt.Println(""Hello, World!"")
}","go"
"package main

// Original Python code transformed to Go
// class Solution:
    
    def find(self, x: int) -> int:
        """"""
        C = cities
        
        Time: O(1) amortized time
        """"""
        if self.parents[x] != x:
            self.parents[x] = self.find(self.parents[x])
        return self.parents[x]

    def union(self, x: int, y: int) -> bool:
        """"""
        C = cities
        
        Time: O(1) amortized time
        """"""
        x_rep = self.find(x)
        y_rep = self.find(y)
        
        if x_rep == y_rep:
            return False
        
        if self.ranks[x_rep] > self.ranks[y_rep]:
            self.parents[y_rep] = x_rep
        elif self.ranks[x_rep] < self.ranks[y_rep]:
            self.parents[x_rep] = y_rep
        else:
            self.parents[y_rep] = x_rep
            self.ranks[x_rep] += 1
            
        return True
        
    def findCircleNum(self, isConnected: List[List[int]]) -> int:
        """"""
        C = number of cities
        
        Time: O(C^2)
        - We go over each C^2 pair. The union for each operation is O(1) amortized.
        
        Space: O(2C + logC) = O(C)
        - We keep track of C parents and ranks
        - The find operation will take at most logC recursion space.
        """"""
        total_cities = len(isConnected)
        total_provinces = total_cities

        self.parents = list(range(total_cities))
        self.ranks = [0] * total_cities

        for i in range(total_cities):
            for j in range(total_cities):
                if isConnected[i][j] == 1 and self.union(i, j):
                    total_provinces -= 1

        return total_provinces
func solution() {
    // Implementation in Go
    fmt.Println(""Hello, World!"")
}","go"
"package main

// Original Python code transformed to Go
// class Solution:
    def checkRecord(self, s: str) -> bool:
        a, l = 0, 0
        for i in range(len(s)):
            if s[i] == 'A':
                a += 1
                if l < 3:
                    l = 0
            elif s[i] == 'L':
                if l == 0:
                    l += 1
                elif l > 0 and s[i-1] == 'L':
                    l += 1
                else:
                    l = 0
            else:
                if l < 3:
                    l = 0
            if (a > 1 or l > 2):
                return False
            else:
                pass
        return True
func solution() {
    // Implementation in Go
    fmt.Println(""Hello, World!"")
}","go"
"package main

// Original Python code transformed to Go
// class Solution:
    def checkRecord(self, n: int) -> int:
        self.dp = defaultdict(int)

        self.dp[0] = 1
        self.dp[1] = 2
        self.dp[2] = 4
        self.dp[3] = 7

        self.helper(n)
        total = self.dp[n]

        for i in range(1, n + 1):
            total += self.dp[i - 1] * self.dp[n - i] 

        return total % ((10 ** 9) + 7)

    def helper(self, i):
        if i < 0:
            return 0
        if i in self.dp:
            return self.dp[i]

        self.dp[i] = (2 * self.helper(i - 1) - self.helper(i - 4)) % ((10 ** 9) + 7)
        
        return self.dp[i]
func solution() {
    // Implementation in Go
    fmt.Println(""Hello, World!"")
}","go"
"package main

// Original Python code transformed to Go
// class Solution:
    def optimalDivision(self, nums: List[int]) -> str:
        n=len(nums)
        new=[[(0,"""") for i in range(0,n)] for i in range(0,n)]
        for i in range(0,n):
            new[i][i]=(nums[i],str(nums[i]))
        for i in range(0,n-1):
            for j in range(i+1,n):
                new[i][j]=(new[i][j-1][0]/nums[j],new[i][j-1][1]+""/""+str(nums[j]))
        ans=[(0,"""")]*n
        ans[0]=(nums[0],str(nums[0])
        for i in range(1,n):
            for j in range(0,i):
                if (ans[i][0]<ans[j][0]/new[j+1][i][0]):
                    if i-j>=2:
                        ans[i]=(ans[j][0]/new[j+1][i][0],ans[j][1]+""/""+""(""+new[j+1][i][1]+"")"")
                    else:
                        ans[i]=(ans[j][0]/new[j+1][i][0],ans[j][1]+""/""+new[j+1][i][1])
        return ans[-1][1]
func solution() {
    // Implementation in Go
    fmt.Println(""Hello, World!"")
}","go"
"package main

// Original Python code transformed to Go
// class Solution:
    def leastBricks(self, wall: List[List[int]]) -> int:
        edge = []
        for w in wall: 
            prefix = 0
            for k in range(len(w)-1): 
                prefix += w[k]
                edge.append(prefix)
        
        ans = cnt = 0
        prev = None
        for x in sorted(edge): 
            cnt = 1 if x != prev else cnt+1 # reset counter 
            ans = max(ans, cnt)
            prev = x
        return len(wall) - ans
func solution() {
    // Implementation in Go
    fmt.Println(""Hello, World!"")
}","go"
"package main

// Original Python code transformed to Go
// class Solution:
    def nextGreaterElement(self, n: int) -> int:
    	n = [int(i) for i in str(n)]
    	for i in range(2,len(n)+1):
    		b, f = 1, n[-i]
    		for j in range(1,10-f):
    			if f + j in n[-i+1:]:
    				b = 0
    				break
    		if b == 1: continue
    		n[n.index(f+j,-i)], n[-i] = f, f + j
    		n[-i+1:] = sorted(n[-i+1:])
    		n = int("""".join([str(i) for i in n]))
    		return n if n < 2**31 else -1
    	return -1
		
		
- Junaid Mansuri
(LeetCode ID)@hotmail.com
func solution() {
    // Implementation in Go
    fmt.Println(""Hello, World!"")
}","go"
"package main

// Original Python code transformed to Go
// class Solution:
    def reverseWords(self, s: str) -> str:
        l1=s.split()
        l=[]
        for i in l1:
            c=i[::-1]
            l.append(c)
        for i in l:
            c=' '.join(l)
        return c
            
        ``
func solution() {
    // Implementation in Go
    fmt.Println(""Hello, World!"")
}","go"
"package main

// Original Python code transformed to Go
// class Solution:
    def intersect(self, quadTree1: 'Node', quadTree2: 'Node') -> 'Node':
        if quadTree1.isLeaf and quadTree2.isLeaf:                                    # case 1: both are leaf nodes
            node = Node(quadTree1.val | quadTree2.val, 1, None, None, None, None)
            return node
        elif quadTree1.isLeaf and not quadTree2.isLeaf:                              # case 2: node 1 is leaf node, node 2 is not
            node = Node(0, 0, 
                        self.intersect(quadTree1, quadTree2.topLeft), 
                        self.intersect(quadTree1, quadTree2.topRight), 
                        self.intersect(quadTree1, quadTree2.bottomLeft), 
                        self.intersect(quadTree1, quadTree2.bottomRight))
        elif not quadTree1.isLeaf and quadTree2.isLeaf:                              # case 3: node 2 is leaf node, node 1 is not
            node = Node(0, 0, 
                        self.intersect(quadTree1.topLeft, quadTree2), 
                        self.intersect(quadTree1.topRight, quadTree2), 
                        self.intersect(quadTree1.bottomLeft, quadTree2), 
                        self.intersect(quadTree1.bottomRight, quadTree2))
        else:                                                                        # case 4: neither nodes are leaf 
            node = Node(0, 0, 
                        self.intersect(quadTree1.topLeft, quadTree2.topLeft), 
                        self.intersect(quadTree1.topRight, quadTree2.topRight), 
                        self.intersect(quadTree1.bottomLeft, quadTree2.bottomLeft), 
                        self.intersect(quadTree1.bottomRight, quadTree2.bottomRight))
            
        if node.topLeft.isLeaf and node.topRight.isLeaf and node.bottomLeft.isLeaf \
            and node.bottomRight.isLeaf and node.topLeft.val == node.topRight.val \
            == node.bottomLeft.val == node.bottomRight.val:                          # shrink quad nodes to one leaf node is values in 4 areas are the same
            return Node(node.topLeft.val, 1, None, None, None, None)
        return node
func solution() {
    // Implementation in Go
    fmt.Println(""Hello, World!"")
}","go"
"package main

// Original Python code transformed to Go
// class Solution:
    def maxDepth(self, root: 'Node') -> int:
        
        def dfs(root: 'Node', length: int):
            if root is None:
                return
                
            length += 1
            
            if not root.children:
                result.append(length)
            else:
                for child in root.children:
                    dfs(child, length)
                
        result = []
        dfs(root, length=0)
        
        if not result:
            return 0
        
        return max(result)
func solution() {
    // Implementation in Go
    fmt.Println(""Hello, World!"")
}","go"
"package main

// Original Python code transformed to Go
// class Solution:
    def subarraySum(self, nums: List[int], k: int) -> int:
        
        if len(nums)==0:
            return 0
        rSum=0
        count=0
        res_map={}
        res_map[0]=1
        for i in range(len(nums)):
            rSum+=nums[i]
            
            compliment=rSum-k
            if compliment in res_map:
                count = count + res_map[compliment]
            if rSum in res_map:
                res_map[rSum]=res_map[rSum]+1
            else:
                res_map[rSum]=1
        return count
func solution() {
    // Implementation in Go
    fmt.Println(""Hello, World!"")
}","go"
"package main

// Original Python code transformed to Go
// class Solution:
    def arrayPairSum(self, nums: List[int]) -> int:
        nums.sort()
        return sum(nums[::2])
func solution() {
    // Implementation in Go
    fmt.Println(""Hello, World!"")
}","go"
"package main

// Original Python code transformed to Go
// class Solution:
    def findTilt(self, root: TreeNode) -> int:
        cur_sum = [0]
        def helper(node: TreeNode):
            if not node: return 0
            lt = helper(node.left)
            rt = helper(node.right)
            cur_sum[0] += abs(lt-rt)
            return node.val + lt + rt
        helper(root)
        return cur_sum[0]
func solution() {
    // Implementation in Go
    fmt.Println(""Hello, World!"")
}","go"
"package main

// Original Python code transformed to Go
// class Solution:
    def nearestPalindromic(self, n: str) -> str:
        sz = len(n)
        cand = n[:sz//2] + (n[sz//2] if sz&amp;1 else """") + n[0:sz//2][::-1]
        
        def fn(carry): 
            digits = list(map(int, n))[:(sz+1)//2]
            i = (sz-1)//2
            while i >= 0 and carry: 
                digits[i] += carry 
                carry = digits[i] // 10 
                digits[i] = (digits[i] + 10) % 10 
                i -= 1
            half = (str(carry)+''.join(map(str, digits))).lstrip('0')
            if len(half) < len(digits): return '9'*(sz-1) or '0'
            if len(half) > len(digits): return '1' + '0'*(sz-1) + '1'
            half = half or '0'
            if sz&amp;1: return half + half[:-1:][::-1]
            else: return half + half[::-1]
            
        large = fn(1)
        small = fn(-1)
        # print(cand, ""|"", large, ""|"", small)
        if cand == n: return min(small, large, key=lambda x: (abs(int(x)-int(n)), int(x)))
        return min(cand, large, small, key=lambda x: (abs(int(x)-int(n)), int(x)))
func solution() {
    // Implementation in Go
    fmt.Println(""Hello, World!"")
}","go"
"package main

// Original Python code transformed to Go
// class Solution:
    def arrayNesting(self, nums: List[int]) -> int:
        ans = 0 
        for i in range(len(nums)): 
            cnt = 0
            while nums[i] != -1: 
                cnt += 1
                nums[i], i = -1, nums[i]
            ans = max(ans, cnt)
        return ans
func solution() {
    // Implementation in Go
    fmt.Println(""Hello, World!"")
}","go"
"package main

// Original Python code transformed to Go
// class Solution:
    def matrixReshape(self, mat: List[List[int]], r: int, c: int) -> List[List[int]]:
        newList = []
        
        #convert to 1-D list
        for i in mat:
            for j in i:
                newList.append(j)

        elements = len(newList)        #total no. of elements

        resMat = []
        
        #if the no. of elements of the new required matrix size (r x c) are not equal to total number of elements, we need to return the original matrix
        if r*c != elements:
            return mat
        else:
            for i in range(0,len(newList),c):
                resMat.append(newList[i:i+c])
            return resMat
func solution() {
    // Implementation in Go
    fmt.Println(""Hello, World!"")
}","go"
"package main

// Original Python code transformed to Go
// class Solution:
    def checkInclusion(self, s1: str, s2: str) -> bool:
        d1={}
        d2={}
        if(len(s1)>len(s2)):
            return False
        sl = len(s1)
        left = 0
        right = sl-1
        
        for i in s1:
            if(i not in d1):
                d1[i] = 1
            else:
                d1[i] +=1
        
        for i in range(left,right+1):
            if(s2[i] not in d2):
                d2[s2[i]] = 1
            else:
                d2[s2[i]] +=1
        
        if(d1 == d2):
            return True
            
        while(right < len(s2)-1):
            right+=1
            if(s2[right] not in d2):
                d2[s2[right]] = 1
            else:
                d2[s2[right]] +=1
            
            if(d2[s2[left]] == 1):
                del d2[s2[left]]
            else:
                d2[s2[left]]-=1
            left+=1
            if(d1 == d2):
                return True
            
            
        return False
func solution() {
    // Implementation in Go
    fmt.Println(""Hello, World!"")
}","go"
"package main

// Original Python code transformed to Go
// class Solution:
    
    def isSubtree(self, root: Optional[TreeNode], subRoot: Optional[TreeNode]) -> bool:
        if root is None:
            return False
        
        def add_hash(node):
            if not node:
                return hash('#')
            node.hash = hash(add_hash(node.left) + hash(node.val) + add_hash(node.right))
            return node.hash
        
        add_hash(root)
        add_hash(subRoot)
        return self.rec(root, subRoot)

    def rec(self, root, subRoot):
        if root is None:
            return False
        
        if root.hash == subRoot.hash and self.isEqual(root, subRoot):
                return True
        
        return self.rec(root.left, subRoot) or self.rec(root.right, subRoot)
    
    def isEqual(self, subroot1, subroot2):
        if subroot1 is None or subroot2 is None:
            return subroot1 is None and subroot2 is None
        else:
            return subroot1.val == subroot2.val and self.isEqual(subroot1.left, subroot2.left) and self.isEqual(subroot1.right, subroot2.right)
func solution() {
    // Implementation in Go
    fmt.Println(""Hello, World!"")
}","go"
"package main

// Original Python code transformed to Go
// class Solution:
    def distributeCandies(self, candies: List[int]) -> int:
        average = len(candies) // 2
        kind = len(set(candies))
        if average >= kind :
            return kind
        else:
            return average
func solution() {
    // Implementation in Go
    fmt.Println(""Hello, World!"")
}","go"
"package main

// Original Python code transformed to Go
// class Solution:
    def findPaths(self, m: int, n: int, maxMove: int, startRow: int, startColumn: int) -> int:
        
        @cache
        def fn(i, j, mv): 
            """"""Return out of boundary paths.""""""
            if not (0 <= i < m and 0 <= j < n): return 1 
            if mv == 0: return 0
            return (fn(i-1, j, mv-1) + fn(i, j-1, mv-1) + fn(i, j+1, mv-1) + fn(i+1, j, mv-1)) % 1_000_000_007
        
        return fn(startRow, startColumn, maxMove)
func solution() {
    // Implementation in Go
    fmt.Println(""Hello, World!"")
}","go"
"package main

// Original Python code transformed to Go
// class Solution:
    def findUnsortedSubarray(self, nums: List[int]) -> int:
        sortednums = sorted(nums)
        if sortednums == nums:
            return 0
        start = 0
        end = len(nums)-1
        for i in range(len(nums)):
            if nums[i]!=sortednums[i]:
                start = i
                break
        for i in range(len(nums)-1,0,-1):
            if nums[i]!=sortednums[i]:
                end = i
                break
        return len(nums[start:end+1])
func solution() {
    // Implementation in Go
    fmt.Println(""Hello, World!"")
}","go"
"package main

// Original Python code transformed to Go
// class Solution:
    def minDistance(self, word1: str, word2: str) -> int:
        dp=[[0 for _ in range(len(word2)+1)]for _ in range(len(word1)+1)]
        for i in range(1,len(dp)):
            for j in range(1,len(dp[0])):
                if word1[i-1]==word2[j-1]:
                    dp[i][j]=dp[i-1][j-1]+1
                else:
                    dp[i][j]=max(dp[i][j-1],dp[i-1][j])
        return len(word1)+len(word2)-2*dp[-1][-1]
func solution() {
    // Implementation in Go
    fmt.Println(""Hello, World!"")
}","go"
"package main

// Original Python code transformed to Go
// class Solution:
    def outerTrees(self, trees: List[List[int]]) -> List[List[int]]:
        def clockwise(p1,p2,p3):
            x1,y1=p1
            x2,y2=p2
            x3,y3=p3
            
            return ((y3-y2)*(x2-x1)-(y2-y1)*(x3-x2))
        trees.sort()
        upper=[]
        lower=[]
        for t in trees:
            while len(upper)>1 and clockwise(upper[-2],upper[-1],t)>0:
                upper.pop()
            while len(lower)>1 and clockwise(lower[-2],lower[-1],t)<0:
                lower.pop()
            upper.append(tuple(t))
            lower.append(tuple(t))
            
        return list(set(upper+lower))
func solution() {
    // Implementation in Go
    fmt.Println(""Hello, World!"")
}","go"
"package main

// Original Python code transformed to Go
// class Solution:
    def __init__(self):     # initializing the answer list
        self.ans=[]
		
    def preorder(self, root: 'Node') -> List[int]:
        if not root:             # if leaf Node
            return
        self.ans.append(root.val)   # append the root value
        for i in root.children:    # iterate over every children 
            self.preorder(i)
        return self.ans        # return ans
func solution() {
    // Implementation in Go
    fmt.Println(""Hello, World!"")
}","go"
"package main

// Original Python code transformed to Go
// class Solution:
    def postorder(self, root: 'Node') -> List[int]:
        st = [root]
        l = []
        while st:
            node = st.pop()
            if node:
                l.insert(0,node.val)
                if node.children:
                    for i in node.children:
                        st.append(i)
        return l
func solution() {
    // Implementation in Go
    fmt.Println(""Hello, World!"")
}","go"
"package main

// Original Python code transformed to Go
// class Solution:
    def isValid(self, code: str) -> bool:
        prefix = suffix = False 
        stack = []
        i = 0 
        while i < len(code): 
            if code[i:i+2] == '</': 
                ii = i = i+2
                for i in range(i, len(code)): 
                    if code[i] == '>': break 
                else: return False 
                if i == len(code)-1: suffix = True 
                tag = code[ii:i]
                if not stack or stack[-1] != tag: return False 
                stack.pop()
                if not stack and not suffix: return False 
            elif code[i:i+3] == '<![': 
                ii = i = i+3
                buffer = 1
                for i in range(i, len(code)): 
                    if code[i] == '[': 
                        if buffer: 
                            buffer = 0 
                            if code[ii:i] != ""CDATA"": return False 
                    elif code[i:i+3] == ']]>': 
                        if buffer: return False 
                        break 
                else: return False 
            elif code[i] == '<': 
                ii = i = i+1
                for i in range(i, len(code)): 
                    if code[i] == '>': break 
                else: return False 
                if ii == 1: prefix = True 
                tag = code[ii:i]
                if not (all(map(str.isupper, tag)) and 1 <= len(tag) <= 9): return False 
                stack.append(tag)
            i += 1
        return prefix and suffix and not stack
func solution() {
    // Implementation in Go
    fmt.Println(""Hello, World!"")
}","go"
"package main

// Original Python code transformed to Go
// class Solution:
    def fractionAddition(self, expression: str) -> str:
        n, d = 0, 1
        nums = (int(x) for x in re.findall(""[+-]?\d+"", expression))
        for nn, dd in zip(*[iter(nums)]*2):
            n = n*dd + nn*d
            d *= dd
        g = gcd(n, d)
        return f""{n//g}/{d//g}""
func solution() {
    // Implementation in Go
    fmt.Println(""Hello, World!"")
}","go"
"package main

// Original Python code transformed to Go
// class Solution:
    def validSquare(self, p1: List[int], p2: List[int], p3: List[int], p4: List[int]) -> bool:
    	D = [(i[0]-j[0])**2+(i[1]-j[1])**2 for i,j in itertools.combinations([p1,p2,p3,p4],2)]
    	return False if not D else [D.count(min(D)),D.count(max(D))] == [4,2]
		
		
- Junaid Mansuri
(LeetCode ID)@hotmail.com
func solution() {
    // Implementation in Go
    fmt.Println(""Hello, World!"")
}","go"
"package main

// Original Python code transformed to Go
// class Solution:
    def findLHS(self, nums: List[int]) -> int:
        
        c = Counter(nums)
        res = 0
        for x in set(nums):
            
            less, big = x - 1, x + 1
            if less in c or big in c:
                res = max(res, c[less] + c[x], c[big] + c[x])
        return res
func solution() {
    // Implementation in Go
    fmt.Println(""Hello, World!"")
}","go"
"package main

// Original Python code transformed to Go
// class Solution:
    def maxCount(self, m: int, n: int, ops: List[List[int]]) -> int:
        if not ops:
            return m*n
        return min(op[0] for op in ops)*min(op[1] for op in ops)
func solution() {
    // Implementation in Go
    fmt.Println(""Hello, World!"")
}","go"
"package main

// Original Python code transformed to Go
// class Solution:
    def findRestaurant(self, list1: List[str], list2: List[str]) -> List[str]:
    	D = {j:i for i,j in enumerate(list2)}
    	L = sorted([[i+D[j],j] for i,j in enumerate(list1) if j in D])
    	return [r[1] for r in L if r[0] == L[0][0]]
		
		
- Python 3
- Junaid Mansuri
func solution() {
    // Implementation in Go
    fmt.Println(""Hello, World!"")
}","go"
"package main

// Original Python code transformed to Go
// class Solution:
    def findIntegers(self, n: int) -> int:
        # fn - count of numbers with size of n in bin representation which satisfy the rule
        # for example: fn[3] = 5 => *** = {'000', '001', '010', '100', '101'}
        # fn[2] = 3 => ** = {'00', '01', '10'}
        # fn[6] = {'10****', '0*****'} = fn[4] + fn[5]
        # fn[0] is trick for loop to append 1 to result if max_n has '1' in last bit
        fn = [1, 2, 3, 5, 8, 13, 21, 34, 55, 89, 144, 233, 377, 610, 987, 1597, 2584, 4181, 6765, 10946, 17711, 28657, 46368, 75025, 121393, 196418, 317811, 514229, 832040, 1346269]
        # another words fn is count of numbers which satisfy the rule and less then 2^n for n >= 1
        
        nstr = bin(n)[2:]
        p = nstr.find('11')
        tmp = list(nstr)
        if p >= 0:
            for i in range(p + 1, len(tmp)):
                tmp[i] = '10'[(i - p) % 2]
        
        max_n = ''.join(tmp)
        # max_n - bin representation of max number that satisfy the rule
        # bin(n) = '10011010' -> max_n = '10010101'
        # bin(n) = '1100' -> max_n = '1010'
        
        # main idea:
        #  n = 154 = 10011010 -> max_n = 10010101 = 10000000 + 10000 + 100 + 1
        # 10000000 => {10000000} + {0*******} -> 1 + fn[7] = 35
        # 10000 => {10000} + {0****} - {00000} (just used in prev step) -> 1 + fn[4] - 1 = fn[4] = 8
        # 100 => {100} + {0**} - {000} -> fn[2] = 3
        # 1 or fn[0]
        # ans = 35 + 8 + 3 + 1 = 47
        
        ans = fn[len(max_n) - 1] + 1
        for i in range(2, len(max_n)):
            if max_n[i] == '1':
                ans += fn[len(max_n) - i - 1]
        
        return ans
	```
func solution() {
    // Implementation in Go
    fmt.Println(""Hello, World!"")
}","go"
"package main

// Original Python code transformed to Go
// class Solution:
    def canPlaceFlowers(self, flowerbed: List[int], n: int) -> bool:
        l = None
        for i in range(len(flowerbed)):
            if n>len(flowerbed) or n==0:
                return n==0
            if not flowerbed[i] and not l and (i==len(flowerbed)-1  or (i<len(flowerbed)-1 and not flowerbed[i+1])):
                n-=1
                flowerbed[i] = 1
            l = flowerbed[i]
        return n==0
func solution() {
    // Implementation in Go
    fmt.Println(""Hello, World!"")
}","go"
"package main

// Original Python code transformed to Go
// class Solution:
    def tree2str(self, root: TreeNode) -> str:
        def rec(node: TreeNode) -> str:
            out = str(node.val)
            
            if node.left:
                out += f""({rec(node.left)})""
            elif node.right:
                out += ""()""
                
            if node.right:
                out += f""({rec(node.right)})""
                
            return out
    
        return rec(root)
func solution() {
    // Implementation in Go
    fmt.Println(""Hello, World!"")
}","go"
"package main

// Original Python code transformed to Go
// class Solution:
    def findDuplicate(self, paths: List[str]) -> List[List[str]]:
        mp = {} # mapping from content to file 
        for path in paths: 
            files = path.split()
            for i in range(1, len(files)): 
                f, c = files[i].split(""("")
                mp.setdefault(c[:-1], []).append(files[0] + ""/"" + f) 
        return [x for x in mp.values() if len(x) > 1]
func solution() {
    // Implementation in Go
    fmt.Println(""Hello, World!"")
}","go"
"package main

// Original Python code transformed to Go
// class Solution:
    def triangleNumber(self, nums: List[int]) -> int:
        nums.sort()
        count=0
        for i in range(len(nums)-2):
            k=i+2
            for j in range(i+1,len(nums)-1):
                if nums[i]==0: continue
                while k<len(nums) and nums[i] + nums[j] > nums[k]:
                    k+=1
                count+=k-j-1
        return count
func solution() {
    // Implementation in Go
    fmt.Println(""Hello, World!"")
}","go"
"package main

// Original Python code transformed to Go
// class Solution:
    def mergeTrees(self, root1: TreeNode, root2: TreeNode) -> TreeNode:
        if root1 == root2 == None:
            return None
        
        if root1 and root2 == None:
            return root1
        
        if root2 and root1 == None:
            return root2

        if root1 and root2:
            root = TreeNode(root1.val + root2.val)
            root.left = self.mergeTrees(root1.left, root2.left)
            root.right = self.mergeTrees(root1.right, root2.right)
            return root
func solution() {
    // Implementation in Go
    fmt.Println(""Hello, World!"")
}","go"
"package main

// Original Python code transformed to Go
// class Solution:
    def leastInterval(self, tasks: List[str], n: int) -> int:
        freq = {} # frequency table 
        for x in tasks: freq[x] = 1 + freq.get(x, 0)
        mx = max(freq.values()) # highest frequency
        cnt = sum(v == mx for v in freq.values()) # occurrences of most frequent tasks
        return max(len(tasks), (mx-1)*(n+1) + cnt)
func solution() {
    // Implementation in Go
    fmt.Println(""Hello, World!"")
}","go"
"package main

// Original Python code transformed to Go
// class Solution:
    def addOneRow(self, root: Optional[TreeNode], v: int, d: int) -> Optional[TreeNode]:
        temp=root
        def hii(temp,d):
            
            if d==2 and temp:
                x=TreeNode(v)
                y=TreeNode(v)
                x.left=temp.left
                y.right=temp.right
                temp.left=x
                temp.right=y
                return root
            else:
                if temp:
                    hii(temp.left,d-1)
                    hii(temp.right,d-1)
            return root
        
        if d==1:
            x=TreeNode(v)
            x.left=root
            return x
        
        return hii(temp,d)
func solution() {
    // Implementation in Go
    fmt.Println(""Hello, World!"")
}","go"
"package main

// Original Python code transformed to Go
// class Solution:
    def maximumProduct(self, nums: List[int]) -> int:
        
        nums.sort()
        return max(nums[-1] * nums[-2] * nums[-3], nums[0] * nums[1] * nums[-1])
func solution() {
    // Implementation in Go
    fmt.Println(""Hello, World!"")
}","go"
"package main

// Original Python code transformed to Go
// class Solution:
    def kInversePairs(self, n: int, k: int) -> int:
        curr = [0 for _ in range(k+1)]
        prev = [0 for _ in range(k+1)]
        for i in range(1,n+1):
            value = 0
            for j in range(k+1):
                if j == 0:
                    curr[j] = 1
                    value += prev[j]
                else:
                    if j >= i:
                        value-=prev[j-i]
                    value+=prev[j]
                    curr[j] = value
            curr,prev = prev,curr
        return prev[-1] % (10**9+7)
func solution() {
    // Implementation in Go
    fmt.Println(""Hello, World!"")
}","go"
"package main

// Original Python code transformed to Go
// class Solution:
    def scheduleCourse(self, courses: List[List[int]]) -> int:
        prefix = 0 
        pq = [] # max-heap 
        for x, y in sorted(courses, key=lambda x: x[1]): 
            prefix += x
            heappush(pq, -x)
            while prefix > y: prefix += heappop(pq)
        return len(pq)
func solution() {
    // Implementation in Go
    fmt.Println(""Hello, World!"")
}","go"
"package main

// Original Python code transformed to Go
// class Solution:
    def smallestRange(self, nums: List[List[int]]) -> List[int]:
        hi = -inf
        pq = []
        for i, num in enumerate(nums): 
            heappush(pq, (num[0], i, 0))
            hi = max(hi, num[0])
        
        ans = [-inf, inf]
        while pq: 
            ans = min(ans, [pq[0][0], hi], key=lambda x: (x[1]-x[0], x[0]))
            _, i, j = heappop(pq)
            if j+1 == len(nums[i]): break 
            hi = max(hi, nums[i][j+1])
            heappush(pq, (nums[i][j+1], i, j+1))
        return ans
func solution() {
    // Implementation in Go
    fmt.Println(""Hello, World!"")
}","go"
"package main

// Original Python code transformed to Go
// class Solution:
    def judgeSquareSum(self, c: int) -> bool:
        # Fermat theorem on sum of two squares
        x = 2
        while x*x <= c: 
            if c % x == 0: 
                mult = 0
                while c % x == 0: 
                    mult += 1
                    c //= x
                if x % 4 == 3 and mult &amp; 1: return False 
            x += 1
        return c % 4 != 3
func solution() {
    // Implementation in Go
    fmt.Println(""Hello, World!"")
}","go"
"package main

// Original Python code transformed to Go
// class Solution:
    def exclusiveTime(self, n: int, logs: List[str]) -> List[int]:
        ans = [0] * n
        stk, start = [], None
        for log in logs:
            jid, kw, ts = log.split(':')
            jid, ts = int(jid), int(ts)
            if kw == 'start':
                if stk:
                    ans[stk[-1]] += (ts - start)
                stk.append(jid)
                start = ts
            else:
                ans[stk.pop()] += (ts - start + 1)
                start = ts + 1
        return ans
func solution() {
    // Implementation in Go
    fmt.Println(""Hello, World!"")
}","go"
"package main

// Original Python code transformed to Go
// class Solution:
    def averageOfLevels(self, root: Optional[TreeNode]) -> List[float]:
        lst=[root]
        flst=[]
        avg=[]
        sm,ct=0,0
        while lst:
            x=lst.pop(0)
            sm+=x.val
            ct+=1
            if x.left:
                flst.append(x.left)
            if x.right:
                flst.append(x.right)
            if lst==[]:
                lst=flst[:]
                flst=[]
                av=sm/ct
                avg.append(round(av,5))
                sm=0
                ct=0
        return avg
func solution() {
    // Implementation in Go
    fmt.Println(""Hello, World!"")
}","go"
"package main

// Original Python code transformed to Go
// class Solution:
    def shoppingOffers(self, price: List[int], special: List[List[int]], needs: List[int]) -> int:
        #Approach: At every decision making node, we have an option to choose one of 
        #many available sale special offers! Once we run out of offers to choose from,
        #we will simply have to buy the remaining items needed at regular price described
        #from price array!
        
        #To keep track of the special offer I used so far, I will utilize a boolean array
        #s.t. b_arr[i] = 1 if already used 0 else!
        num_specials = len(special)
        b_arr = [0 for _ in range(num_specials)]
        
        #i will also use nonlocal variable to keep track of amount spent so far!
        #i will periodically update this as I recurse and also when I backtrack!
        amount_spent = 0
        #n will store the original number of items I need to buy!
        n = sum(needs)
        ans = float(inf)
        #paramter:
        #1. rem. total elements to buy!
        #2. array describing number of rem. items by item type!
        def helper(remaining, a):
            nonlocal b_arr, num_specials, amount_spent, ans, special, price
            #base case: rem. items == 0! We reach this base case if we are able to buy
            #every item type according to our needs just from using special offers and not 
            #paying at regular price!
            if(remaining == 0):
                #update answer!
                ans = min(amount_spent, ans)
                return
            
            #if not base case, that means we still have items to buy!
            #consider iterating through each and every special offer! 
            #check that it's available!
            #if available, check that speical offer does not require buying items more than need!
            #If so, deduct amount of items by each item type and update remaining amount
            #and recurse on it!
            #When recursing, restore state of b_arr, amount_spent, as well as array a!
            special_valid = False
            for i in range(num_specials):
                #ith offer already used!
                if(b_arr[i] == 1):
                    continue
                #run a loop to check if ith offer amount to buy never exceeds the
                #current needs!
                is_valid = True
                for j in range(len(a)):
                    #check if ith special offer causes overbuying! If so, set is_valid flag off!
                    if(a[j] < special[i][j]):
                        is_valid = False
                        break
                #check if flag is not set!
                if(not is_valid):
                    continue
                special_valid = True
                #otherwise, if current ith special offer is valid for all item types,
                #go ahead and update remaining items, state of array a, as well as amount spent!
                amount_spent += special[i][-1]
                
                #set the boolean array on to indicate we used up ith offer!
                b_arr[i] = 1
                overall_remaining = remaining
                for b in range(len(a)):
                    a[b] -= special[i][b]
                    overall_remaining -= special[i][b]
                
                #go ahead and recurse!
                helper(overall_remaining, a)
                
                #once we return from rec. call, set the flag back off,
                #update amount spent, as well as state of array a when
                #backtracking to parent caller in recursion!
                b_arr[i] = 0
                #update amount spent!
                amount_spent -= special[i][-1]
                
                for c in range(len(a)):
                    a[c] += special[i][c]
            #check if even a single special offer can be used by using special_valid boolean flag!
            #If not, then we have to buy remaining items and update amount_paid so far! 
            if(not special_valid):
                new_amount_paid = amount_spent
                for d in range(len(a)):
                    if(a[d] > 0):
                        new_amount_paid += (a[d] * price[d])
                ans = min(ans, new_amount_paid)
                        
        
        helper(n, needs)
        #edge case: without using any special offer, buying at regular price might be the best
        #option!
        without = 0
        for z in range(len(price)):
            without += (price[z] * needs[z])
        return min(ans, without)
func solution() {
    // Implementation in Go
    fmt.Println(""Hello, World!"")
}","go"
"package main

// Original Python code transformed to Go
// class Solution:
    def numDecodings(self, s: str) -> int:
        
        @cache 
        def fn(i): 
            """"""Return decode ways.""""""
            if i == len(s): return 1 
            if s[i] == ""0"": return 0 
            if i == len(s)-1: return 9 if s[i] == '*' else 1
            if s[i] == ""*"": 
                ans = 9*fn(i+1)
                if s[i+1] == ""*"": ans += 15*fn(i+2)
                else: 
                    ans += fn(i+2)
                    if s[i+1] <= ""6"": ans += fn(i+2)
            else: 
                ans = fn(i+1)
                if s[i+1] == ""*"": 
                    if s[i] == ""1"": ans += 9*fn(i+2)
                    elif s[i] == ""2"": ans += 6*fn(i+2)
                elif int(s[i:i+2]) <= 26: ans += fn(i+2)
            return ans % 1_000_000_007
        
        return fn(0)
func solution() {
    // Implementation in Go
    fmt.Println(""Hello, World!"")
}","go"
"package main

// Original Python code transformed to Go
// class Solution:
    def solveEquation(self, equation: str) -> str:
        s = ''
        x, i = 0, 0
        rev = False
		
        for c in equation:
            if c in '+-':
				if s:
					i += int(s or 0) * (rev or -1)
                s = c
            elif c == 'x':
                x -= int(s+'1' if s in '+-' else s) * (rev or -1)
                s = ''
            elif c == '=':
			    if s:
					i -= int(s or 0)
					s = ''
                rev = True
            else:
                s += c
        else:
		    if s:
				i += int(s or 0) * (rev or -1)
            return f'x={i//x}' if x else 'No solution' if i else 'Infinite solutions'
func solution() {
    // Implementation in Go
    fmt.Println(""Hello, World!"")
}","go"
"package main

// Original Python code transformed to Go
// class Solution:
    def findMaxAverage(self, nums: List[int], k: int) -> float:
        sums, ans = 0, float(""-inf"")
        i = 0
        for j in range(len(nums)):
            sums += nums[j]
            if j-i+1 == k:
                ans = max(ans, sums)
                sums -= nums[i]
                i = i+1
        return ans / k
func solution() {
    // Implementation in Go
    fmt.Println(""Hello, World!"")
}","go"
"package main

// Original Python code transformed to Go
// class Solution:
    def findErrorNums(self, nums: List[int]) -> List[int]:
        a = Counter(nums)
        Fsm = sum(nums)
        Csm = (len(nums) * (len(nums)+1))//2
        tp = a.most_common(1)
        return [tp[0][0], Csm - (Fsm - tp[0][0])]
func solution() {
    // Implementation in Go
    fmt.Println(""Hello, World!"")
}","go"
"package main

// Original Python code transformed to Go
// class Solution:
def findLongestChain(self, pairs: List[List[int]]) -> int:
    n=len(pairs)
    dp=[1]*n
    pairs=sorted(pairs,key=lambda k:k[0])
    for i in range(1,n):
        for j in range(0,i):
            if pairs[i][0]>pairs[j][1] and dp[i]<dp[j]+1:
                dp[i]=dp[j]+1
    return max(dp)
func solution() {
    // Implementation in Go
    fmt.Println(""Hello, World!"")
}","go"
"package main

// Original Python code transformed to Go
// class Solution:
    def countSubstrings(self, s: str) -> int:
        count = 0
   
        for l in range(len(s)):
            count += Solution.check(l,l,s)
            count += Solution.check(l,l+1,s)
            
        return count
    
    @staticmethod
    def check(l, r, s):
        count = 0
        while(l>=0 and r<len(s)):
            if s[l] == s[r]:
                count +=1
            else:
                break
            l-=1
            r+=1
        return count
func solution() {
    // Implementation in Go
    fmt.Println(""Hello, World!"")
}","go"
"package main

// Original Python code transformed to Go
// class Solution:
    def replaceWords(self, dictionary: List[str], sentence: str) -> str:
        s = sentence.split()
        dictionary.sort(key=lambda x:len(x))
        for i,j in enumerate(s):
            for v in dictionary:
                if j.startswith(v):
                    s[i] = v
                    break
        return ' '.join(s)
func solution() {
    // Implementation in Go
    fmt.Println(""Hello, World!"")
}","go"
"package main

// Original Python code transformed to Go
// class Solution:
    def predictPartyVictory(self, senate: str) -> str:
        d, r = senate.count(""D""), senate.count(""R"")
        killedR, killedD = 0, 0
        deleted = set()
        while d and r:
            for idx,letter in enumerate(senate):
                if idx in deleted: continue
                if letter == ""R"" and killedR == 0:
                    killedD += 1
                    d -= 1
                elif letter == ""D"" and killedD == 0:
                    killedR += 1
                    r -= 1
                elif letter == ""R"" and killedR > 0:
                    deleted.add(idx)
                    killedR -= 1
                else:
                    deleted.add(idx)
                    killedD -= 1
        return ""Dire"" if d else ""Radiant""
func solution() {
    // Implementation in Go
    fmt.Println(""Hello, World!"")
}","go"
"package main

// Original Python code transformed to Go
// class Solution:
    def minSteps(self, n: int) -> int:
        ans=0
        for d in range(2,n+1):
            while n%d==0:
                ans+=d
                n/=d
            if n<d:
                break
        return ans
func solution() {
    // Implementation in Go
    fmt.Println(""Hello, World!"")
}","go"
"package main

// Original Python code transformed to Go
// class Solution:
    def findDuplicateSubtrees(self, root: TreeNode) -> List[TreeNode]:
        
        def fn(node): 
            """"""Return serialized sub-tree rooted at node.""""""
            if not node: return "" ""
            left, right = fn(node.left), fn(node.right)
            srl = "","".join((str(node.val), left, right))
            if seen.get(srl, 0) == 1: ans.append(node)
            seen[srl] = 1 + seen.get(srl, 0)
            return srl
        
        ans, seen = [], {}
        fn(root)
        return ans
func solution() {
    // Implementation in Go
    fmt.Println(""Hello, World!"")
}","go"
"package main

// Original Python code transformed to Go
// class Solution:
    def findTarget(self, root: Optional[TreeNode], k: int) -> bool:
		#Generates node values depth-first from right-to-left
        def dftRtoL(root):
            if root.right: yield from dftRtoL(root.right)
            yield root.val
            if root.left: yield from dftRtoL(root.left)
        
		#Generates node values depth-first from left-to-right
        def dftLtoR(root):
            if root.left: yield from dftLtoR(root.left)
            yield root.val
            if root.right: yield from dftLtoR(root.right)
        
        pl, pr = dftLtoR(root), dftRtoL(root)
        l, r = next(pl), next(pr)
        
		#If the node values are equal then all nodes have been checked and there is no solution
        while l != r:
			#l+r is too small, decrease l
            if l + r < k:
                l = next(pl)
			#l+r is too big, increase r
            elif l + r > k:
                r = next(pr)
			#l+r == k, the solution is found
            else: return True
        return False
func solution() {
    // Implementation in Go
    fmt.Println(""Hello, World!"")
}","go"
"package main

// Original Python code transformed to Go
// class Solution:
    def constructMaximumBinaryTree(self, nums: List[int]) -> TreeNode:
        if nums == []:
            return None
        else:
            node = TreeNode(max(nums))
        node.left = self.constructMaximumBinaryTree(nums[:nums.index(max(nums))])
        node.right = self.constructMaximumBinaryTree(nums[nums.index(max(nums))+1:])
        return node
func solution() {
    // Implementation in Go
    fmt.Println(""Hello, World!"")
}","go"
"package main

// Original Python code transformed to Go
// class Solution:
    def printTree(self, root: TreeNode) -> List[List[str]]:
        ht = lambda node: 1 + max(ht(node.left), ht(node.right)) if node else 0 # height of binary tree 
        m = ht(root) # rows 
        n = 2**m - 1 # columns 
        
        def dfs(node, i, lo=0, hi=n): 
            """"""Populate ans via dfs.""""""
            if not node: return 
            mid = lo + hi >> 1
            ans[i][mid] = str(node.val)
            dfs(node.left, i+1, lo, mid) or dfs(node.right, i+1, mid+1, hi)

        ans = [[""""]*n for _ in range(m)]
        dfs(root, 0)
        return ans
func solution() {
    // Implementation in Go
    fmt.Println(""Hello, World!"")
}","go"
"package main

// Original Python code transformed to Go
// class Solution:
    def judgeCircle(self, moves: str) -> bool:
        x,y=0,0
        for i in range(len(moves)):
            if (moves[i] == 'L'):
                x += 1;
            if (moves[i] == 'R'):
                x -= 1;
            if (moves[i] == 'U'):
                y += 1;
            if (moves[i] == 'D'):
                y -= 1;
        return x==0 and y==0
func solution() {
    // Implementation in Go
    fmt.Println(""Hello, World!"")
}","go"
"package main

// Original Python code transformed to Go
// class Solution:
    def findClosestElements(self, arr: List[int], k: int, x: int) -> List[int]:
        li=[]
        ans=[]
        for i in range(len(arr)):
            diff=abs(arr[i]-x)
            heapq.heappush(li,[diff,arr[i]])
        for i in range(k):
            diff,val=heapq.heappop(li)
            ans.append(val)
        ans.sort()
        return ans
func solution() {
    // Implementation in Go
    fmt.Println(""Hello, World!"")
}","go"
"package main

// Original Python code transformed to Go
// class Solution:
    def isPossible(self, nums: List[int]) -> bool:
        freq = {}
        for x in nums: freq[x] = 1 + freq.get(x, 0) # frequency table of nums
        
        seen = deque()
        for i, x in enumerate(nums):
            if i == 0 or nums[i-1] != x: 
                if (n := freq[x] - freq.get(x-1, 0)) > 0: seen.extend([x]*n)
                elif any(x - seen.popleft() < 3 for _ in range(-n)): return False 
                if not freq.get(x+1, 0) and any(x - seen.popleft() < 2 for _ in range(freq[x])): return False 
        return True
func solution() {
    // Implementation in Go
    fmt.Println(""Hello, World!"")
}","go"
"package main

// Original Python code transformed to Go
// class Solution:
    def imageSmoother(self, M: List[List[int]]) -> List[List[int]]:
        m, n = len(M), len(M[0])
        # Calculate sums in the same row.
        for i in range(m):
            tmp = M[i][0]
            for j in range(1, n):
                value = M[i][j]
                M[i][j - 1] += value
                M[i][j] += tmp
                tmp = value

        # Calculate the sums by columns.
        for j in range(n):
            tmp = M[0][j]
            for i in range(1, m):
                value = M[i][j]
                M[i - 1][j] += value
                M[i][j] += tmp
                tmp = value
        
        # Calulate the number of cells.
        for i in range(m):
            x = 3 - (1 if i == 0 else 0) - (1 if i == m - 1 else 0)
            for j in range(n):
                y = 3 - (1 if j == 0 else 0) - (1 if j == n - 1 else 0)
                M[i][j] //= x * y
        return M
func solution() {
    // Implementation in Go
    fmt.Println(""Hello, World!"")
}","go"
"package main

// Original Python code transformed to Go
// class Solution:
    def widthOfBinaryTree(self, root: TreeNode) -> int:
        if not root:
            return 0
        L=[[root]]
        V=[[0]]
        while L[-1]:
            R=[]
            S=[]
            for i in range(len(L[-1])):
                if L[-1][i].left:
                    S.append(2*V[-1][i])
                    R.append(L[-1][i].left)
                if L[-1][i].right:
                    S.append(2*V[-1][i]+1)
                    R.append(L[-1][i].right)
            V.append(S)
            L.append(R)
        v=[S[-1]-S[0]+1 for S in V if S]
        return max(v)
func solution() {
    // Implementation in Go
    fmt.Println(""Hello, World!"")
}","go"
"package main

// Original Python code transformed to Go
// class Solution:
    def strangePrinter(self, s: str) -> int:
        s = """".join(ch for i, ch in enumerate(s) if i == 0 or s[i-1] != ch)
        
        @cache
        def fn(lo, hi): 
            """"""Return min ops to print s[lo:hi].""""""
            if lo == hi: return 0
            ans = 1 + fn(lo+1, hi)
            for mid in range(lo+1, hi): 
                if s[lo] == s[mid]: 
                    ans = min(ans, fn(lo, mid) + fn(mid+1, hi))
            return ans 
        
        return fn(0, len(s))
func solution() {
    // Implementation in Go
    fmt.Println(""Hello, World!"")
}","go"
"package main

// Original Python code transformed to Go
// class Solution:
    def checkPossibility(self, nums: List[int]) -> bool:
        changes = 0
        for i, j in zip(range(0, len(nums) - 1), range(1, len(nums))):
            if nums[j] < nums[i]:
                lchanges, rchanges = 0, 0
                for x in reversed(range(0, j)):
                    if nums[x] > nums[j]:
                        lchanges += 1
                        if lchanges == 2:
                            break;
                    else:
                        break
                for y in range(j, len(nums)):
                    if nums[y] < nums[i]:
                        rchanges += 1
                        if rchanges == 2:
                            break
                    else:
                        break
                changes += min(lchanges, rchanges)
                if changes >= 2:
                    return False
        return True
func solution() {
    // Implementation in Go
    fmt.Println(""Hello, World!"")
}","go"
"package main

// Original Python code transformed to Go
// class Solution:
    def constructArray(self, n: int, k: int) -> List[int]:
        t=[i for i in range(1,n+1)]
        for j in range(1,k):
            t[j:]=t[j:][::-1]
        return t
func solution() {
    // Implementation in Go
    fmt.Println(""Hello, World!"")
}","go"
"package main

// Original Python code transformed to Go
// class Solution:
    def findKthNumber(self, m: int, n: int, k: int) -> int:
        pq = [(1, 1, 1)]    # Priority queue (table[i][j], i, j)
        seen = set((1,1))   # Visited nodes
        
        # Traverse the first k-1 nodes
        for i in range(1, k):
            # Pop ith smallest node
            cur, a, b = heappop(pq)
            
            # Add right node if it hasn't been seen to pq
            if a < m and (a+1, b) not in seen: 
                heappush(pq, (cur+b, a+1, b))
                seen.add((a+1, b))
            
            # Add left node if it hasn't been seen to pq
            if b < n and (a, b+1) not in seen: 
                heappush(pq, (cur+a, a, b+1))
                seen.add((a, b+1))
        
        # Next node in priority queue is the kth smallest node
        return heappop(pq)[0]
func solution() {
    // Implementation in Go
    fmt.Println(""Hello, World!"")
}","go"
"package main

// Original Python code transformed to Go
// class Solution:
    def trimBST(self, root: TreeNode, L: int, R: int) -> TreeNode:
        # iterative
        if root is None: return None
        
        while root and (root.val < L or root.val > R):
            if root.val < L: root = root.right
            else: root = root.left
        
        lnode = rnode = root
        while lnode.left:
            if lnode.left.val < L:
                lnode.left = lnode.left.right
            else: lnode = lnode.left
        while rnode.right:
            if rnode.right.val > R:
                rnode.right = rnode.right.left
            else: rnode = rnode.right
        return root
func solution() {
    // Implementation in Go
    fmt.Println(""Hello, World!"")
}","go"
"package main

// Original Python code transformed to Go
// class Solution:
    def maximumSwap(self, num: int) -> int:
        num = str(num)
        
        for i in range(len(num)):
            max_number = max([k for k in num[i:]])
            index = max([k for k in range(i, len(num)) if num[k]==max_number])
            
            if int(num[i])<int(max_number):
			    # String does not support item assignment, so using slicing for swapping the elements.
                num = num[:i] + num[index] + num[i+1:index] + num[i] + num[index+1:]
                break
                
        return int(num)
func solution() {
    // Implementation in Go
    fmt.Println(""Hello, World!"")
}","go"
"package main

// Original Python code transformed to Go
// class Solution:
    def findSecondMinimumValue(self, root: TreeNode) -> int:
        if not root.left:
            return -1

        if not root:
            return -1
        left=self.findSecondMinimumValue(root.left)
        right = self.findSecondMinimumValue(root.right)
        if root.right.val>root.val:
            if left==-1:
                return root.right.val
            else:
                return min(left,root.right.val)
        elif root.left.val>root.val:
            if right==-1:
                return root.left.val
            else:
                return min(right,root.left.val)
        else:
            if left==-1:
                return right
            if right==-1:
                return left
            return min(left, right)
func solution() {
    // Implementation in Go
    fmt.Println(""Hello, World!"")
}","go"
"package main

// Original Python code transformed to Go
// class Solution:
    # Operations: O(flip odds), E(flip evens), A(flip all), T(flip 3k + 1), N(flip nothing)
    states = {
        'N': 0b000,
        'A': 0b111,
        'O': 0b101,
        'E': 0b010,
        'T': 0b001,
        'AT': 0b111 ^ 0b001,
        'OT': 0b101 ^ 0b001,
        'ET': 0b010 ^ 0b001,
    }
    steps = {
        0: ['N'],
        1: ['A', 'O', 'E', 'T'],
        2: ['N', 'A', 'O', 'E', 'AT', 'OT', 'ET'],
        3: states.keys(),
    }
    def flipLights(self, n: int, m: int) -> int:
        n, m = min(n, 3), min(m, 3)
        mask = (1 << n) - 1
        ans = set()
        for s in self.steps[m]:
            ans.add((0b111 ^ self.states[s]) &amp; mask)
        return len(ans)
func solution() {
    // Implementation in Go
    fmt.Println(""Hello, World!"")
}","go"
"package main

// Original Python code transformed to Go
// class Solution:
    def findNumberOfLIS(self, nums: List[int]) -> int:
        lis = [[1, 1] for _ in nums] # longest increasing subsequence (length &amp; count)
        for i, x in enumerate(nums): 
            for ii in range(i): 
                if nums[ii] < x: 
                    if lis[ii][0] + 1 > lis[i][0]: lis[i] = [1 + lis[ii][0], lis[ii][1]]
                    elif lis[ii][0] + 1 == lis[i][0]: lis[i][1] += lis[ii][1]
        mx, _ = max(lis, default=(0, 0))
        return sum(y for x, y in lis if x == mx)
func solution() {
    // Implementation in Go
    fmt.Println(""Hello, World!"")
}","go"
"package main

// Original Python code transformed to Go
// class Solution:
    def findLengthOfLCIS(self, nums: List[int]) -> int:
        curlen = 0
        maxlen = 0
        if not nums:
            return 0
        for i in nums:
            if nums[i] < nums[i+1]:
                curlen +=1
                maxlen = curlen
        return maxlen
func solution() {
    // Implementation in Go
    fmt.Println(""Hello, World!"")
}","go"
"package main

// Original Python code transformed to Go
// class Solution:
    def cutOffTree(self, forest: List[List[int]]) -> int:
        a = []
        n = len(forest)
        m = len(forest[0])
        for i in range(n):
            for j in range(m):
                if forest[i][j] > 1:
                    a.append(forest[i][j])
        a.sort()
        
        s = 0
        ux = 0
        uy = 0
        for h in a:
            if forest[ux][uy] == h:
                continue        
            dist = [[None] * m for i in range(n)]
            q = deque()
            q.append((ux, uy))
            dist[ux][uy] = 0
            found = False
            while q and not found:
                ux, uy = q.popleft()
                d = [(-1, 0), (0, 1), (1, 0), (0, -1)]
                for dx, dy in d:
                    vx = ux + dx
                    vy = uy + dy
                    if vx < 0 or vx >= n or vy < 0 or vy >= m:
                        continue
                    if forest[vx][vy] == 0:
                        continue
                    if dist[vx][vy] is None:
                        dist[vx][vy] = dist[ux][uy] + 1
						# It's important to stop here! Otherwise there will be TLE
                        if forest[vx][vy] == h:
                            s += dist[vx][vy]
                            ux = vx
                            uy = vy
                            found = True
                            break
                        q.append((vx, vy))
            if not found:
                return -1
        return s
func solution() {
    // Implementation in Go
    fmt.Println(""Hello, World!"")
}","go"
"package main

// Original Python code transformed to Go
// class Solution:
    def valid(self, s, stack=[]):
        i, l = 0, len(s)
        if not l:
            return True
        
        while i<l:
            c = s[i]
            if c == '(':
                stack.append(c)
                
            elif c == ')':
                if stack and stack[-1] == '(':
                    stack.pop()
                else:
                    return False
                
            else:
                sub = s[i+1:]
                return (self.valid('('+sub, stack[:])
                       or self.valid(')'+sub, stack[:])
                       or self.valid(sub, stack[:]))
            
            i += 1
            
        return True if len(stack)==0 else False
    
    
    def checkValidString(self, s: str) -> bool:
        return self.valid(s)
func solution() {
    // Implementation in Go
    fmt.Println(""Hello, World!"")
}","go"
"package main

// Original Python code transformed to Go
// class Solution:
    def validPalindrome(self, s: str) -> bool:
        n=len(s)
        left,right=0,n-1
        cnt=0
        while left<=right:
            if s[left]==s[right]:
                left+=1
                right-=1
            else:
                if cnt==1:
                    return False
                else:
                    if self.check(s,left+1,right):
                        left+=1
                    elif self.check(s,left,right-1):
                        right-=1
                    else:
                        return False
                    cnt+=1
        return True
    def check(self,s,left,right):
        if s[left:right+1]==s[left:right+1][::-1]:
            return True
        return False
func solution() {
    // Implementation in Go
    fmt.Println(""Hello, World!"")
}","go"
"package main

// Original Python code transformed to Go
// class Solution:
    def calPoints(self, ops: List[str]) -> int:
        res = []
        for i in ops:
            if i == 'C':
                res.pop()
            elif i == 'D':
                x = res[len(res)-1]
                res.append(2*x)
            elif i == '+':
                x = res[len(res) - 1]
                y = res[len(res) - 2]
                res.append(x+y)
            else:
                res.append(int(i))
            
            
        return sum(res)
func solution() {
    // Implementation in Go
    fmt.Println(""Hello, World!"")
}","go"
"package main

// Original Python code transformed to Go
// class Solution:
    def findRedundantConnection(self, edges: List[List[int]]) -> List[int]:
        dict={}
        n=len(edges)
        for i in range(1,n+1):
            dict[i]=i
            
        def find_parent(u):
            if dict[u]==u:
                
                return u
            else:
                a=find_parent(dict[u])
                
                dict[u]=a
                return a
            
        for i,j in edges:
            u=find_parent(i)
            v=find_parent(j)
            
            if u==v:
                return [i,j]
            else:
                dict[v]=u
func solution() {
    // Implementation in Go
    fmt.Println(""Hello, World!"")
}","go"
"package main

// Original Python code transformed to Go
// class Solution:
    def longestUnivaluePathUtil(self, root: TreeNode, maxCounter) -> int:
        counter = 0
        counterChoose = [0]
        if root!=None:
            if root.left!=None:
                temp = self.longestUnivaluePathUtil(root.left, maxCounter) + 1
                if root.val==root.left.val:
                    counterChoose.append(temp)
                    counter+= temp
            if root.right!=None:
                temp = self.longestUnivaluePathUtil(root.right, maxCounter) + 1
                if root.val==root.right.val:
                    counter+= temp
                    counterChoose.append(temp)
        maxCounter[0] = max(maxCounter[0], counter)
        return max(counterChoose)
    def longestUnivaluePath(self, root: TreeNode) -> int:
        maxCounter = [0]
        self.longestUnivaluePathUtil(root, maxCounter)
        return maxCounter[0]
func solution() {
    // Implementation in Go
    fmt.Println(""Hello, World!"")
}","go"
"package main

// Original Python code transformed to Go
// class Solution:
    def __init__(self):
        self.possibleMoves = [(-2,1),(-1,2),(1,2),(2,1),(2,-1),(1,-2),(-1,-2),(-2,-1)]
        self.mem = dict()
        
    def isInside(self, r, c, N):
        if r < 0 or c < 0 or r >= N or c >= N:
            return False
        return True
    
    def Util(self, N, K, r, c):
        if K == 0:
            return 1
        if (K, r, c) in self.mem:
            return self.mem[(K, r, c)]
        total = 0
        for i, j in self.possibleMoves:
            if self.isInside(r + i, c + j, N):
                corMoves = self.Util(N, K - 1, r + i, c + j)
                total += corMoves
        self.mem[(K, r, c)] = total
        return total
    
    def knightProbability(self, N: int, K: int, r: int, c: int) -> float:
        totalPossible = self.Util(N, K, r, c)
        return totalPossible / 8 ** K
func solution() {
    // Implementation in Go
    fmt.Println(""Hello, World!"")
}","go"
"package main

// Original Python code transformed to Go
// class Solution:
    def maxSumOfThreeSubarrays(self, nums: List[int], k: int) -> List[int]:
        n = len(nums)
        curr = sum(nums[:k])
        # groups of sum-k 
        g = [0]*n
        for i in range(n-k+1):
            g[i] = curr
            if i+k < n:
                curr += nums[i+k] - nums[i]
        # pre[i]: the previous group index with maximum sum when i is the center group
        pre = [0]*n
        for i in range(k+1, n-2*k+1):
            pre[i] = pre[i-1] if g[pre[i-1]] >= g[i-k] else i-k
        # after[i]: the next group index with maximum sum when i is the center group
        after = [n-k]*n
        for i in range(n-2*k, k-1, -1):
            after[i] = after[i+1] if g[after[i+1]] > g[i+k] else i+k
        
        # Final iteration: find the maximum total sum with their group index 
        ans = []
        S = 0
        for i in range(k, n-2*k+1):
            curr = g[pre[i]] + g[i] + g[after[i]]
            if curr > S:
                S = curr
                ans = [pre[i], i, after[i]]
        return ans
func solution() {
    // Implementation in Go
    fmt.Println(""Hello, World!"")
}","go"
"package main

// Original Python code transformed to Go
// class Solution(object):
    def getImportance(self, employees, id):
        """"""
        :type employees: Employee
        :type id: int
        :rtype: int
        """"""
        d = dict()
        for node in employees:
            d[node.id] = node
            
        def Importance(node):
            if len(node.subordinates)==0:
                return node.importance
            else:
                S = node.importance
                for _id in node.subordinates:
                    S += Importance(d[_id])
                return S
                
        return Importance(d[id])
func solution() {
    // Implementation in Go
    fmt.Println(""Hello, World!"")
}","go"
"package main

// Original Python code transformed to Go
// class Solution:
    def minStickers(self, stickers: List[str], target: str) -> int:

        stickers = [Counter(s) for s in stickers if set(s)&amp;set(target)]
        dp = {}
        def generate(target):
            if not target: return 0
            if target in dp: return dp[target]
            
            target_counter = Counter(target)
            res = float(""inf"")
            for sticker in stickers:
                if sticker[target[0]] == 0: continue
                tmp = 1 + generate("""".join([letter*count for letter,count in (target_counter-sticker).items()]))

                res = min(res,tmp)
            dp[target] = res
            return res

        res = generate(target)
        return -1 if res == float(""inf"") else res
func solution() {
    // Implementation in Go
    fmt.Println(""Hello, World!"")
}","go"
"package main

// Original Python code transformed to Go
// class Solution:
    def topKFrequent(self, words: List[str], k: int) -> List[str]:
        """"""
        Firstly, we use a Counter to count the frequency of each word within
        words, assigning the outcome as count. Then, for each key, value pair
        in count, a tuple of (value, key) is created, which is subsequently 
        sorted using a lambda of -x[0] (the frequency, sorted high to low), and 
        the lexographical order within the frequency. Finally, the k largest
        values of words are returned.
        
        :param words: the words to be considered. (List[str])
        :param k: the number of words to be considered. (int)
        :return outcome_list: the list containing the outcome. (List[str])
        """"""
        words = ((value, key) for key, value in Counter(words).items())
        words = sorted(words, key=lambda x: (-x[0], x[1]))
        return [value for key, value in words[:k]]
func solution() {
    // Implementation in Go
    fmt.Println(""Hello, World!"")
}","go"
"package main

// Original Python code transformed to Go
// class Solution:
    def hasAlternatingBits(self, n: int) -> bool:
        while True:
            previous_bit = n &amp; 1
            n >>= 1
            if not n:
                return True
            
            current_bit = n &amp; 1
            if previous_bit == current_bit:
                return False
            previous_bit = current_bit
func solution() {
    // Implementation in Go
    fmt.Println(""Hello, World!"")
}","go"
"package main

// Original Python code transformed to Go
// class Solution:
    def maxAreaOfIsland(self, grid: List[List[int]]) -> int:
        def dfs(i,j):
            if i<0 or j<0 or i>=len(grid) or j>=len(grid[0]) or grid[i][j]==0:
                return 0
            grid[i][j]=0
            down = dfs(i+1,j)
            up = dfs(i-1,j)
            right = dfs(i,j+1)
            left = dfs(i,j-1)
            a = 1+(up+down+right+left)
            return a
        ans = 0
        for row in range(len(grid)):
            for col in range(len(grid[0])):
                ans = max(ans,dfs(row,col))
        return ans
func solution() {
    // Implementation in Go
    fmt.Println(""Hello, World!"")
}","go"
"package main

// Original Python code transformed to Go
// class Solution:
    def countBinarySubstrings(self, s: str) -> int:
        group_lens = [len(list(g)) for _, g in groupby(s)]
        return sum(min(a, b) for a, b in zip(group_lens, group_lens[1:]))
func solution() {
    // Implementation in Go
    fmt.Println(""Hello, World!"")
}","go"
"package main

// Original Python code transformed to Go
// class Solution:
    def findShortestSubArray(self, nums: List[int]) -> int:
        d = {}
        m, j, count = 1, [nums[0]], []
        for i in nums:
            if i not in d:
                d[i] = 1
            else:
                d[i] += 1
                if d[i] > m:
                    m = d[i]
                    j = [i]
                elif d[i] == m:
                    j.append(i)
        for i in j:
            count.append(len(nums) - nums[::-1].index(i) - nums.index(i))
        return min(count)
func solution() {
    // Implementation in Go
    fmt.Println(""Hello, World!"")
}","go"
"package main

// Original Python code transformed to Go
// class Solution:
    def canPartitionKSubsets(self, nums: List[int], k: int) -> bool:
        total = sum(nums)
        if total % k: return False 
        
        avg = total // k
        
        @cache
        def fn(x, mask):
            """"""Return True if available elements can be parititioned.""""""
            if x > avg: return False 
            if x == avg: return fn(0, mask)
            if not mask: return True 
            for i in range(len(nums)): 
                if mask &amp; 1<<i and fn(x + nums[i], mask ^ 1<<i): return True 
            return False 
        
        nums.sort(reverse=True)
        return fn(0, (1 << len(nums))-1)
func solution() {
    // Implementation in Go
    fmt.Println(""Hello, World!"")
}","go"
"package main

// Original Python code transformed to Go
// class Solution:
    def fallingSquares(self, positions: List[List[int]]) -> List[int]:
        ans = []
        for i, (x, l) in enumerate(positions): 
            val = 0
            for ii in range(i): 
                xx, ll = positions[ii]
                if xx < x+l and x < xx+ll: val = max(val, ans[ii])
            ans.append(val + l)
        for i in range(1, len(ans)): ans[i] = max(ans[i-1], ans[i])
        return ans
func solution() {
    // Implementation in Go
    fmt.Println(""Hello, World!"")
}","go"
"package main

// Original Python code transformed to Go
// class Solution:
    def searchBST(self, root: Optional[TreeNode], val: int) -> Optional[TreeNode]:
        if not root:
            return None
        
        if root.val == val:
            return root
        
        return self.searchBST(root.left, val) or self.searchBST(root.right, val)
func solution() {
    // Implementation in Go
    fmt.Println(""Hello, World!"")
}","go"
"package main

// Original Python code transformed to Go
// class Solution:
    def insertIntoBST(self, root: TreeNode, val: int) -> TreeNode:
        s = 'right' if val > root.val else 'left'
        if getattr(root, s) is None:
            setattr(root, s, TreeNode(val))
        else:
            self.insertIntoBST(getattr(root, s), val)
        return root
func solution() {
    // Implementation in Go
    fmt.Println(""Hello, World!"")
}","go"
"package main

// Original Python code transformed to Go
// class Solution:
    def search(self, nums: List[int], target: int) -> int:
        low = 0
        high = len(nums)-1
        loc = -1
        while (low <= high):
            mid = (high+low)//2
            if nums[mid] == target:
                return mid
            if nums[mid] > target:
                high = mid-1
            elif nums[mid] < target:
                low = mid+1
        return loc
func solution() {
    // Implementation in Go
    fmt.Println(""Hello, World!"")
}","go"
"package main

// Original Python code transformed to Go
// # Array List Solution

class MyHashSet:

    def __init__(self):
        self.buckets = []

    def add(self, key: int) -> None:
        count = 0
        for x in self.buckets:
            if key in x:
                x += [key]
                count += 1
        if count == 0:
            self.buckets += [[key]]

    def remove(self, key: int) -> None:
        for x in self.buckets:
            while key in x:
                x.remove(key)

    def contains(self, key: int) -> bool:
        for x in self.buckets:
            if key in x:
                return True
        return False
func solution() {
    // Implementation in Go
    fmt.Println(""Hello, World!"")
}","go"
"package main

// Original Python code transformed to Go
// class Solution:
    def toLowerCase(self, s: str) -> str:
        output = ''
        for char in s:
            ascii_index = ord(char)
            if 65 <= ascii_index <= 90:
                output += chr(ascii_index+32)
            else:
                output += char
        return output
func solution() {
    // Implementation in Go
    fmt.Println(""Hello, World!"")
}","go"
"package main

// Original Python code transformed to Go
// class Solution:

    def __init__(self, n: int, blacklist: List[int]):
        # The size of whitelist
        self.white_len = n - len(blacklist)
        # Last index of the array
        self.last_idx = n - 1
        # Mapping dictionary
        self.mapping = {}
        # Set the index of blacklist element all to -1
        for i in blacklist:
            self.mapping[i] = -1
        
        for i in blacklist:
            # skip blacklist
            if i >= self.white_len:
                continue
            while self.last_idx in blacklist:
                self.last_idx -= 1
            self.mapping[i] = self.last_idx
            self.last_idx -= 1

    def pick(self) -> int:
        idx = randint(0,self.white_len-1)
        if idx in self.mapping:
            return self.mapping[idx]
        return idx
func solution() {
    // Implementation in Go
    fmt.Println(""Hello, World!"")
}","go"
"package main

// Original Python code transformed to Go
// class Solution:
    def minimumDeleteSum(self, s1: str, s2: str) -> int:
        @lru_cache(None)
        def getASCII(char):
            return ord(char)
        
        if len(s1) < len(s2):
            s1, s2 = s2, s1
            
        m, n = len(s1), len(s2)
        
        dp = [0]*(n+1)
        
        for i in range(1, n+1):
            dp[i] += dp[i-1] + getASCII(s2[i-1])
            
        for i in range(1, m+1):
            new_dp = [0]*(n+1) 
            new_dp[0] = dp[0] + getASCII(s1[i-1])
            
            for j in range(1, n+1):
                if s1[i-1] == s2[j-1]:
                    new_dp[j] = dp[j-1]
                else:
                    new_dp[j] = min(getASCII(s1[i-1])+dp[j], getASCII(s2[j-1])+new_dp[j-1])
            
            dp = new_dp
        
        return dp[-1]
func solution() {
    // Implementation in Go
    fmt.Println(""Hello, World!"")
}","go"
"package main

// Original Python code transformed to Go
// class Solution:
    def numSubarrayProductLessThanK(self, nums: List[int], k: int) -> int:
       
        # Init
        n = len(nums)
        m = 0 # no. of subarrays
       
        # Base Case
        if k == 0:
            return 0
        
        # Base Case
        if sum(nums) == n:
            return (n)*(n+1)//2 if k > 1 else 0 
        
        # For each element
        for i,num_i in enumerate(nums):
            
            # Calc curr product
            curr_prod = num_i
            
            # Check if is less then k, else continue
            if curr_prod < k:
                m += 1
            else:
                continue
            
            # For each j from i+1 to n-1
            for num_j in nums[i+1:]:
                
                # calc current product
                curr_prod = curr_prod * num_j
                
                # Check if is less then k, else break
                if curr_prod < k:
                    m += 1
                else:
                    break
                    
        return m
func solution() {
    // Implementation in Go
    fmt.Println(""Hello, World!"")
}","go"
"package main

// Original Python code transformed to Go
// class Solution:
    def maxProfit(self, prices: List[int], fee: int) -> int:
        self.dp=[[-1 for i in range(2)] for i in range(50001)]
        return self.dfs(0,0,prices,fee)
    def dfs(self,day,own,prices,fee):
        if day==len(prices):
            return 0
        if self.dp[day][own]!=-1:
            return self.dp[day][own]
        if own:
            p1=prices[day]-fee+self.dfs(day+1,not own,prices,fee)
            p2=self.dfs(day+1,own,prices,fee)
            self.dp[day][own]=max(p1,p2)
        else:
            p1=-(prices[day])+self.dfs(day+1,not own,prices,fee) #here we are sending(not own) bcoz own is 0
            p2=self.dfs(day+1,own,prices,fee)# here we are sending(own) bcoz own is 0
            self.dp[day][own]=max(p1,p2)
        return self.dp[day][own]
func solution() {
    // Implementation in Go
    fmt.Println(""Hello, World!"")
}","go"
"package main

// Original Python code transformed to Go
// class Solution:
    def isOneBitCharacter(self, bits: List[int]) -> bool:
        i = 0
        while i in range(len(bits)):
            if i == len(bits)-1:
                return True
            if bits[i] == 0:
                i += 1
            else:
                i += 2
        return False
func solution() {
    // Implementation in Go
    fmt.Println(""Hello, World!"")
}","go"
"package main

// Original Python code transformed to Go
// class Solution:
    def findLength(self, nums1: List[int], nums2: List[int]) -> int:
        def helper(l):
            base = 1 << 7
            M = 10 **9 + 7
            a = pow(base, l, M)
            t1, t2 = 0, 0
            hashes = set()
            for i in range(len(nums1)):
                t1 = (base * t1 + nums1[i]) % M
                if i >= l:
                    t1 -= a * nums1[i - l]
                    t1 %= M
                if i >= l - 1:
                    hashes.add(t1)
                    
            for j in range(len(nums2)):
                t2 = (base * t2 + nums2[j]) % M
                if j >= l:
                    t2 -= a * nums2[j - l]
                    t2 %= M
                if j >= l - 1:
                    if t2 in hashes: return True
            return False
        
        a, b = 0, min(len(nums1), len(nums2))
        while a < b:
            m = (a + b + 1) // 2
            if helper(m):
                a = m
            else:
                b = m - 1
        return a
func solution() {
    // Implementation in Go
    fmt.Println(""Hello, World!"")
}","go"
"package main

// Original Python code transformed to Go
// class Solution:
    def smallestDistancePair(self, nums: List[int], k: int) -> int:
        nums.sort()
        N = len(nums)

        def less(v):
            """"""number of distances < v""""""
            cnt, left = 0, 0
            for right in range(1, N):
                while left < right and nums[right] - nums[left] >= v:
                    left += 1
                cnt += right - left
            return cnt

        lo, hi = 0, max(nums) - min(nums)
        while lo <= hi:
            v = (lo+hi) // 2
            cnt = less(v)
            if cnt < k:
                lo = v + 1
            else:
                hi = v - 1
        return hi
func solution() {
    // Implementation in Go
    fmt.Println(""Hello, World!"")
}","go"
"package main

// Original Python code transformed to Go
// class Solution:
    def longestWord(self, words: List[str]) -> str:
        words.sort(reverse=True)
        words.sort(key=lambda x : len(x))
        i = len(words)-1
        while i > -1:
            flag = True
            for j in range(1,len(words[i])):
                if words[i][:j] not in words:
                    flag = False
            if flag:
                return words[i]
            i -= 1
        return ''
func solution() {
    // Implementation in Go
    fmt.Println(""Hello, World!"")
}","go"
"package main

// Original Python code transformed to Go
// class Solution:
    def accountsMerge(self, accounts: List[List[str]]) -> List[List[str]]:
        email_to_ids = collections.defaultdict(list)
        visited_accounts = [False]*len(accounts)
        for i, acct in enumerate(accounts):
            for email in acct[1:]:            
                email_to_ids[email].append(i)
        
        res = []
        for id, acct in enumerate(accounts):
            if visited_accounts[id]: 
                continue
            visited_accounts[id] = True
            merged_emails = set()
            stack = acct[1:]
            while stack:
                email = stack.pop()
                merged_emails.add(email)
                for id in email_to_ids[email]:
                    if not visited_accounts[id]: 
                        stack.extend([new_email for new_email in accounts[id][1:] if new_email != email])            
                        visited_accounts[id] = True
            res.append([acct[0]] + sorted(merged_emails))
        return res
func solution() {
    // Implementation in Go
    fmt.Println(""Hello, World!"")
}","go"
"package main

// Original Python code transformed to Go
// class Solution:

    pat1 = re.compile(r""//[^~]*~"")
    pat2 = re.compile(r""/\*.*?\*/"")

    def removeComments(self, source: List[str]) -> List[str]:
        one_line = ""~"".join(source) + ""~""
        idx_pat1 = one_line.find(""//"")
        idx_pat2 = one_line.find(""/*"")

        while -1 < idx_pat1 or -1 < idx_pat2:
            if -1 < idx_pat1 and -1 < idx_pat2:
                if idx_pat1 < idx_pat2:
                    one_line = Solution.pat1.sub(""~"", one_line, 1)
                else:
                    one_line = Solution.pat2.sub("""", one_line, 1)
            elif -1 < idx_pat1:
                one_line = Solution.pat1.sub(""~"", one_line, 1)
            else:
                one_line = Solution.pat2.sub("""", one_line, 1)
            idx_pat1 = one_line.find(""//"")
            idx_pat2 = one_line.find(""/*"")

        return [line for line in one_line.split(""~"") if line]
func solution() {
    // Implementation in Go
    fmt.Println(""Hello, World!"")
}","go"
"package main

// Original Python code transformed to Go
// class Solution:
    def pivotIndex(self, nums: List[int]) -> int:
        if(len(nums) <= 1):
            return 0
        s = sum(nums)
        c = 0
        for i in range(len(nums)):
            if (s - nums[i]) / 2 == c:
                return i
            c += nums[i]
        return -1
func solution() {
    // Implementation in Go
    fmt.Println(""Hello, World!"")
}","go"
"package main

// Original Python code transformed to Go
// class Solution:
    def splitListToParts(self, head: Optional[ListNode], k: int) -> List[Optional[ListNode]]:
        n = 0
        current = head
        while (current):
            n += 1
            current = current.next
        
        parts = []
        for k in range(k, 0, -1):
            partSize = ceil(n / k)
            nextNode = head
            for _ in range(partSize - 1):
                if (not nextNode): break
                nextNode = nextNode.next
            parts.append(head)
            if (nextNode):
                head = nextNode.next
                nextNode.next = None
            n -= partSize
                
        return parts
func solution() {
    // Implementation in Go
    fmt.Println(""Hello, World!"")
}","go"
"package main

// Original Python code transformed to Go
// class Solution:
    def countOfAtoms(self, formula: str) -> str:
        mp = {}
        stack = []
        for i, x in enumerate(formula): 
            if x == ""("": stack.append(i)
            elif x == "")"": mp[stack.pop()] = i
        
        def fn(lo, hi): 
            """"""Return count of atom in a freq table.""""""
            k = lo 
            ans = defaultdict(int)
            while k < hi: 
                cnt = 0 
                if formula[k] == ""("": 
                    freq = fn(k+1, mp[k])
                    k = mp[k] + 1
                    while k < hi and formula[k].isdigit(): 
                        cnt = 10*cnt + int(formula[k])
                        k += 1
                    for key, val in freq.items(): ans[key] += val * max(1, cnt)
                else: 
                    atom = formula[k]
                    k += 1
                    while k < hi and formula[k] != ""("" and not formula[k].isupper(): 
                        if formula[k].isalpha(): atom += formula[k]
                        else: cnt = 10*cnt + int(formula[k])
                        k += 1
                    ans[atom] += max(1, cnt)
            return ans 
        
        
        ans = []
        for k, v in sorted(fn(0, len(formula)).items()): 
            ans.append(k)
            if v > 1: ans.append(str(v))
        return """".join(ans)
func solution() {
    // Implementation in Go
    fmt.Println(""Hello, World!"")
}","go"
"package main

// Original Python code transformed to Go
// class Solution:
    def selfDividingNumbers(self, left: int, right: int) -> List[int]:
    	L = []
    	for i in range(left,right+1):
    		d = list(str(i))
    		m = len(d)
    		if '0' in d:
    			continue
    		j = 0
    		while j < m and i%int(d[j]) == 0:
    			j += 1
    		if j == m:
    			L.append(i)
    	return(L)
		
	- Python 3
	- Junaid Mansuri
func solution() {
    // Implementation in Go
    fmt.Println(""Hello, World!"")
}","go"
"package main

// Original Python code transformed to Go
// # Binary Search Tree Solution -> If exact matching of intervals found then return False
#                                Else you can add this interval to that particular node's left or right
class Node:
    def __init__(self, s, e):
        self.s = s
        self.e = e
        self.left = None
        self.right = None
class MyCalendar:
    def __init__(self):
        self.head = None
        
    def insert(self, s, e, node):
        if s >= node.e:
            if node.right: return self.insert(s, e, node.right)
            else: 
                nn = Node(s, e)
                node.right = nn
                return True
        elif e <= node.s:
            if node.left: return self.insert(s, e, node.left)
            else:
                nn = Node(s, e)
                node.left = nn
                return True
        else: return False
        
    def book(self, s: int, e: int) -> bool:
        if self.head == None:
            nn = Node(s, e)
            self.head = nn
            return True
        return self.insert(s, e, self.head)
func solution() {
    // Implementation in Go
    fmt.Println(""Hello, World!"")
}","go"
"package main

// Original Python code transformed to Go
// class Solution:
    def countPalindromicSubsequences(self, s: str) -> int:
        n = len(s)
        t = [[0 for _ in range(n)] for _ in range(n)]
        
        for g in range(n):
            i = 0
            for j in range(g, n):
                if g == 0:
                    t[i][j] = 1
                elif g == 1:
                    t[i][j] = 2
                else:
                    if s[i] != s[j]:
                        t[i][j] = t[i][j-1] + t[i+1][j] - t[i+1][j-1]
                    else:
                        if s[i:j+1].count(s[i]) == 2:
                            t[i][j] = 2*t[i+1][j-1] + 2
                        elif s[i:j+1].count(s[i]) == 3:
                            t[i][j] = 2*t[i+1][j-1] + 1
                        else:
                            temp = s[i+1:j]
                            x = i + temp.index(s[i]) + 2
                            y = j - temp[::-1].index(s[i]) - 2
                            t[i][j] = 2*t[i+1][j-1] - t[x][y]
                i = i+1
        
        return t[0][n-1]% (10**9 + 7)
func solution() {
    // Implementation in Go
    fmt.Println(""Hello, World!"")
}","go"
"package main

// Original Python code transformed to Go
// class Solution:
    def floodFill(self, image: List[List[int]], sr: int, sc: int, newColor: int) -> List[List[int]]:
        
        rows = len(image)
        cols = len(image[0])
        color_to_change = image[sr][sc]
        
        def dfs(r,c):
            if(r<0 or c<0 or r>rows-1 or c>cols-1 or image[r][c] == newColor or image[r][c]!=color_to_change):
                return
            image[r][c] = newColor
            
            #iterate through all four directions
            dfs(r+1,c)
            dfs(r-1,c)
            dfs(r,c+1)
            dfs(r,c-1)
        
        dfs(sr,sc)
        return image
func solution() {
    // Implementation in Go
    fmt.Println(""Hello, World!"")
}","go"
"package main

// Original Python code transformed to Go
// class Solution:
    def asteroidCollision(self, asteroids: List[int]) -> List[int]:
        ans = []
        for a in asteroids:
            if a > 0:
                ans.append(a)
            else:
                appendFlag = True
                while ans:
                    if ans[-1] < 0:
                        break
                    else:
                        if ans[-1] + a < 0:
                            ans.pop(-1)
                        elif ans[-1] + a == 0:
                            ans.pop(-1)
                            appendFlag = False
                            break
                        else:
                            appendFlag = False
                            break
                if appendFlag:
                    ans.append(a)                    
        return ans
func solution() {
    // Implementation in Go
    fmt.Println(""Hello, World!"")
}","go"
"package main

// Original Python code transformed to Go
// class Solution:
    def evaluate(self, expression: str) -> int:
        loc = {}
        stack = []
        for i, x in enumerate(expression): 
            if x == ""("": stack.append(i)
            elif x == "")"": loc[stack.pop()] = i
        
        def fn(lo, hi, mp): 
            """"""Return value of given expression.""""""
            if expression[lo] == ""("": return fn(lo+1, hi-1, mp)
            i = lo
            vals = []
            while i < hi: 
                if expression[i:i+3] in (""let"", ""add""): 
                    op = expression[i:i+3]
                    i += 3
                elif expression[i:i+4] == ""mult"": 
                    op = ""mult""
                    i += 4
                elif expression[i].isalpha(): 
                    x = """"
                    while i < hi and expression[i].isalnum(): 
                        x += expression[i]
                        i += 1
                    if op in (""add"", ""mult""): vals.append(mp[x])
                elif expression[i].isdigit() or expression[i] == ""-"": 
                    v = """"
                    while i < hi and (expression[i].isdigit() or expression[i] == ""-""): 
                        v += expression[i]
                        i += 1
                    if op == ""let"": mp[x] = int(v)
                    else: vals.append(int(v))
                elif expression[i] == ""("": 
                    v = fn(i+1, loc[i], mp.copy())
                    i = loc[i] + 1
                    if op == ""let"": mp[x] = v
                    else: vals.append(v)
                else: i += 1
            if op == ""let"": return int(v)
            elif op == ""add"": return sum(vals)
            else: return reduce(mul, vals)
            
        return fn(0, len(expression), {})
func solution() {
    // Implementation in Go
    fmt.Println(""Hello, World!"")
}","go"
"package main

// Original Python code transformed to Go
// class Solution:
def monotoneIncreasingDigits(self, n: int) -> int:
    s = str(n)
    for i in range(len(s)-1,0,-1):
        if s[i]<s[i-1]:
            n = n-(int(s[i:])+1)
            s = str(n)
    return n
func solution() {
    // Implementation in Go
    fmt.Println(""Hello, World!"")
}","go"
"package main

// Original Python code transformed to Go
// class Solution:
    def dailyTemperatures(self, temperatures: List[int]) -> List[int]:
        
        N = len(temperatures)
        stack, answer = [], [0 for _ in range(N)]
        for index, value in enumerate(temperatures):
            while stack and stack[-1][1] < value:
                i = stack.pop()[0]
                answer[i] = index-i
            stack.append((index, value))
        return answer
func solution() {
    // Implementation in Go
    fmt.Println(""Hello, World!"")
}","go"
"package main

// Original Python code transformed to Go
// class Solution:
    def deleteAndEarn(self, n: List[int]) -> int:
    	if not n: return 0
    	a, b, C = 0, n.count(1), collections.Counter(n)
    	for i in range(2,max(n)+1): b, a = max(C[i]*i + a, b), b
    	return b
		
- Junaid Mansuri
(LeetCode ID)@hotmail.com
func solution() {
    // Implementation in Go
    fmt.Println(""Hello, World!"")
}","go"
"package main

// Original Python code transformed to Go
// class Solution:
    def cherryPickup(self, grid: List[List[int]]) -> int:
        
        rows = len(grid)
        cols = len(grid[0])
        
        #Go down or go right
        directions = [(1, 0), (0, 1)]
        
        #Enables cache for our dp
        @lru_cache(None)
        def dp(row_1, row_2, col_1, col_2):
            
            #if we hit a wall or we go out of the grid
            if col_1 >= cols or col_2 >= cols or row_1 >= rows or row_2 >= rows or grid[row_1][col_1] == -1 or grid[row_2][col_2] == -1:
                return -inf
            #Pick current cherries
            result = grid[row_1][col_1]
            
            #Do not double cherries if both paths are the same
            if col_1 != col_2 or row_1 != row_2:
                result += grid[row_2][col_2]
            
            # If we are at the end of the grid stop
            if not (row_1 == rows - 1 and col_1 == cols - 1):
                result += max(dp(new_row_1 + row_1, new_row_2 + row_2, new_col_1 + col_1, new_col_2 + col_2) 
                              for new_row_1, new_col_1 in directions
                              for new_row_2, new_col_2 in directions)
            
            return result
        
        ans = dp(0, 0, 0, 0)
        return 0 if ans == -inf else ans
func solution() {
    // Implementation in Go
    fmt.Println(""Hello, World!"")
}","go"
"package main

// Original Python code transformed to Go
// class Solution:
    def networkDelayTime(self, times: List[List[int]], n: int, k: int) -> int:
        d = {}
        graph = [[] for _ in range(n)]
        for i in times:
            d[(i[0]-1,i[1]-1)] = i[2]
            graph[i[0]-1].append(i[1]-1)        
        parent = [-1]*n
        cost = [10**9]*n
        visited = [False]*n
        cost[k-1] = 0
        x = 0
        while x <= n-1:
            m = (-1,10**9)
            for i in range(n):
                if not visited[i] and m[1] > cost[i]:
                    m = (i,cost[i])
            for i,j in enumerate(graph[m[0]]):
                if (m[0],j) in d and cost[j] > cost[m[0]] + d[(m[0],j)]:
                    cost[j] = cost[m[0]] + d[(m[0],j)]
                    parent[j] = m[0]
            visited[m[0]] = True
            x += 1
        return -1 if (max(cost)) == 10**9 else max(cost)
func solution() {
    // Implementation in Go
    fmt.Println(""Hello, World!"")
}","go"
"package main

// Original Python code transformed to Go
// class Solution:
    def nextGreatestLetter(self, letters: List[str], target: str) -> str:
    	t, n = ord(target), list(map(ord,letters))
    	if t >= max(n): return chr(min(n))
    	d = {c : i for i,c in enumerate(n) if c > t}
    	return letters[d[min(d)]]
		
		
- Python 3
- Junaid Mansuri
func solution() {
    // Implementation in Go
    fmt.Println(""Hello, World!"")
}","go"
"package main

// Original Python code transformed to Go
// class Solution:
    def minCostClimbingStairs(self, cost: List[int]) -> int: 
        # Handle empty cost case
        if not cost: return 0
        
        # min_cost is the minimum cost to get to some step i
        min_cost = [0] * len(cost)
        min_cost[0] = cost[0]
        
        # Loop through. At each i, the cost is:
        #   - The cost of that step plus the minimum cost of the two steps before it
        for i in range(1, len(cost)):
            min_cost[i] = cost[i] + min(min_cost[i-1], min_cost[i-2])

        # Return the smaller of the two last steps (since two steps could be taken from the second last step out)
        return min(min_cost[-1], min_cost[-2])
func solution() {
    // Implementation in Go
    fmt.Println(""Hello, World!"")
}","go"
"package main

// Original Python code transformed to Go
// class Solution:
    def dominantIndex(self, nums: List[int]) -> int:
    	M = max(nums)
    	return nums.index(M) if len([0 for i in nums if 2*i <= M]) == len(nums)-1 else -1
		
		
- Python 3
- Junaid Mansuri
func solution() {
    // Implementation in Go
    fmt.Println(""Hello, World!"")
}","go"
"package main

// Original Python code transformed to Go
// class Solution:
    def shortestCompletingWord(self, l: str, w: List[str]) -> str:
        res={}
        lp=l.lower()
        d={}
        for i in lp:
            if i.isalpha():
                d[i]=lp.count(i)
        for i in w:
            j=i.lower()
            c=0
            for k in d.keys():
                if j.count(k)<d[k]:
                    c=1
                    break
            if c==0:
                m=res.get(len(j),[])
                res[len(j)]=m+[j]
        return res[(min(list(res.keys())))][0]
func solution() {
    // Implementation in Go
    fmt.Println(""Hello, World!"")
}","go"
"package main

// Original Python code transformed to Go
// class Solution:
    def containVirus(self, isInfected: List[List[int]]) -> int:

        # return number of walls needed
        def dfs(r, c):

            # return
            if (r, c) in visited or r < 0 or c < 0 or r >= m or c >= n:
                return 0

            # contained cells
            if isInfected[r][c] == -1:
                return 0
            
            # uninfected cells
            if isInfected[r][c] == 0:
                risky.add((r, c))
                return 1
            
            # infected cells
            visited.add((r ,c))
            walls = 0
            if isInfected[r][c] == 1:
                walls += dfs(r+1, c)
                walls += dfs(r-1, c)
                walls += dfs(r, c+1)
                walls += dfs(r, c-1)

            return walls
        
        m, n = len(isInfected), len(isInfected[0])
        total_wall = 0

        while True:
            # store (len(risky), risky, wall, starting points)
            gettingInfected = []
            visited = set()
            for i in range(m):
                for j in range(n):
                    if isInfected[i][j] == 1 and isInfected[i][j] not in visited:
                        risky = set()
                        w = dfs(i, j)
                        gettingInfected.append((-len(risky), risky, w, i, j))

            
            # heapy the gettingInfectious array to get the max len of risky
            heapq.heapify(gettingInfected)

            if not gettingInfected or gettingInfected[0][2] == 0:
                return total_wall

            # mark the infected cells as contained starting from (i, j)
            lr, risky, w, i, j = heapq.heappop(gettingInfected)
            # maybe a dfs for marking the cells?
            queue = collections.deque([(i, j)])
            while queue:
                r, c = queue.pop()
                if r < 0 or c < 0 or r >= m or c >= n or isInfected[r][c] != 1:
                    continue

                isInfected[r][c] = -1

                queue.append((r+1, c))
                queue.append((r-1, c))
                queue.append((r, c+1))
                queue.append((r, c-1))

            # increment the total walls
            total_wall += w
            for area in gettingInfected:
                riskyCells = area[1]
                for cell in riskyCells:
                    r, c = cell
                    isInfected[r][c] = 1
func solution() {
    // Implementation in Go
    fmt.Println(""Hello, World!"")
}","go"
"package main

// Original Python code transformed to Go
// class Solution:
    def openLock(self, deadends: List[str], target: str) -> int:
        mp, queue, vis, ans = Counter(deadends), deque(), Counter(), 0
        
        if mp['0000'] > 0:
            return -1
        queue.append(['0','0','0','0'])
        vis['0000'], len_q = 1, 1
        while len_q:
            ans += 1
            while len_q:
                var = queue.popleft()
                digit = ''.join(var)
                if digit == target:
                    return ans - 1
                for i in range(4):
                    ch = var[i]
                    forw, rev = int(ch) + 1 if int(ch) + 1 < 10 else 9 - int(ch), int(ch) - 1 if int(ch) - 1 >= 0 else 9 + int(ch)
                    for direction in [forw, rev]:
                        var[i] = str(direction)
                        digit = ''.join(var)
                        if mp[digit] == 0 and vis[digit] == 0:
                            queue.append([d for d in digit])
                            vis[digit] = 1
                    var[i] = ch
                len_q -= 1
            len_q = len(queue)
        return -1
func solution() {
    // Implementation in Go
    fmt.Println(""Hello, World!"")
}","go"
"package main

// Original Python code transformed to Go
// class Solution:
    def crackSafe(self, n: int, k: int) -> str:

        total = k**n-1
        start = '0' * n
        visited = set()
        visited.add('0' * n)
        self.ans = '0' * n

        def dfs(total,start):
            if total == 0: 
                return True
            for i in range(k):
                last = start[1:n]
                #print(last+str(i))
                end = last+str(i)
                if end not in visited:
                    visited.add(end)
                    total = total-1
                    self.ans = self.ans+str(i)
                    if dfs(total, end):
                        return True
                    else:
                        visited.remove(end)
                        total = total+1
                        self.ans = self.ans[:-1]
                        #print(""l"")
            return False

        dfs(total,start)
        return self.ans
func solution() {
    // Implementation in Go
    fmt.Println(""Hello, World!"")
}","go"
"package main

// Original Python code transformed to Go
// class Solution:
    def reachNumber(self, target: int) -> int:
        t = abs(target)
        n = int(((1+8*t)**.5-1)/2)
        LT = n*(n+1)//2
        if LT == t: return n
        if (LT + n + 1 - t) % 2 == 0: return n + 1
        return n + 3 - n % 2
			
			
	- Python 3
	- Junaid Mansuri
func solution() {
    // Implementation in Go
    fmt.Println(""Hello, World!"")
}","go"
"package main

// Original Python code transformed to Go
// class Solution:
    def pyramidTransition(self, bottom: str, allowed: List[str]) -> bool:
        mem = dict()
        mem2 = set()
        for a in allowed:
            if a[:2] not in mem:
                mem[a[:2]] = list()
            
            mem2.add(a[0])

            mem[a[:2]].append(a[-1])
        
        n = len(bottom)

        def helper(cur_sol, i, j):
            if i == n:
                return True
            
            l, r = cur_sol[i - 1][j], cur_sol[i - 1][j + 1]
            if l + r in mem:
                for candidate in mem[l + r]:
                    if j == 0 or (j > 0 and cur_sol[i][j - 1] + candidate in mem):
                        if j == n - i - 1 or (j < n - i - 1 and candidate in mem2):
                            cur_sol[i].append(candidate)
                            if j < n - i - 1:
                                next_i, next_j = i, j + 1
                            else:
                                next_i, next_j = i + 1, 0
                            if helper(cur_sol, next_i, next_j):
                                return True

                            cur_sol[i].pop()

            return False

        cur_sol = [list(bottom)] + [list() for _ in range(n - 1)]
        return helper(cur_sol, 1, 0)
func solution() {
    // Implementation in Go
    fmt.Println(""Hello, World!"")
}","go"
"package main

// Original Python code transformed to Go
// class Solution:
    def intersectionSizeTwo(self, A: List[List[int]]) -> int:
        A.sort(key=lambda x:(x[1],-x[0]))
        ans = []
        ans.append(A[0][1]-1)
        ans.append(A[0][1])
        n = len(A)
        # print(A)
        for i in range(1,n):
            if A[i][0]>ans[-1]:
                ans.append(A[i][1]-1)
                ans.append(A[i][1])
            elif A[i][0]>ans[-2]:
                ans.append(A[i][1])
        # print(ans)
        return len(ans)
func solution() {
    // Implementation in Go
    fmt.Println(""Hello, World!"")
}","go"
"package main

// Original Python code transformed to Go
// class Solution:
    def makeLargestSpecial(self, s: str) -> str:
        
        def fn(lo, hi): 
            if lo == hi: return """"
            vals = []
            ii, prefix = lo, 0
            for i in range(lo, hi):
                prefix += 1 if s[i] == ""1"" else -1 
                if prefix == 0: 
                    vals.append(""1"" + fn(ii+1, i) + ""0"")
                    ii = i+1
            return """".join(sorted(vals, reverse=True))
        
        return fn(0, len(s))
func solution() {
    // Implementation in Go
    fmt.Println(""Hello, World!"")
}","go"
"package main

// Original Python code transformed to Go
// class Solution:
    def countPrimeSetBits(self, left: int, right: int) -> int:
        count=0
        s=[2,3,5,7,11,13,17,19,23,29,31]
        for i in range(left,right+1):
            if(bin(i).count('1') in s):
                count+=1
        return count
func solution() {
    // Implementation in Go
    fmt.Println(""Hello, World!"")
}","go"
"package main

// Original Python code transformed to Go
// class Solution:
    def partitionLabels(self, s: str) -> List[int]:
        
        # calculate last window index of each character in string
        # This will help to define the current window boundary
        last_idx = {c:i for i,c in enumerate(s)}    
                
        # Start with window size 1             
        res = [1]
        # define the boundary based on first character
        end = last_idx[s[0]]     
        
        # Following loop is similar to merge intervals
        # start the loop at index 1
        for i in range(1, len(s)):            
            if i <= end:
                # update current window boundary
                # and also the current window length
                end = max(end, last_idx[s[i]])
                res[-1] += 1
            else:
                # add the next window 
                res.append(1)
                end = last_idx[s[i]]
        
        return res
func solution() {
    // Implementation in Go
    fmt.Println(""Hello, World!"")
}","go"
"package main

// Original Python code transformed to Go
// class Solution:
    def orderOfLargestPlusSign(self, n: int, mines: List[List[int]]) -> int:
        dp = [[n] * n for _ in range(n)]
        for i, j in mines:
            dp[i][j] = 0
        
        for i in range(n):
            left = up = right = down = 0
            for j in range(n):
                if dp[i][j] == 0:
                    left = 0
                else:
                    left += 1
                    dp[i][j] = min(dp[i][j], left)
                
                if dp[j][i] == 0:
                    up = 0
                else:
                    up += 1
                    dp[j][i] = min(dp[j][i], up)
                
                j = ~j
                if dp[i][j] == 0:
                    right = 0
                else:
                    right += 1
                    dp[i][j] = min(dp[i][j], right)
                
                if dp[j][i] == 0:
                    down = 0
                else:
                    down += 1
                    dp[j][i] = min(dp[j][i], down)
        
        return max(val for row in dp for val in row)
func solution() {
    // Implementation in Go
    fmt.Println(""Hello, World!"")
}","go"
"package main

// Original Python code transformed to Go
// class Solution:
    def minSwapsCouples(self, row: List[int]) -> int:
        d = {v: k for k, v in enumerate(row)} # get the number->position dictionary
        count = 0
        for i in range(0, len(row), 2):
            pair = row[i]^1 # use XOR to find pair number
            if row[i+1] == pair: continue
            pos = d[pair]
            row[i+1], row[pos] = row[pos], row[i+1] # find the pair of row[i]
            d[row[pos]] = pos # update row[pos] position in dictionary
            count += 1
        return count
func solution() {
    // Implementation in Go
    fmt.Println(""Hello, World!"")
}","go"
"package main

// Original Python code transformed to Go
// class Solution:
    def isToeplitzMatrix(self, matrix: List[List[int]]) -> bool:
        for i in range(1 ,len(matrix)):
            for j in range(1, len(matrix[0])):
                if matrix[i - 1][j - 1] != matrix[i][j]:
                        return False
        return True
func solution() {
    // Implementation in Go
    fmt.Println(""Hello, World!"")
}","go"
"package main

// Original Python code transformed to Go
// class Solution:
    def reorganizeString(self, S: str) -> str:
        L, A, m, B = len(S), [0]*len(S), 1-len(S) % 2, []
        for k,v in collections.Counter(S).most_common(): B += k*v
        for i,c in enumerate(B):
            I = (2*i + (2*i >= L)*m) % L
            A[I] = c
            if I != 0 and A[I-1] == c: return ''
        return """".join(A)
		
		
- Junaid Mansuri
func solution() {
    // Implementation in Go
    fmt.Println(""Hello, World!"")
}","go"
"package main

// Original Python code transformed to Go
// class Solution:
    def maxChunksToSorted(self, arr: List[int]) -> int:
        n=len(arr)
        que=[]
        res=0
        for i in range(n-1,-1,-1):
            if not que or arr[i]<=que[0]:
                que.insert(0,arr[i])
                res+=1
            else:
                a=bisect_left(que,arr[i])
                if len(que)-1-a<0:
                    que=que[0:1]
                    res=1
                elif a-1!=0:
                    res=len(que)-a+1
                    que=que[0:1]+que[a:]
        return res
func solution() {
    // Implementation in Go
    fmt.Println(""Hello, World!"")
}","go"
"package main

// Original Python code transformed to Go
// class Solution:
    def maxChunksToSorted(self, arr: List[int]) -> int:
        largest_chunk=0
        start=0
        for i in range(len(arr)):
            visited=[False]*len(arr)
            for j in range(start,i+1):
                visited[arr[j]]=True
            if all(visited[start:i+1]):
                largest_chunk+=1
                start=i+1
        return largest_chunk
func solution() {
    // Implementation in Go
    fmt.Println(""Hello, World!"")
}","go"
"package main

// Original Python code transformed to Go
// class Solution:
    def numJewelsInStones(self, jewels: str, stones: str) -> int:
        count = 0
        for s in jewels:
            count += stones.count(s)
        return count
func solution() {
    // Implementation in Go
    fmt.Println(""Hello, World!"")
}","go"
"package main

// Original Python code transformed to Go
// class Solution:
    def slidingPuzzle(self, board: List[List[int]]) -> int:
        board = board[0] + board[1] # flatten into vector 
        
        ans = 0 
        seen = set([tuple(board)])
        queue = [board]
        while queue: 
            newq = []
            for x in queue: 
                if x == [1,2,3,4,5,0]: return ans 
                k = x.index(0)
                for kk in (k-1, k+1, k-3, k+3): 
                    if 0 <= kk < 6 and (k, kk) not in ((2, 3), (3, 2)):
                        xx = x.copy()
                        xx[k], xx[kk] = xx[kk], xx[k]
                        if tuple(xx) not in seen: 
                            seen.add(tuple(xx))
                            newq.append(xx)
            queue = newq 
            ans += 1
        return -1
func solution() {
    // Implementation in Go
    fmt.Println(""Hello, World!"")
}","go"
"package main

// Original Python code transformed to Go
// class Solution:
    def isIdealPermutation(self, A: List[int]) -> bool:
        m=float('inf')
        for i in range(len(A)-1,1,-1):
            m=min(m,A[i])
            if A[i-2]>m:
                return False
        return True
func solution() {
    // Implementation in Go
    fmt.Println(""Hello, World!"")
}","go"
"package main

// Original Python code transformed to Go
// class Solution:
    def canTransform(self, start: str, end: str) -> bool: 
        ret_0 = collections.defaultdict(int)
        ret_1 = collections.defaultdict(int)
        lst_0, lst_1 = [[]]*2
        r0, r1 = [""""]*2 
        i = 0
        while i < len(start):
            if start[i] in ""LR"":
                ret_0[start[i]] += 1
                r0 += start[i]
            if end[i] in ""LR"":
                ret_1[end[i]] += 1
                r1 += end[i]
            if ret_0[""R""] >= ret_1[""R""] and ret_0[""L""] <= ret_1[""L""]:
                pass
            else:
                return False
            i += 1
                 
        return True if r0 == r1 else False
func solution() {
    // Implementation in Go
    fmt.Println(""Hello, World!"")
}","go"
"package main

// Original Python code transformed to Go
// class Solution:
    def swimInWater(self, grid) -> int:
        rows = len(grid)
        cols = len(grid[0])
        T = [[float('-inf') for _ in range(cols)] for _ in range(rows)]
        stack = [(grid[0][0], 0,0)]

        visited = {}

        while stack:
            time,x,y = heapq.heappop(stack)
            nei = [(1,0), (-1,0), (0,1),(0,-1)]
            for dx,dy in nei:
                nx, ny = x+dx, y+dy
                if (nx,ny) not in visited and nx >= 0 and nx < rows and ny >= 0 and ny < cols:
                    T[nx][ny] = max(grid[nx][ny], time)
                    visited[(nx,ny)] = True
                    if nx == rows-1 and ny == cols-1:
                        return T[-1][-1]
                    heapq.heappush(stack, (max(grid[nx][ny], time), nx, ny))

        return T[-1][-1]
func solution() {
    // Implementation in Go
    fmt.Println(""Hello, World!"")
}","go"
"package main

// Original Python code transformed to Go
// class Solution:
    def kthGrammar(self, N: int, K: int) -> int:
        memo = {(1,1): 0}
        def helper(n,k):
            if (n,k) in memo: 
                return memo[(n,k)]
                
            if k==1: return 0
            
            t = helper(n-1, math.ceil(k/2))
            if t==0:
                if k%2==0: return 1
                else: return 0
                
            if t==1:
                if k%2==0: return 0
                else: return 1
                
        return helper(N,K)
func solution() {
    // Implementation in Go
    fmt.Println(""Hello, World!"")
}","go"
"package main

// Original Python code transformed to Go
// class Solution:
    def reachingPoints(self, sx: int, sy: int, tx: int, ty: int) -> bool:
        # if both of sx, sy are even, only evens can be generated, but not all evens can be generated 
        # as such, if you have any odds only in the end target, return false 
        if (sx % 2 == sy % 2 == 0) and ((tx % 2 != 0) or (ty % 2 != 0)) : 
            return False 
        # or if you have matches that are exactly equal, return True 
        elif (sx == sy == tx == ty) or (sx == tx and sy == ty) : 
            return True
        else : 
            # otherwise, return the euclidean gcd procession 
            return self.euclidean_gcd(sx, sy, tx, ty)

    def euclidean_gcd(self, sx, sy, tx, ty) : 
        # loop while tx and ty are greater than or equaal to their target 
        # count = 0 
        # loop zero printing can be commented out 
        # self.print_euclidean_progression(sx, sy, tx, ty, count)
        while (tx >= sx) and (ty >= sy) :
            # if these are equal to each other, break 
            if tx == ty : 
                break
            # otherwise, depending on which is larger 
            elif tx > ty : 
                # if the other target is above their start still 
                if ty > sy : 
                    # modulo reduction to remainder 
                    tx %= ty 
                else : 
                    # if it is at the target, return the modulo result for gcd 
                    return (tx - sx) % ty == 0 
            else : 
                # see above section for logic breakdown 
                if tx > sx : 
                    ty %= tx 
                else : 
                    return (ty - sy) % tx == 0 
            # increment count 
            # count += 1 
            # loop repeats with new values 
            # self.print_euclidean_progression(sx, sy, tx, ty, count)
        # either you broke early due to tx == ty or you completed thee loop when they are less than the valuation 
        # could still be the case that sx == tx and sy == ty 
        # handled by above edge cases for non-loop progression variant 
        # return (sx == tx and sy == ty)
        return False 
    
    def print_euclidean_progression(self, sx, sy, tx, ty, count) : 
        print(""At count "", count, "" the values of sx, sy are "", (sx, sy), "" and the values of tx, ty are "", (tx, ty))
func solution() {
    // Implementation in Go
    fmt.Println(""Hello, World!"")
}","go"
"package main

// Original Python code transformed to Go
// class Solution:
    def numRabbits(self, answers: List[int]) -> int:
        ans = 0
        cnt = defaultdict(int)
        for x in answers: 
            if not cnt[x] % (1 + x): ans += 1 + x # reached capacity &amp; update ans
            cnt[x] += 1
        return ans
func solution() {
    // Implementation in Go
    fmt.Println(""Hello, World!"")
}","go"
"package main

// Original Python code transformed to Go
// class Solution:
    def movesToChessboard(self, board: List[List[int]]) -> int:
        n = len(board)
        
        def fn(vals): 
            """"""Return min moves to transform to chessboard.""""""
            total = odd = 0 
            for i, x in enumerate(vals): 
                if vals[0] == x: 
                    total += 1
                    if i&amp;1: odd += 1
                elif vals[0] ^ x != (1 << n) - 1: return inf
            ans = inf 
            if len(vals) <= 2*total <= len(vals)+1: ans = min(ans, odd)
            if len(vals)-1 <= 2*total <= len(vals): ans = min(ans, total - odd)
            return ans 
        
        rows, cols = [0]*n, [0]*n
        for i in range(n): 
            for j in range(n): 
                if board[i][j]: 
                    rows[i] ^= 1 << j 
                    cols[j] ^= 1 << i
        ans = fn(rows) + fn(cols)
        return ans if ans < inf else -1
func solution() {
    // Implementation in Go
    fmt.Println(""Hello, World!"")
}","go"
"package main

// Original Python code transformed to Go
// class Solution:
    def minDiffInBST(self, root: TreeNode) -> int:
        low = []
        def inorder (root):
            if root is None:
                return 
            inorder(root.left)
            low.append(root.val)
            inorder(root.right)
        inorder(root)
        print(low)
        return min(low[i+1] - low[i]
                   for i in range(len(low) - 1))
func solution() {
    // Implementation in Go
    fmt.Println(""Hello, World!"")
}","go"
"package main

// Original Python code transformed to Go
// class Solution:
    def letterCasePermutation(self, S: str) -> List[str]:
        
        # ending condition
        if len(S)==1:
            if S.isdigit(): return [S]
            else: return [S.lower(), S.upper()]
        
        first_char, remain = S[0], S[1:]
        remain_permutation = self.letterCasePermutation(remain)
        # if digit
        if first_char.isdigit():
            return [str(first_char) + item for item in remain_permutation]
        # if letter
        else:
            return [first_char.lower() + item for item in remain_permutation] + [first_char.upper() + item for item in remain_permutation]
func solution() {
    // Implementation in Go
    fmt.Println(""Hello, World!"")
}","go"
"package main

// Original Python code transformed to Go
// class Solution:
    def isBipartite(self, graph: List[List[int]]) -> bool:      
        colors = [0]*len(graph)                         # 0: no color, 1: red, -1: green

        def dfs(node: int, node_color: int) -> bool:    # node: current node, node_color: current node's color
            if colors[node] != 0:                       # if current node was already colored
                return colors[node] == node_color       # return True if current node was colored the same
            
            colors[node] = node_color                   # color current node
            for neighbor in graph[node]:                # iterate current node's neighbor nodes
                if not dfs(neighbor, -1*node_color):    # DFS neighbor nodes with different color
                    return False                        # return False if neighbors are non-bipartite (short-circuit)
            return True

        for node in range(len(graph)):
            if colors[node] == 0 and not dfs(node, 1):  # iterate for nodes that are not connected 
                return False                            # return False if a connected nodes are non-bipartite (short-circuit)
            
        return True
func solution() {
    // Implementation in Go
    fmt.Println(""Hello, World!"")
}","go"
"package main

// Original Python code transformed to Go
// class Solution:
    def kthSmallestPrimeFraction(self, arr: List[int], k: int) -> List[int]:
        pq = [(arr[i]/arr[-1], i, -1) for i in range(len(arr)-1)]
        for _ in range(k): 
            _, i, j = heappop(pq)
            if i - j + 1 < len(arr): heappush(pq, (arr[i]/arr[j-1], i, j-1))
        return [arr[i], arr[j]]
func solution() {
    // Implementation in Go
    fmt.Println(""Hello, World!"")
}","go"
"package main

// Original Python code transformed to Go
// class Solution:
    def findCheapestPrice(self, n: int, flights: List[List[int]], src: int, dst: int, K: int) -> int:
        dist_price = [float('inf') for _ in range(n)]
        dist_price[src]=0
        
        for source,dest,cost in flights:
            if src==source:
                dist_price[dest] = cost
        
        for times in range(0,K):
            
            temp = [*dist_price]
            
            for srce,dest,cost in flights:
                temp[dest] = min(temp[dest] , cost + dist_price[srce])
            dist_price = temp
        
        if dist_price[dst] == float('inf'):
            return -1
        return dist_price[dst]
func solution() {
    // Implementation in Go
    fmt.Println(""Hello, World!"")
}","go"
"package main

// Original Python code transformed to Go
// class Solution:
    def escapeGhosts(self, ghosts: List[List[int]], target: List[int]) -> bool:
        l = [abs(ghost[0]-target[0])+abs(ghost[1]-target[1]) for ghost in ghosts]
        return min(l)>abs(target[0])+abs(target[1])
func solution() {
    // Implementation in Go
    fmt.Println(""Hello, World!"")
}","go"
"package main

// Original Python code transformed to Go
// class Solution:
    def numTilings(self, N: int) -> int:
        f0, f1, f2 = 0, 1, 1
        for i in range(N-1): f0, f1, f2 = f1, f2, (2*f2 + f0) % 1_000_000_007
        return f2
func solution() {
    // Implementation in Go
    fmt.Println(""Hello, World!"")
}","go"
"package main

// Original Python code transformed to Go
// class Solution:
    def customSortString(self, S: str, T: str) -> str:
        letter_count = collections.Counter(T)
        other_letters = set(string.ascii_lowercase) - set(S)
        order = S + ''.join(other_letters)
        result = []
        for letter in order:
            result.extend([letter * letter_count[letter]])
        return ''.join(result)
func solution() {
    // Implementation in Go
    fmt.Println(""Hello, World!"")
}","go"
"package main

// Original Python code transformed to Go
// class Solution:
    def numMatchingSubseq(self, s: str, words: List[str]) -> int:
        def isSubSeq(s1, s2):
            iter = 0
            
            for index, val in enumerate(s1):
                if val == s2[iter]:
                    iter += 1
                    
                if iter == len(s2):
                    break
            
            return iter == len(s2)
        
        return sum([1 if isSubSeq(s, w) else 0 for w in words])
func solution() {
    // Implementation in Go
    fmt.Println(""Hello, World!"")
}","go"
"package main

// Original Python code transformed to Go
// class Solution:

    def preimageSizeFZF(self, k: int) -> int:
        if k < 5:
            return 5
        elif k == 5:
            return 0
        left, right = 4, 5 * k
        while left < right:
            middle = (left + right) // 2
            zeros = sum(middle // pow(5, p)
                        for p in range(1, int(log(middle, 5)) + 1))
            if zeros < k:
                left = middle + 1
            elif zeros > k:
                right = middle - 1
            else:
                return 5
        return 0
func solution() {
    // Implementation in Go
    fmt.Println(""Hello, World!"")
}","go"
"package main

// Original Python code transformed to Go
// class Solution:
    def validTicTacToe(self, b: List[str]) -> bool:
    	T, w = {'XXX':0, 'OOO':0}, """".join(b).count('X') - """".join(b).count('O')
    	for i in [0,1,2]: T[b[0][i]+b[1][i]+b[2][i]], T[b[i][0]+b[i][1]+b[i][2]], T[b[0][2*i//2]+b[1][1]+b[2][2*(1-i//2)]] = 1, 1, 1
    	return False if (w not in [0,1]) or (T['XXX'] == 1 and w != 1) or (T['OOO'] == 1 and w != 0) else True
		
		
- Junaid Mansuri
(LeetCode ID)@hotmail.com
func solution() {
    // Implementation in Go
    fmt.Println(""Hello, World!"")
}","go"
"package main

// Original Python code transformed to Go
// class Solution:
    def numSubarrayBoundedMax(self, nums: List[int], left: int, right: int) -> int:
        ans, prev = 0, 0
        i, j = 0, 0
        n = len(nums)
        
        for j in range(n):
            if left <= nums[j] <= right:
                prev = (j-i+1)
                ans += prev
            elif nums[j] < left:
                ans += prev
            else:
                i, prev = j+1, 0
        
        return ans
func solution() {
    // Implementation in Go
    fmt.Println(""Hello, World!"")
}","go"
"package main

// Original Python code transformed to Go
// class Solution:
    def rotateString(self, s: str, goal: str) -> bool:
        if len(s) == len(goal):
            x = 2*s
            return goal in x
        return False
func solution() {
    // Implementation in Go
    fmt.Println(""Hello, World!"")
}","go"
"package main

// Original Python code transformed to Go
// class Solution:
    def allPathsSourceTarget(self, graph: List[List[int]]) -> List[List[int]]:
        total = [[0]]
        ans = []
        target = len(graph) - 1
        while total: # start BFS
            itr = total.pop(0)
            last = itr[-1]
            possible = graph[last]
            if not possible: #not possible means no valid edge stars with the end of this path
                continue
            for i in possible:
                if i == target: #find valid path, concact the target, and append it to answer
                    ans.append(itr + [target])
                    continue
                total.append(itr + [i]) #add all pending path to the end of the queue
        return ans
func solution() {
    // Implementation in Go
    fmt.Println(""Hello, World!"")
}","go"
"package main

// Original Python code transformed to Go
// class Solution:
    def bestRotation(self, nums: List[int]) -> int:
        diff = [1] * len(nums)
        for i, x in enumerate(nums): 
            diff[(i-x+1) % len(nums)] -= 1
        prefix = list(accumulate(diff))
        return prefix.index(max(prefix))
func solution() {
    // Implementation in Go
    fmt.Println(""Hello, World!"")
}","go"
"package main

// Original Python code transformed to Go
// class Solution:
    def champagneTower(self, poured: int, query_row: int, query_glass: int) -> float:
        
        
        dp =[ [0]*row for row in range(1,100+2) ]
        
        
        dp[0][0] = poured
        
        
        for i in range(query_row+1):
            
            for j in range(i+1):# calculating the amount of liquid which will left after completely filling this cup
                
                left = (dp[i][j] -1)/2
                
                if left >0:
                    dp[i+1][j]+=left
                    dp[i+1][j+1]+=left
                    
        return min(1, dp[query_row][query_glass])
func solution() {
    // Implementation in Go
    fmt.Println(""Hello, World!"")
}","go"
"package main

// Original Python code transformed to Go
// class Solution:
    def minSwap(self, nums1: List[int], nums2: List[int]) -> int:
        dp = [[-1]*2 for i in range(len(nums1))]
        
        def solve(prev1, prev2, i, swaped):
            if i >= len(nums1): return 0
            if dp[i][swaped] != -1: return dp[i][swaped]
                        
            ans = 2**31
            
            # No Swap
            if nums1[i] > prev1 and nums2[i] > prev2:
                ans = solve(nums1[i], nums2[i], i+1, 0) 
            
            # Swap
            if nums1[i] > prev2 and nums2[i] > prev1:
                ans = min(ans, 1 + solve(nums2[i], nums1[i], i+1, 1)) 
            
            dp[i][swaped] = ans
            return ans
        
        return solve(-1, -1, 0, 0)
func solution() {
    // Implementation in Go
    fmt.Println(""Hello, World!"")
}","go"
"package main

// Original Python code transformed to Go
// class Solution:
    
    def is_cycle(self, graph: List[List[int]], node: int, is_visited: Set, is_safe: Set) -> bool:
        
        # IF node is already visited, return cycle detected true
        if node in is_visited:
            return True
        
        # IF node is already explored, and no cycle detected, return False
        if node in is_safe:
            return False
        
        # Add node to is_visited set
        is_visited.add(node)
        
        # Try to detect cycle in path of adjacent nodes
        for adj_node in graph[node]:
            if self.is_cycle(graph, adj_node, is_visited, is_safe):
                return True
        
        # Backtrack: Very important, as there can be many paths going through the same node.
        # And we might not have explored all of them. So remove the node from the visited set
        # and mark it as safe
        is_visited.remove(node)
        
        # Mark node as safe, as no cycle detected in its path
        is_safe.add(node)
        
        return False
    
    def eventualSafeNodes(self, graph: List[List[int]]) -> List[int]:
        
        # Init
        is_safe = set()
        is_visited = set()
        
        # Try to detect cycle for all the nodes
        for node in range(len(graph)):
            if node not in is_visited:
                self.is_cycle(graph, node, is_visited, is_safe)
                
        # Make sorted array of is_safe set
        is_safe = sorted(list(is_safe))
        
        return is_safe
func solution() {
    // Implementation in Go
    fmt.Println(""Hello, World!"")
}","go"
"package main

// Original Python code transformed to Go
// class Solution:
    def uniqueMorseRepresentations(self, words: List[str]) -> int:
        code=["".-"",""-..."",""-.-."",""-.."",""."",""..-."",""--."",""...."","".."","".---"",""-.-"","".-.."",""--"",""-."",""---"","".--."",""--.-"","".-."",""..."",""-"",""..-"",""...-"","".--"",""-..-"",""-.--"",""--..""]
        transformation=set()
        for word in words:
            s=''
            for letter in word:
                s=s+code[ord(letter)-97]
            transformation.add(s)
        return len(transformation)
func solution() {
    // Implementation in Go
    fmt.Println(""Hello, World!"")
}","go"
"package main

// Original Python code transformed to Go
// class Solution:
    def splitArraySameAverage(self, A: List[int]) -> bool:
        A.sort()
        DP=[set() for _ in range(len(A)//2+1)]    #DP[i] stores the all available sum with i items in a bracket
        all_sum=sum(A)
        DP[0]=set([0])
        for item in A:                  #iterate over items in the list
            for count in range(len(DP)-2,-1,-1):          # iterate backwards w.r.t. the bracket size
                if len(DP[count])>0:                             # if DP[i] is not empty, then update DP[i+1] by adding the current item into all sums in DP[i]
                    for a in DP[count]:
                        DP[count+1].add(a+item)
        for size in range(1,len(DP)):
            if all_sum*size/len(A) in DP[size]:
                return True
        return False
func solution() {
    // Implementation in Go
    fmt.Println(""Hello, World!"")
}","go"
"package main

// Original Python code transformed to Go
// class Solution:
    def numberOfLines(self, widths: List[int], s: str) -> List[int]:
        letter_w = {chr(97 + i): widths[i] for i in range(26)}
        n_lines = line_len = 0
        for c in s:
            line_len += letter_w[c]
            if line_len > 100:
                n_lines += 1
                line_len = letter_w[c]
        return [n_lines + (line_len > 0), line_len]
func solution() {
    // Implementation in Go
    fmt.Println(""Hello, World!"")
}","go"
"package main

// Original Python code transformed to Go
// class Solution:
    def maxIncreaseKeepingSkyline(self, grid: List[List[int]]) -> int:
        # the vertical skyline is the max # of each column
        # the horizontal skyline is the max # of each row
        
        # a building's height should be min(max of that row, max of that column)
        
        size = len(grid)
        
        columns = rows_to_columns(grid)
        
        row_maxs = list(max(row) for row in grid) # horizontal skyline
        
        column_maxs = list(max(column) for column in columns) # vertical skyline
        
        total_increase = 0
        
        for row in range(size):
            row_max = row_maxs[row]
            for column in range(size):
                column_max = column_maxs[column]
                max_height = min(column_max, row_max)
                actual_height = grid[row][column]
                total_increase += max_height - actual_height
                
        return total_increase
                
def rows_to_columns(grid: List[List[int]]):
    columns = []
    for i in range(len(grid)):
        column = []
        for row in grid:
            column.append(row[i])
        columns.append(column)
    return columns
func solution() {
    // Implementation in Go
    fmt.Println(""Hello, World!"")
}","go"
"package main

// Original Python code transformed to Go
// class Solution:
    def soupServings(self, n: int) -> float:
        if n >= 4276: return 1.0

        @lru_cache(None)
        def f(a: int, b: int)->float:
            if a <= 0 and b <= 0: return 0.5
            if a <= 0: return 1
            if b <= 0: return 0
            return (f(a-100,b) + f(a-75,b-25) + f(a-50,b-50) + f(a-25,b-75))*.25
        
        return f(n,n)
func solution() {
    // Implementation in Go
    fmt.Println(""Hello, World!"")
}","go"
"package main

// Original Python code transformed to Go
// class Solution:
    def expressiveWords(self, S: str, W: List[str]) -> int:
        LW, C, n = len(W), [], 0
        for s in [S]+W:
            C.append([[],[]])
            for k,g in itertools.groupby(s): C[-1][0].append(k), C[-1][1].append(len(list(g)))
        LC = len(C[0][0])
        for i in range(1,LW+1):
            if C[0][0] != C[i][0]: continue
            for j in range(LC):
                if C[i][1][j] > C[0][1][j] or (C[i][1][j] < C[0][1][j] and C[0][1][j] == 2): break
            else: n += 1
        return n
                
				
- Junaid Mansuri
func solution() {
    // Implementation in Go
    fmt.Println(""Hello, World!"")
}","go"
"package main

// Original Python code transformed to Go
// class Solution:
    def xorGame(self, nums: List[int]) -> bool:
        return reduce(xor, nums) == 0 or not len(nums)&amp;1
func solution() {
    // Implementation in Go
    fmt.Println(""Hello, World!"")
}","go"
"package main

// Original Python code transformed to Go
// class Solution:
    def subdomainVisits(self, cpdomains: List[str]) -> List[str]:
        d= {}
        for cpdomain in cpdomains:
            page = """"      
            count, full_page = cpdomain.split(' ')
            sub_doms = full_page.split('.')[::-1]
            curr_page =""""
            for dom in  sub_doms:
                curr_page = dom + curr_page
                if curr_page in d:
                    d[curr_page]  += int(count)
                else:
                    d[curr_page]  = int(count)
                curr_page = '.' + curr_page                
        return [  "" "".join([str(count), site]) for site,count in d.items()]
func solution() {
    // Implementation in Go
    fmt.Println(""Hello, World!"")
}","go"
"package main

// Original Python code transformed to Go
// class Solution:
    def largestTriangleArea(self, points: List[List[int]]) -> float:
        def area(x1, y1, x2, y2, x3, y3):
            return abs(x1*(y2 - y3) + x2*(y3 - y1) + x3*(y1 - y2)) / 2
        
        n = len(points)
        res = 0
        for i in range(n - 2):
            x1, y1 = points[i]
            for j in range(i + 1, n - 1):
                x2, y2 = points[j]
                for k in range(j + 1, n):
                    x3, y3 = points[k]
                    res = max(res, area(x1, y1, x2, y2, x3, y3))
        
        return res
func solution() {
    // Implementation in Go
    fmt.Println(""Hello, World!"")
}","go"
"package main

// Original Python code transformed to Go
// class Solution:
    def largestSumOfAverages(self, A: List[int], K: int) -> float:
        s=[0]
        for i in A:
            s.append(i+s[-1]);
        n=len(s);
        mini= -200000
        d={};
        def fun(old,new,k):
            temp=(old,new,k);
            if(temp in d.keys()): return d[temp]
            if(new>=n) or (old>=n):
                return mini;
            if(k==1):
                return (s[-1]-s[old])/(n-1-old);
            d[temp]= max(fun(old,new+1,k),fun(new,new+1,k-1)+((s[new]-s[old])/(new-old)) );
            return d[temp]
        return fun(0,1,K);
		```
func solution() {
    // Implementation in Go
    fmt.Println(""Hello, World!"")
}","go"
"package main

// Original Python code transformed to Go
// class Solution:
    def pruneTree(self, root: TreeNode) -> TreeNode:
		# Base case - return None if node does not exist
        if root is None:
            return None
        else:
			# recursively traverse the left and right subtrees 
            root.left = self.pruneTree(root.left)
            root.right = self.pruneTree(root.right)
			
			# Condition to check if subtree doesn't have 1 as node value i.e root.val == 0
            if root.left is None and root.right is None and root.val == 0:
                return None
            else:
                return root
func solution() {
    // Implementation in Go
    fmt.Println(""Hello, World!"")
}","go"
"package main

// Original Python code transformed to Go
// class Solution:
    def numBusesToDestination(self, routes: List[List[int]], source: int, target: int) -> int:
        if source == target:
            return 0
        set_routes = [set(route) for route in routes]
        start_buses = [i for i, s in enumerate(set_routes) if source in s]
        state = set()
        for i in start_buses[::-1]:
            state.update(set_routes.pop(i))
        if target in state:
            return 1
        n_buses = 1
        while state:
            new_state = set()
            n_buses += 1
            new_busses = [i for i, s in enumerate(set_routes) if state &amp; s]
            for i in new_busses[::-1]:
                new_state.update(set_routes.pop(i))
            if target in new_state:
                return n_buses
            state = new_state
        return -1
func solution() {
    // Implementation in Go
    fmt.Println(""Hello, World!"")
}","go"
"package main

// Original Python code transformed to Go
// class Solution:
    def ambiguousCoordinates(self, s: str) -> List[str]:
        s = s[1:-1]
        sp = [(s[:x], s[x:]) for x in range(1,len(s))]
        o = []
        for left, right in sp:
            la = []
            if left[0] == '0' and len(left) > 1 and set(left) != set([""0""]):
                if left[1:][-1] != '0':                
                    la.append((left[:1] + '.' + left[1:]))
            else:
                if (len(left) > 1 and set(left) != set([""0""])) or len(left) == 1:
                    la.append(left)
                    for y in range(1, len(left)):
                        if int(left[y:]) != 0 and left[y:][-1] != '0':
                            la.append((left[:y] + '.' + left[y:]))
                            
            ra = []
            if right[0] == '0' and len(right) > 1 and set(right) != set([""0""]):
                if right[1:][-1] != '0':
                    o += [""(%s, %s)""%(i, (right[:1] + '.' + right[1:])) for i in la]
            else:
                if (len(right) > 1 and set(right) != set([""0""])) or len(right) == 1:                 
                    o += [""(%s, %s)""%(i, right) for i in la]
                    for y in range(1, len(right)):
                        if int(right[y:]) != 0 and right[y:][-1] != '0':
                            rightside = right[:y] + '.' + right[y:]
                            o += [""(%s, %s)""%(i, rightside) for i in la]
                    
        return o
func solution() {
    // Implementation in Go
    fmt.Println(""Hello, World!"")
}","go"
"package main

// Original Python code transformed to Go
// class Solution:
    def racecar(self, target: int) -> int:
        dq=deque([(0,0,1)])
        while dq:
            move,pos,speed=dq.popleft()
            if pos==target:
                return move
            dq.append((move+1,pos+speed,speed*2))
            if (pos+speed>target and speed>0) or pos+speed<target and speed<0:
                speed=-1 if speed>0 else 1
                dq.append((move+1,pos,speed))
            else:
                continue
func solution() {
    // Implementation in Go
    fmt.Println(""Hello, World!"")
}","go"
"package main

// Original Python code transformed to Go
// class Solution:
    def mostCommonWord(self, paragraph: str, banned: List[str]) -> str:
        result = ''
        word_count = {}
        
        # Replace all puctuations with white spaces
        paragraph = paragraph.lower()\
                             .replace('!', ' ')\
                             .replace('?', ' ')\
                             .replace('\'', ' ')\
                             .replace(',', ' ')\
                             .replace(';', ' ')\
                             .replace('.', ' ')
        
        # Split paragraph by white spaces (irrespective of the nubmer of white spaces)
        for w in paragraph.split():
            if w not in banned: # Optional: can use set() to drop duplicates in banned
                # Increase word count
                word_count[w] = word_count.get(w, 0) + 1
                
                # If new word has a count greater than previous word then replace resulting word
                if word_count[w] > word_count.get(result, 0): 
                    result = w
        
        return result
func solution() {
    // Implementation in Go
    fmt.Println(""Hello, World!"")
}","go"
"package main

// Original Python code transformed to Go
// class Solution:
    def minimumLengthEncoding(self, words: List[str]) -> int:
        words = sorted(words,key=len)
        #print(words)
        ret = ''
        for w in words[::-1]:
            if (w+'#') not in ret:
                ret = ret + w +'#'
        #print(ret)
        return len(ret)
func solution() {
    // Implementation in Go
    fmt.Println(""Hello, World!"")
}","go"
"package main

// Original Python code transformed to Go
// class Solution:
    def shortestToChar(self, S: str, C: str) -> List[int]:
        l=[]
        x=[]
        for i in range(len(S)):
            if(S[i]==C):
                l.append(i)
        a=l[0]
        b=l[len(l)-1]
        k=0
        for i in range(len(S)):
            if(i<a):
                x.append(a-i)
            elif(i>b):
                x.append(i-b)
            else:
                if(i==l[k]):
                    x.append(0)
                    if(k<len(l)-1):
                        k+=1
                        continue
                else:
                    x.append(min(i-l[k-1],l[k]-i))
        return x
func solution() {
    // Implementation in Go
    fmt.Println(""Hello, World!"")
}","go"
"package main

// Original Python code transformed to Go
// class Solution:
    def flipgame(self, f: List[int], b: List[int]) -> int:
    	return min(set(f+b)-set(f[i] for i in range(len(f)) if f[i] == b[i]), default = 0)
		
		
- Junaid Mansuri
(LeetCode ID)@hotmail.com
func solution() {
    // Implementation in Go
    fmt.Println(""Hello, World!"")
}","go"
"package main

// Original Python code transformed to Go
// class Solution:
    def numFactoredBinaryTrees(self, arr: List[int]) -> int:
        
        arr.sort()
        
        memo={}
        memo[arr[0]] = 1
        
        for i in range(1, len(arr)):
            count = 1
            for j in range(0, i):
                if arr[i]/arr[j] in memo:
                    count+=memo[arr[j]]*memo[arr[i]/arr[j]]
            memo[arr[i]] = count
        return sum(memo.values()) % (10**9+7)
func solution() {
    // Implementation in Go
    fmt.Println(""Hello, World!"")
}","go"
"package main

// Original Python code transformed to Go
// class Solution:
    def toGoatLatin(self, sentence: str) -> str:
        
        #vars
        output = ''
        goatword = ''
        vowles = list(['a', 'e', 'i', 'o', 'u'])

        #enumerate and iterate
        for idx, word in enumerate(sentence.split(' ')):
            goatword = ''
            if word[0:1].lower() in vowles:
                goatword = word+'ma'
            elif word[0:1].lower() not in vowles:
                goatword = word[1:len(word)]+word[0:1]+'ma'

            #add extra a based on word position
            goatword = goatword + 'a'*(idx+1) + ' '

            #update output word
            output = output + goatword

        return(output.rstrip())
func solution() {
    // Implementation in Go
    fmt.Println(""Hello, World!"")
}","go"
"package main

// Original Python code transformed to Go
// class Solution:
    def numFriendRequests(self, ages: List[int]) -> int:
        requests = 0
        ages_le = [0 for _ in range(121)]
        for age in ages:
            ages_le[age] += 1
        for index in range(1, 121):
            ages_le[index] += ages_le[index-1]
        for age in ages:
            age_lower_bound = int(age//2) + 8
            age_upper_bound = age
            too_young = 0
            if age_lower_bound > age_upper_bound:
                continue
            if age_lower_bound < 0:
                continue
            elif age_lower_bound > 0:
                too_young = ages_le[age_lower_bound-1]
            requests += ages_le[age_upper_bound] - 1 - too_young
        return requests
func solution() {
    // Implementation in Go
    fmt.Println(""Hello, World!"")
}","go"
"package main

// Original Python code transformed to Go
// class Solution:
    def maxProfitAssignment(self, difficulty: List[int], profit: List[int], worker: List[int]) -> int:
        d = defaultdict(int)
        for k,v in zip(difficulty,profit):
            d[k] = max(d[k],v)
        bucket = [0 for _ in range(max(worker)+1)]
        val = 0
        for i in range(len(bucket)):
            if i in d:
                val = max(val,d[i])
            bucket[i] = val
        return sum([bucket[w] for w in worker])
func solution() {
    // Implementation in Go
    fmt.Println(""Hello, World!"")
}","go"
